2026-07-01 08:33:05 INFO  [MetadataApp] P2 Metadata démarré — broker=localhost:5672 | en attente sur 'queue.new-files'
2026-07-01 08:57:42 INFO  [MetadataApp] P2 Metadata démarré — broker=localhost:5672 | en attente sur 'queue.new-files'
2026-07-01 09:04:35 INFO  [MetadataApp] Métadonnées extraites : Ankino.mp3 — titre='Ankino', artiste='Bodo', genre='Pop', durée=231s
2026-07-01 09:04:35 INFO  [MetadataApp] Métadonnées extraites : Antanambao.MP3 — titre='Antanambao', artiste='Bekoto Augustin', genre='Folk', durée=175s
2026-07-01 09:04:35 INFO  [MetadataApp] Métadonnées extraites : IAO.MP3 — titre='IAO', artiste='ROSSY', genre='salegy', durée=229s
2026-07-01 09:13:56 INFO  [MetadataApp] P2 Metadata démarré — broker=localhost:5672 | en attente sur 'queue.new-files'
2026-07-01 09:15:38 INFO  [MetadataApp] Métadonnées extraites : Ankino.mp3 — titre='Ankino', artiste='Bodo', genre='Pop', durée=231s
2026-07-01 09:15:39 INFO  [MetadataApp] Métadonnées extraites : Antanambao.MP3 — titre='Antanambao', artiste='Bekoto Augustin', genre='Folk', durée=175s
2026-07-01 09:15:39 INFO  [MetadataApp] Métadonnées extraites : IAO.MP3 — titre='IAO', artiste='ROSSY', genre='salegy', durée=229s
2026-07-01 09:16:28 INFO  [MetadataApp] Métadonnées extraites : Kerchak - Femmes.mp3 — titre='null', artiste='null', genre='null', durée=132s
2026-07-01 09:16:28 INFO  [MetadataApp] Métadonnées extraites : Kerchak - Peur feat. @ZiakCC (Clip Officiel).mp3 — titre='null', artiste='null', genre='null', durée=191s
2026-07-01 09:29:56 INFO  [MetadataApp] P2 Metadata démarré — broker=localhost:5672 | en attente sur 'queue.new-files'
2026-07-01 09:30:00 INFO  [MetadataApp] Métadonnées extraites : Ankino.mp3 — titre='Ankino', artiste='Bodo', genre='Pop', durée=231s
2026-07-01 09:30:00 INFO  [MetadataApp] Métadonnées extraites : Antanambao.MP3 — titre='Antanambao', artiste='Bekoto Augustin', genre='Folk', durée=175s
2026-07-01 09:30:00 INFO  [MetadataApp] Métadonnées extraites : IAO.MP3 — titre='IAO', artiste='ROSSY', genre='salegy', durée=229s
2026-07-01 09:30:00 INFO  [MetadataApp] Métadonnées extraites : Kerchak - Femmes.mp3 — titre='null', artiste='null', genre='null', durée=132s
2026-07-01 09:30:00 INFO  [MetadataApp] Métadonnées extraites : Kerchak - Peur feat. @ZiakCC (Clip Officiel).mp3 — titre='null', artiste='null', genre='null', durée=191s
2026-07-01 09:33:09 INFO  [MetadataApp] Métadonnées extraites : Ankino.mp3 — titre='Ankino', artiste='Bodo', genre='Pop', durée=231s
2026-07-01 09:33:09 INFO  [MetadataApp] Métadonnées extraites : Antanambao.MP3 — titre='Antanambao', artiste='Bekoto Augustin', genre='Folk', durée=175s
2026-07-01 09:33:09 INFO  [MetadataApp] Métadonnées extraites : IAO.MP3 — titre='IAO', artiste='ROSSY', genre='salegy', durée=229s
2026-07-01 09:34:19 INFO  [MetadataApp] Métadonnées extraites : Ankino.mp3 — titre='Ankino', artiste='Bodo', genre='Pop', durée=231s
2026-07-01 09:34:19 INFO  [MetadataApp] Métadonnées extraites : Antanambao.MP3 — titre='Antanambao', artiste='Bekoto Augustin', genre='Folk', durée=175s
2026-07-01 09:34:19 INFO  [MetadataApp] Métadonnées extraites : IAO.MP3 — titre='IAO', artiste='ROSSY', genre='salegy', durée=229s
2026-07-01 09:37:23 INFO  [MetadataApp] P2 Metadata démarré — broker=localhost:5672 | en attente sur 'queue.new-files'
2026-07-01 09:38:16 INFO  [MetadataApp] Métadonnées extraites : Kerchak - Femmes.mp3 — titre='null', artiste='null', genre='null', durée=132s
2026-07-01 09:38:16 INFO  [MetadataApp] Métadonnées extraites : Kerchak - Peur feat. @ZiakCC (Clip Officiel).mp3 — titre='null', artiste='null', genre='null', durée=191s
2026-07-01 09:40:16 INFO  [MetadataApp] Métadonnées extraites : Ankino.mp3 — titre='Ankino', artiste='Bodo', genre='Pop', durée=231s
2026-07-01 09:40:16 INFO  [MetadataApp] Métadonnées extraites : Antanambao.MP3 — titre='Antanambao', artiste='Bekoto Augustin', genre='Folk', durée=175s
2026-07-01 09:40:16 INFO  [MetadataApp] Métadonnées extraites : IAO.MP3 — titre='IAO', artiste='ROSSY', genre='salegy', durée=229s
2026-07-01 09:44:56 INFO  [MetadataApp] Métadonnées extraites : Kerchak - Femmes.mp3 — titre='null', artiste='null', genre='null', durée=132s
2026-07-01 09:44:56 INFO  [MetadataApp] Métadonnées extraites : Kerchak - Peur feat. @ZiakCC (Clip Officiel).mp3 — titre='null', artiste='null', genre='null', durée=191s
2026-07-01 09:50:56 INFO  [MetadataApp] Métadonnées extraites : Ankino.mp3 — titre='Ankino', artiste='Bodo', genre='Pop', durée=231s
2026-07-01 09:50:56 INFO  [MetadataApp] Métadonnées extraites : Antanambao.MP3 — titre='Antanambao', artiste='Bekoto Augustin', genre='Folk', durée=175s
2026-07-01 09:50:56 INFO  [MetadataApp] Métadonnées extraites : IAO.MP3 — titre='IAO', artiste='ROSSY', genre='salegy', durée=229s
2026-07-01 09:52:36 INFO  [MetadataApp] Métadonnées extraites : Kerchak - Femmes.mp3 — titre='null', artiste='null', genre='null', durée=132s
2026-07-01 09:52:36 INFO  [MetadataApp] Métadonnées extraites : Kerchak - Peur feat. @ZiakCC (Clip Officiel) - Copie.mp3 — titre='null', artiste='null', genre='null', durée=191s
2026-07-01 09:52:36 INFO  [MetadataApp] Métadonnées extraites : Kerchak - Peur feat. @ZiakCC (Clip Officiel).mp3 — titre='null', artiste='null', genre='null', durée=191s
2026-07-01 09:56:46 INFO  [MetadataApp] Métadonnées extraites : Kerchak - Femmes.mp3 — titre='null', artiste='null', genre='null', durée=132s
2026-07-01 09:56:46 INFO  [MetadataApp] Métadonnées extraites : Kerchak - Peur feat. @ZiakCC (Clip Officiel) - Copie.mp3 — titre='null', artiste='null', genre='null', durée=191s
2026-07-01 10:05:56 INFO  [MetadataApp] Métadonnées extraites : Ankino.mp3 — titre='Ankino', artiste='Bodo', genre='Pop', durée=231s
2026-07-01 10:05:56 INFO  [MetadataApp] Métadonnées extraites : Antanambao.MP3 — titre='Antanambao', artiste='Bekoto Augustin', genre='Folk', durée=175s
2026-07-01 10:05:56 INFO  [MetadataApp] Métadonnées extraites : IAO.MP3 — titre='IAO', artiste='ROSSY', genre='salegy', durée=229s
2026-07-01 10:13:09 INFO  [MetadataApp] P2 Metadata démarré — broker=localhost:5672 | en attente sur 'queue.new-files'
2026-07-01 10:13:10 INFO  [MetadataApp] Métadonnées extraites : Ankino.mp3 — titre='Ankino', artiste='Bodo', genre='Pop', durée=231s
2026-07-01 10:13:10 INFO  [MetadataApp] Métadonnées extraites : Antanambao.MP3 — titre='Antanambao', artiste='Bekoto Augustin', genre='Folk', durée=175s
2026-07-01 10:13:10 INFO  [MetadataApp] Métadonnées extraites : IAO.MP3 — titre='IAO', artiste='ROSSY', genre='salegy', durée=229s
2026-07-01 10:13:10 INFO  [MetadataApp] Métadonnées extraites : Ankino.mp3 — titre='Ankino', artiste='Bodo', genre='Pop', durée=231s
2026-07-01 10:13:10 INFO  [MetadataApp] Métadonnées extraites : Antanambao.MP3 — titre='Antanambao', artiste='Bekoto Augustin', genre='Folk', durée=175s
2026-07-01 10:13:10 INFO  [MetadataApp] Métadonnées extraites : IAO.MP3 — titre='IAO', artiste='ROSSY', genre='salegy', durée=229s
2026-07-01 10:13:10 INFO  [MetadataApp] Métadonnées extraites : Ankino.mp3 — titre='Ankino', artiste='Bodo', genre='Pop', durée=231s
2026-07-01 10:13:10 INFO  [MetadataApp] Métadonnées extraites : Antanambao.MP3 — titre='Antanambao', artiste='Bekoto Augustin', genre='Folk', durée=175s
2026-07-01 10:13:10 INFO  [MetadataApp] Métadonnées extraites : IAO.MP3 — titre='IAO', artiste='ROSSY', genre='salegy', durée=229s
2026-07-01 10:13:10 INFO  [MetadataApp] Métadonnées extraites : Ankino.mp3 — titre='Ankino', artiste='Bodo', genre='Pop', durée=231s
2026-07-01 10:13:10 INFO  [MetadataApp] Métadonnées extraites : Antanambao.MP3 — titre='Antanambao', artiste='Bekoto Augustin', genre='Folk', durée=175s
2026-07-01 10:13:10 INFO  [MetadataApp] Métadonnées extraites : IAO.MP3 — titre='IAO', artiste='ROSSY', genre='salegy', durée=229s
2026-07-01 10:13:10 INFO  [MetadataApp] Métadonnées extraites : Ankino.mp3 — titre='Ankino', artiste='Bodo', genre='Pop', durée=231s
2026-07-01 10:13:11 INFO  [MetadataApp] Métadonnées extraites : Antanambao.MP3 — titre='Antanambao', artiste='Bekoto Augustin', genre='Folk', durée=175s
2026-07-01 10:13:11 INFO  [MetadataApp] Métadonnées extraites : IAO.MP3 — titre='IAO', artiste='ROSSY', genre='salegy', durée=229s
2026-07-01 10:13:11 INFO  [MetadataApp] Métadonnées extraites : Ankino.mp3 — titre='Ankino', artiste='Bodo', genre='Pop', durée=231s
2026-07-01 10:13:11 INFO  [MetadataApp] Métadonnées extraites : Antanambao.MP3 — titre='Antanambao', artiste='Bekoto Augustin', genre='Folk', durée=175s
2026-07-01 10:13:11 INFO  [MetadataApp] Métadonnées extraites : IAO.MP3 — titre='IAO', artiste='ROSSY', genre='salegy', durée=229s
2026-07-01 10:13:11 INFO  [MetadataApp] Métadonnées extraites : Ankino.mp3 — titre='Ankino', artiste='Bodo', genre='Pop', durée=231s
2026-07-01 10:13:11 INFO  [MetadataApp] Métadonnées extraites : Antanambao.MP3 — titre='Antanambao', artiste='Bekoto Augustin', genre='Folk', durée=175s
2026-07-01 10:13:11 INFO  [MetadataApp] Métadonnées extraites : IAO.MP3 — titre='IAO', artiste='ROSSY', genre='salegy', durée=229s
2026-07-01 10:13:11 INFO  [MetadataApp] Métadonnées extraites : Ankino.mp3 — titre='Ankino', artiste='Bodo', genre='Pop', durée=231s
2026-07-01 10:13:11 INFO  [MetadataApp] Métadonnées extraites : Antanambao.MP3 — titre='Antanambao', artiste='Bekoto Augustin', genre='Folk', durée=175s
2026-07-01 10:13:11 INFO  [MetadataApp] Métadonnées extraites : IAO.MP3 — titre='IAO', artiste='ROSSY', genre='salegy', durée=229s
2026-07-01 10:13:11 INFO  [MetadataApp] Métadonnées extraites : Ankino.mp3 — titre='Ankino', artiste='Bodo', genre='Pop', durée=231s
2026-07-01 10:13:11 INFO  [MetadataApp] Métadonnées extraites : Antanambao.MP3 — titre='Antanambao', artiste='Bekoto Augustin', genre='Folk', durée=175s
2026-07-01 10:13:11 INFO  [MetadataApp] Métadonnées extraites : IAO.MP3 — titre='IAO', artiste='ROSSY', genre='salegy', durée=229s
2026-07-01 10:13:11 INFO  [MetadataApp] Métadonnées extraites : Ankino.mp3 — titre='Ankino', artiste='Bodo', genre='Pop', durée=231s
2026-07-01 10:13:11 INFO  [MetadataApp] Métadonnées extraites : Antanambao.MP3 — titre='Antanambao', artiste='Bekoto Augustin', genre='Folk', durée=175s
2026-07-01 10:13:11 INFO  [MetadataApp] Métadonnées extraites : IAO.MP3 — titre='IAO', artiste='ROSSY', genre='salegy', durée=229s
2026-07-01 10:13:11 INFO  [MetadataApp] Métadonnées extraites : Ankino.mp3 — titre='Ankino', artiste='Bodo', genre='Pop', durée=231s
2026-07-01 10:13:11 INFO  [MetadataApp] Métadonnées extraites : Antanambao.MP3 — titre='Antanambao', artiste='Bekoto Augustin', genre='Folk', durée=175s
2026-07-01 10:13:11 INFO  [MetadataApp] Métadonnées extraites : IAO.MP3 — titre='IAO', artiste='ROSSY', genre='salegy', durée=229s
2026-07-01 10:13:12 INFO  [MetadataApp] Métadonnées extraites : Ankino.mp3 — titre='Ankino', artiste='Bodo', genre='Pop', durée=231s
2026-07-01 10:13:12 INFO  [MetadataApp] Métadonnées extraites : Antanambao.MP3 — titre='Antanambao', artiste='Bekoto Augustin', genre='Folk', durée=175s
2026-07-01 10:13:12 INFO  [MetadataApp] Métadonnées extraites : IAO.MP3 — titre='IAO', artiste='ROSSY', genre='salegy', durée=229s
2026-07-01 10:13:12 INFO  [MetadataApp] Métadonnées extraites : Ankino.mp3 — titre='Ankino', artiste='Bodo', genre='Pop', durée=231s
2026-07-01 10:13:12 INFO  [MetadataApp] Métadonnées extraites : Antanambao.MP3 — titre='Antanambao', artiste='Bekoto Augustin', genre='Folk', durée=175s
2026-07-01 10:13:12 INFO  [MetadataApp] Métadonnées extraites : IAO.MP3 — titre='IAO', artiste='ROSSY', genre='salegy', durée=229s
2026-07-01 10:13:12 INFO  [MetadataApp] Métadonnées extraites : Ankino.mp3 — titre='Ankino', artiste='Bodo', genre='Pop', durée=231s
2026-07-01 10:13:12 INFO  [MetadataApp] Métadonnées extraites : Antanambao.MP3 — titre='Antanambao', artiste='Bekoto Augustin', genre='Folk', durée=175s
2026-07-01 10:13:12 INFO  [MetadataApp] Métadonnées extraites : IAO.MP3 — titre='IAO', artiste='ROSSY', genre='salegy', durée=229s
2026-07-01 10:13:12 INFO  [MetadataApp] Métadonnées extraites : Ankino.mp3 — titre='Ankino', artiste='Bodo', genre='Pop', durée=231s
2026-07-01 10:13:12 INFO  [MetadataApp] Métadonnées extraites : Antanambao.MP3 — titre='Antanambao', artiste='Bekoto Augustin', genre='Folk', durée=175s
2026-07-01 10:13:12 INFO  [MetadataApp] Métadonnées extraites : IAO.MP3 — titre='IAO', artiste='ROSSY', genre='salegy', durée=229s
2026-07-01 10:13:12 INFO  [MetadataApp] Métadonnées extraites : Ankino.mp3 — titre='Ankino', artiste='Bodo', genre='Pop', durée=231s
2026-07-01 10:13:12 INFO  [MetadataApp] Métadonnées extraites : Antanambao.MP3 — titre='Antanambao', artiste='Bekoto Augustin', genre='Folk', durée=175s
2026-07-01 10:13:12 INFO  [MetadataApp] Métadonnées extraites : IAO.MP3 — titre='IAO', artiste='ROSSY', genre='salegy', durée=229s
2026-07-01 10:13:12 INFO  [MetadataApp] Métadonnées extraites : Ankino.mp3 — titre='Ankino', artiste='Bodo', genre='Pop', durée=231s
2026-07-01 10:13:12 INFO  [MetadataApp] Métadonnées extraites : Antanambao.MP3 — titre='Antanambao', artiste='Bekoto Augustin', genre='Folk', durée=175s
2026-07-01 10:13:12 INFO  [MetadataApp] Métadonnées extraites : IAO.MP3 — titre='IAO', artiste='ROSSY', genre='salegy', durée=229s
2026-07-01 10:13:12 INFO  [MetadataApp] Métadonnées extraites : Ankino.mp3 — titre='Ankino', artiste='Bodo', genre='Pop', durée=231s
2026-07-01 10:13:13 INFO  [MetadataApp] Métadonnées extraites : Antanambao.MP3 — titre='Antanambao', artiste='Bekoto Augustin', genre='Folk', durée=175s
2026-07-01 10:13:13 INFO  [MetadataApp] Métadonnées extraites : IAO.MP3 — titre='IAO', artiste='ROSSY', genre='salegy', durée=229s
2026-07-01 10:13:13 INFO  [MetadataApp] Métadonnées extraites : Ankino.mp3 — titre='Ankino', artiste='Bodo', genre='Pop', durée=231s
2026-07-01 10:13:13 INFO  [MetadataApp] Métadonnées extraites : Antanambao.MP3 — titre='Antanambao', artiste='Bekoto Augustin', genre='Folk', durée=175s
2026-07-01 10:13:13 INFO  [MetadataApp] Métadonnées extraites : IAO.MP3 — titre='IAO', artiste='ROSSY', genre='salegy', durée=229s
2026-07-01 10:13:13 INFO  [MetadataApp] Métadonnées extraites : Ankino.mp3 — titre='Ankino', artiste='Bodo', genre='Pop', durée=231s
2026-07-01 10:13:13 INFO  [MetadataApp] Métadonnées extraites : Antanambao.MP3 — titre='Antanambao', artiste='Bekoto Augustin', genre='Folk', durée=175s
2026-07-01 10:13:13 INFO  [MetadataApp] Métadonnées extraites : IAO.MP3 — titre='IAO', artiste='ROSSY', genre='salegy', durée=229s
2026-07-01 10:13:13 INFO  [MetadataApp] Métadonnées extraites : Ankino.mp3 — titre='Ankino', artiste='Bodo', genre='Pop', durée=231s
2026-07-01 10:13:13 INFO  [MetadataApp] Métadonnées extraites : Antanambao.MP3 — titre='Antanambao', artiste='Bekoto Augustin', genre='Folk', durée=175s
2026-07-01 10:13:13 INFO  [MetadataApp] Métadonnées extraites : IAO.MP3 — titre='IAO', artiste='ROSSY', genre='salegy', durée=229s
2026-07-01 10:13:13 INFO  [MetadataApp] Métadonnées extraites : Ankino.mp3 — titre='Ankino', artiste='Bodo', genre='Pop', durée=231s
2026-07-01 10:13:13 INFO  [MetadataApp] Métadonnées extraites : Antanambao.MP3 — titre='Antanambao', artiste='Bekoto Augustin', genre='Folk', durée=175s
2026-07-01 10:13:13 INFO  [MetadataApp] Métadonnées extraites : IAO.MP3 — titre='IAO', artiste='ROSSY', genre='salegy', durée=229s
2026-07-01 10:13:13 INFO  [MetadataApp] Métadonnées extraites : Ankino.mp3 — titre='Ankino', artiste='Bodo', genre='Pop', durée=231s
2026-07-01 10:13:13 INFO  [MetadataApp] Métadonnées extraites : Antanambao.MP3 — titre='Antanambao', artiste='Bekoto Augustin', genre='Folk', durée=175s
2026-07-01 10:13:13 INFO  [MetadataApp] Métadonnées extraites : IAO.MP3 — titre='IAO', artiste='ROSSY', genre='salegy', durée=229s
2026-07-01 10:13:13 INFO  [MetadataApp] Métadonnées extraites : Ankino.mp3 — titre='Ankino', artiste='Bodo', genre='Pop', durée=231s
2026-07-01 10:13:13 INFO  [MetadataApp] Métadonnées extraites : Antanambao.MP3 — titre='Antanambao', artiste='Bekoto Augustin', genre='Folk', durée=175s
2026-07-01 10:13:13 INFO  [MetadataApp] Métadonnées extraites : IAO.MP3 — titre='IAO', artiste='ROSSY', genre='salegy', durée=229s
2026-07-01 10:13:14 INFO  [MetadataApp] Métadonnées extraites : Ankino.mp3 — titre='Ankino', artiste='Bodo', genre='Pop', durée=231s
2026-07-01 10:13:14 INFO  [MetadataApp] Métadonnées extraites : Antanambao.MP3 — titre='Antanambao', artiste='Bekoto Augustin', genre='Folk', durée=175s
2026-07-01 10:13:14 INFO  [MetadataApp] Métadonnées extraites : IAO.MP3 — titre='IAO', artiste='ROSSY', genre='salegy', durée=229s
2026-07-01 10:13:14 INFO  [MetadataApp] Métadonnées extraites : Ankino.mp3 — titre='Ankino', artiste='Bodo', genre='Pop', durée=231s
2026-07-01 10:13:14 INFO  [MetadataApp] Métadonnées extraites : Antanambao.MP3 — titre='Antanambao', artiste='Bekoto Augustin', genre='Folk', durée=175s
2026-07-01 10:13:14 INFO  [MetadataApp] Métadonnées extraites : IAO.MP3 — titre='IAO', artiste='ROSSY', genre='salegy', durée=229s
2026-07-01 10:13:22 INFO  [MetadataApp] Métadonnées extraites : Ankino.mp3 — titre='Ankino', artiste='Bodo', genre='Pop', durée=231s
2026-07-01 10:13:22 INFO  [MetadataApp] Métadonnées extraites : Antanambao.MP3 — titre='Antanambao', artiste='Bekoto Augustin', genre='Folk', durée=175s
2026-07-01 10:13:22 INFO  [MetadataApp] Métadonnées extraites : IAO.MP3 — titre='IAO', artiste='ROSSY', genre='salegy', durée=229s
2026-07-01 10:13:32 INFO  [MetadataApp] Métadonnées extraites : Ankino.mp3 — titre='Ankino', artiste='Bodo', genre='Pop', durée=231s
2026-07-01 10:13:42 INFO  [MetadataApp] Métadonnées extraites : Ankino.mp3 — titre='Ankino', artiste='Bodo', genre='Pop', durée=231s
2026-07-01 10:13:52 INFO  [MetadataApp] Métadonnées extraites : Ankino.mp3 — titre='Ankino', artiste='Bodo', genre='Pop', durée=231s
2026-07-01 10:14:02 INFO  [MetadataApp] Métadonnées extraites : Ankino.mp3 — titre='Ankino', artiste='Bodo', genre='Pop', durée=231s
2026-07-01 10:14:12 INFO  [MetadataApp] Métadonnées extraites : Ankino.mp3 — titre='Ankino', artiste='Bodo', genre='Pop', durée=231s
2026-07-01 10:14:22 INFO  [MetadataApp] Métadonnées extraites : Ankino.mp3 — titre='Ankino', artiste='Bodo', genre='Pop', durée=231s
2026-07-01 10:14:32 INFO  [MetadataApp] Métadonnées extraites : Ankino.mp3 — titre='Ankino', artiste='Bodo', genre='Pop', durée=231s
2026-07-01 10:14:42 INFO  [MetadataApp] Métadonnées extraites : Ankino.mp3 — titre='Ankino', artiste='Bodo', genre='Pop', durée=231s
2026-07-01 10:14:52 INFO  [MetadataApp] Métadonnées extraites : Ankino.mp3 — titre='Ankino', artiste='Bodo', genre='Pop', durée=231s
2026-07-01 10:15:02 INFO  [MetadataApp] Métadonnées extraites : Ankino.mp3 — titre='Ankino', artiste='Bodo', genre='Pop', durée=231s
2026-07-01 10:15:02 INFO  [MetadataApp] Métadonnées extraites : Antanambao.MP3 — titre='Antanambao', artiste='Bekoto Augustin', genre='Folk', durée=175s
2026-07-01 10:15:02 INFO  [MetadataApp] Métadonnées extraites : IAO.MP3 — titre='IAO', artiste='ROSSY', genre='salegy', durée=229s
2026-07-01 10:15:12 INFO  [MetadataApp] Métadonnées extraites : Ankino.mp3 — titre='Ankino', artiste='Bodo', genre='Pop', durée=231s
2026-07-01 10:15:12 INFO  [MetadataApp] Métadonnées extraites : Antanambao.MP3 — titre='Antanambao', artiste='Bekoto Augustin', genre='Folk', durée=175s
2026-07-01 10:15:12 INFO  [MetadataApp] Métadonnées extraites : IAO.MP3 — titre='IAO', artiste='ROSSY', genre='salegy', durée=229s
2026-07-01 10:15:22 INFO  [MetadataApp] Métadonnées extraites : Ankino.mp3 — titre='Ankino', artiste='Bodo', genre='Pop', durée=231s
2026-07-01 10:15:22 INFO  [MetadataApp] Métadonnées extraites : Antanambao.MP3 — titre='Antanambao', artiste='Bekoto Augustin', genre='Folk', durée=175s
2026-07-01 10:15:22 INFO  [MetadataApp] Métadonnées extraites : IAO.MP3 — titre='IAO', artiste='ROSSY', genre='salegy', durée=229s
2026-07-01 10:15:32 INFO  [MetadataApp] Métadonnées extraites : Ankino.mp3 — titre='Ankino', artiste='Bodo', genre='Pop', durée=231s
2026-07-01 10:15:32 INFO  [MetadataApp] Métadonnées extraites : Antanambao.MP3 — titre='Antanambao', artiste='Bekoto Augustin', genre='Folk', durée=175s
2026-07-01 10:15:32 INFO  [MetadataApp] Métadonnées extraites : IAO.MP3 — titre='IAO', artiste='ROSSY', genre='salegy', durée=229s
2026-07-01 10:15:42 INFO  [MetadataApp] Métadonnées extraites : Ankino.mp3 — titre='Ankino', artiste='Bodo', genre='Pop', durée=231s
2026-07-01 10:15:52 INFO  [MetadataApp] Métadonnées extraites : Ankino.mp3 — titre='Ankino', artiste='Bodo', genre='Pop', durée=231s
2026-07-01 10:16:02 INFO  [MetadataApp] Métadonnées extraites : Ankino.mp3 — titre='Ankino', artiste='Bodo', genre='Pop', durée=231s
2026-07-01 10:16:12 INFO  [MetadataApp] Métadonnées extraites : Ankino.mp3 — titre='Ankino', artiste='Bodo', genre='Pop', durée=231s
2026-07-01 10:16:22 INFO  [MetadataApp] Métadonnées extraites : Ankino.mp3 — titre='Ankino', artiste='Bodo', genre='Pop', durée=231s
2026-07-01 10:16:32 INFO  [MetadataApp] Métadonnées extraites : Ankino.mp3 — titre='Ankino', artiste='Bodo', genre='Pop', durée=231s
2026-07-01 10:16:42 INFO  [MetadataApp] Métadonnées extraites : Ankino.mp3 — titre='Ankino', artiste='Bodo', genre='Pop', durée=231s
2026-07-01 10:16:52 INFO  [MetadataApp] Métadonnées extraites : Ankino.mp3 — titre='Ankino', artiste='Bodo', genre='Pop', durée=231s
2026-07-01 10:17:02 INFO  [MetadataApp] Métadonnées extraites : Ankino.mp3 — titre='Ankino', artiste='Bodo', genre='Pop', durée=231s
2026-07-01 10:17:12 INFO  [MetadataApp] Métadonnées extraites : Ankino.mp3 — titre='Ankino', artiste='Bodo', genre='Pop', durée=231s
2026-07-01 10:17:22 INFO  [MetadataApp] Métadonnées extraites : Ankino.mp3 — titre='Ankino', artiste='Bodo', genre='Pop', durée=231s
2026-07-01 10:17:32 INFO  [MetadataApp] Métadonnées extraites : Ankino.mp3 — titre='Ankino', artiste='Bodo', genre='Pop', durée=231s
2026-07-01 10:17:42 INFO  [MetadataApp] Métadonnées extraites : Ankino.mp3 — titre='Ankino', artiste='Bodo', genre='Pop', durée=231s
2026-07-01 10:17:52 INFO  [MetadataApp] Métadonnées extraites : Ankino.mp3 — titre='Ankino', artiste='Bodo', genre='Pop', durée=231s
2026-07-01 10:18:02 INFO  [MetadataApp] Métadonnées extraites : Ankino.mp3 — titre='Ankino', artiste='Bodo', genre='Pop', durée=231s
2026-07-01 10:18:12 INFO  [MetadataApp] Métadonnées extraites : Ankino.mp3 — titre='Ankino', artiste='Bodo', genre='Pop', durée=231s
2026-07-01 10:18:22 INFO  [MetadataApp] Métadonnées extraites : Ankino.mp3 — titre='Ankino', artiste='Bodo', genre='Pop', durée=231s
2026-07-01 10:18:32 INFO  [MetadataApp] Métadonnées extraites : Ankino.mp3 — titre='Ankino', artiste='Bodo', genre='Pop', durée=231s
2026-07-01 10:18:42 INFO  [MetadataApp] Métadonnées extraites : Ankino.mp3 — titre='Ankino', artiste='Bodo', genre='Pop', durée=231s
2026-07-01 10:18:52 INFO  [MetadataApp] Métadonnées extraites : Ankino.mp3 — titre='Ankino', artiste='Bodo', genre='Pop', durée=231s
2026-07-01 10:19:02 INFO  [MetadataApp] Métadonnées extraites : Ankino.mp3 — titre='Ankino', artiste='Bodo', genre='Pop', durée=231s
2026-07-01 10:19:12 INFO  [MetadataApp] Métadonnées extraites : Ankino.mp3 — titre='Ankino', artiste='Bodo', genre='Pop', durée=231s
2026-07-01 10:19:22 INFO  [MetadataApp] Métadonnées extraites : Ankino.mp3 — titre='Ankino', artiste='Bodo', genre='Pop', durée=231s
2026-07-01 10:19:32 INFO  [MetadataApp] Métadonnées extraites : Ankino.mp3 — titre='Ankino', artiste='Bodo', genre='Pop', durée=231s
2026-07-01 10:19:42 INFO  [MetadataApp] Métadonnées extraites : Ankino.mp3 — titre='Ankino', artiste='Bodo', genre='Pop', durée=231s
2026-07-01 10:19:52 INFO  [MetadataApp] Métadonnées extraites : Ankino.mp3 — titre='Ankino', artiste='Bodo', genre='Pop', durée=231s
2026-07-01 10:20:02 INFO  [MetadataApp] Métadonnées extraites : Ankino.mp3 — titre='Ankino', artiste='Bodo', genre='Pop', durée=231s
2026-07-01 10:20:12 INFO  [MetadataApp] Métadonnées extraites : Ankino.mp3 — titre='Ankino', artiste='Bodo', genre='Pop', durée=231s
2026-07-01 10:20:22 INFO  [MetadataApp] Métadonnées extraites : Ankino.mp3 — titre='Ankino', artiste='Bodo', genre='Pop', durée=231s
2026-07-01 10:20:32 INFO  [MetadataApp] Métadonnées extraites : Ankino.mp3 — titre='Ankino', artiste='Bodo', genre='Pop', durée=231s
2026-07-01 10:20:42 INFO  [MetadataApp] Métadonnées extraites : Ankino.mp3 — titre='Ankino', artiste='Bodo', genre='Pop', durée=231s
2026-07-01 10:20:52 INFO  [MetadataApp] Métadonnées extraites : Ankino.mp3 — titre='Ankino', artiste='Bodo', genre='Pop', durée=231s
2026-07-01 10:21:02 INFO  [MetadataApp] Métadonnées extraites : Ankino.mp3 — titre='Ankino', artiste='Bodo', genre='Pop', durée=231s
2026-07-01 10:21:12 INFO  [MetadataApp] Métadonnées extraites : Ankino.mp3 — titre='Ankino', artiste='Bodo', genre='Pop', durée=231s
2026-07-01 10:21:22 INFO  [MetadataApp] Métadonnées extraites : Ankino.mp3 — titre='Ankino', artiste='Bodo', genre='Pop', durée=231s
2026-07-01 10:21:32 INFO  [MetadataApp] Métadonnées extraites : Ankino.mp3 — titre='Ankino', artiste='Bodo', genre='Pop', durée=231s
2026-07-01 10:21:42 INFO  [MetadataApp] Métadonnées extraites : Ankino.mp3 — titre='Ankino', artiste='Bodo', genre='Pop', durée=231s
2026-07-01 10:21:52 INFO  [MetadataApp] Métadonnées extraites : Ankino.mp3 — titre='Ankino', artiste='Bodo', genre='Pop', durée=231s
2026-07-01 10:22:02 INFO  [MetadataApp] Métadonnées extraites : Ankino.mp3 — titre='Ankino', artiste='Bodo', genre='Pop', durée=231s
2026-07-01 10:22:12 INFO  [MetadataApp] Métadonnées extraites : Ankino.mp3 — titre='Ankino', artiste='Bodo', genre='Pop', durée=231s
2026-07-01 10:22:22 INFO  [MetadataApp] Métadonnées extraites : Ankino.mp3 — titre='Ankino', artiste='Bodo', genre='Pop', durée=231s
2026-07-01 10:22:32 INFO  [MetadataApp] Métadonnées extraites : Ankino.mp3 — titre='Ankino', artiste='Bodo', genre='Pop', durée=231s
2026-07-01 10:22:42 INFO  [MetadataApp] Métadonnées extraites : Ankino.mp3 — titre='Ankino', artiste='Bodo', genre='Pop', durée=231s
2026-07-01 10:22:52 INFO  [MetadataApp] Métadonnées extraites : Ankino.mp3 — titre='Ankino', artiste='Bodo', genre='Pop', durée=231s
2026-07-01 10:23:02 INFO  [MetadataApp] Métadonnées extraites : Ankino.mp3 — titre='Ankino', artiste='Bodo', genre='Pop', durée=231s
2026-07-01 10:23:12 INFO  [MetadataApp] Métadonnées extraites : Ankino.mp3 — titre='Ankino', artiste='Bodo', genre='Pop', durée=231s
2026-07-01 10:23:22 INFO  [MetadataApp] Métadonnées extraites : Ankino.mp3 — titre='Ankino', artiste='Bodo', genre='Pop', durée=231s
2026-07-01 10:23:32 INFO  [MetadataApp] Métadonnées extraites : Ankino.mp3 — titre='Ankino', artiste='Bodo', genre='Pop', durée=231s
2026-07-01 10:23:42 INFO  [MetadataApp] Métadonnées extraites : Ankino.mp3 — titre='Ankino', artiste='Bodo', genre='Pop', durée=231s
2026-07-01 10:23:52 INFO  [MetadataApp] Métadonnées extraites : Ankino.mp3 — titre='Ankino', artiste='Bodo', genre='Pop', durée=231s
2026-07-01 10:24:02 INFO  [MetadataApp] Métadonnées extraites : Ankino.mp3 — titre='Ankino', artiste='Bodo', genre='Pop', durée=231s
2026-07-01 10:24:12 INFO  [MetadataApp] Métadonnées extraites : Ankino.mp3 — titre='Ankino', artiste='Bodo', genre='Pop', durée=231s
2026-07-01 10:24:22 INFO  [MetadataApp] Métadonnées extraites : Ankino.mp3 — titre='Ankino', artiste='Bodo', genre='Pop', durée=231s
2026-07-01 10:24:32 INFO  [MetadataApp] Métadonnées extraites : Ankino.mp3 — titre='Ankino', artiste='Bodo', genre='Pop', durée=231s
2026-07-01 10:24:42 INFO  [MetadataApp] Métadonnées extraites : Ankino.mp3 — titre='Ankino', artiste='Bodo', genre='Pop', durée=231s
2026-07-01 10:24:52 INFO  [MetadataApp] Métadonnées extraites : Ankino.mp3 — titre='Ankino', artiste='Bodo', genre='Pop', durée=231s
2026-07-01 10:25:02 INFO  [MetadataApp] Métadonnées extraites : Ankino.mp3 — titre='Ankino', artiste='Bodo', genre='Pop', durée=231s
2026-07-01 10:25:12 INFO  [MetadataApp] Métadonnées extraites : Ankino.mp3 — titre='Ankino', artiste='Bodo', genre='Pop', durée=231s
2026-07-01 10:25:22 INFO  [MetadataApp] Métadonnées extraites : Ankino.mp3 — titre='Ankino', artiste='Bodo', genre='Pop', durée=231s
2026-07-01 10:25:32 INFO  [MetadataApp] Métadonnées extraites : Ankino.mp3 — titre='Ankino', artiste='Bodo', genre='Pop', durée=231s
2026-07-01 10:25:42 INFO  [MetadataApp] Métadonnées extraites : Ankino.mp3 — titre='Ankino', artiste='Bodo', genre='Pop', durée=231s
2026-07-01 10:25:52 INFO  [MetadataApp] Métadonnées extraites : Ankino.mp3 — titre='Ankino', artiste='Bodo', genre='Pop', durée=231s
2026-07-01 10:26:02 INFO  [MetadataApp] Métadonnées extraites : Ankino.mp3 — titre='Ankino', artiste='Bodo', genre='Pop', durée=231s
2026-07-01 10:26:12 INFO  [MetadataApp] Métadonnées extraites : Ankino.mp3 — titre='Ankino', artiste='Bodo', genre='Pop', durée=231s
2026-07-01 10:26:22 INFO  [MetadataApp] Métadonnées extraites : Ankino.mp3 — titre='Ankino', artiste='Bodo', genre='Pop', durée=231s
2026-07-01 10:26:32 INFO  [MetadataApp] Métadonnées extraites : Ankino.mp3 — titre='Ankino', artiste='Bodo', genre='Pop', durée=231s
2026-07-01 10:26:42 INFO  [MetadataApp] Métadonnées extraites : Ankino.mp3 — titre='Ankino', artiste='Bodo', genre='Pop', durée=231s
2026-07-01 10:26:52 INFO  [MetadataApp] Métadonnées extraites : Ankino.mp3 — titre='Ankino', artiste='Bodo', genre='Pop', durée=231s
2026-07-01 10:27:02 INFO  [MetadataApp] Métadonnées extraites : Ankino.mp3 — titre='Ankino', artiste='Bodo', genre='Pop', durée=231s
2026-07-01 10:27:12 INFO  [MetadataApp] Métadonnées extraites : Ankino.mp3 — titre='Ankino', artiste='Bodo', genre='Pop', durée=231s
2026-07-01 10:27:22 INFO  [MetadataApp] Métadonnées extraites : Ankino.mp3 — titre='Ankino', artiste='Bodo', genre='Pop', durée=231s
2026-07-01 10:27:32 INFO  [MetadataApp] Métadonnées extraites : Ankino.mp3 — titre='Ankino', artiste='Bodo', genre='Pop', durée=231s
2026-07-01 10:27:42 INFO  [MetadataApp] Métadonnées extraites : Ankino.mp3 — titre='Ankino', artiste='Bodo', genre='Pop', durée=231s
2026-07-01 10:27:52 INFO  [MetadataApp] Métadonnées extraites : Ankino.mp3 — titre='Ankino', artiste='Bodo', genre='Pop', durée=231s
2026-07-01 10:28:02 INFO  [MetadataApp] Métadonnées extraites : Ankino.mp3 — titre='Ankino', artiste='Bodo', genre='Pop', durée=231s
2026-07-01 10:28:12 INFO  [MetadataApp] Métadonnées extraites : Ankino.mp3 — titre='Ankino', artiste='Bodo', genre='Pop', durée=231s
2026-07-01 10:28:22 INFO  [MetadataApp] Métadonnées extraites : Ankino.mp3 — titre='Ankino', artiste='Bodo', genre='Pop', durée=231s
2026-07-01 10:28:32 INFO  [MetadataApp] Métadonnées extraites : Ankino.mp3 — titre='Ankino', artiste='Bodo', genre='Pop', durée=231s
2026-07-01 10:28:52 INFO  [MetadataApp] Métadonnées extraites : Ankino.mp3 — titre='Ankino', artiste='Alka', genre='Pop', durée=231s
2026-07-01 10:29:02 INFO  [MetadataApp] Métadonnées extraites : Ankino.mp3 — titre='Ankino', artiste='Alka', genre='Pop', durée=231s
2026-07-01 10:37:51 INFO  [MetadataApp] P2 Metadata démarré — broker=localhost:5672 | en attente sur 'queue.new-files'
2026-07-01 10:38:24 INFO  [MetadataApp] Métadonnées extraites : Ankino.mp3 — titre='Ankino', artiste='Bodo', genre='Pop', durée=231s
2026-07-01 10:38:24 INFO  [MetadataApp] Métadonnées extraites : Antanambao.MP3 — titre='Antanambao', artiste='Bekoto Augustin', genre='Folk', durée=175s
2026-07-01 10:38:25 INFO  [MetadataApp] Métadonnées extraites : IAO.MP3 — titre='IAO', artiste='ROSSY', genre='salegy', durée=229s
2026-07-01 10:38:34 INFO  [MetadataApp] Métadonnées extraites : Ankino.mp3 — titre='Ankino', artiste='Bodo', genre='Pop', durée=231s
2026-07-01 10:38:44 INFO  [MetadataApp] Métadonnées extraites : Ankino.mp3 — titre='Ankino', artiste='Bodo', genre='Pop', durée=231s
2026-07-01 10:38:54 INFO  [MetadataApp] Métadonnées extraites : Ankino.mp3 — titre='Ankino', artiste='Bodo', genre='Pop', durée=231s
2026-07-01 10:39:04 INFO  [MetadataApp] Métadonnées extraites : Ankino.mp3 — titre='Ankino', artiste='Bodo', genre='Pop', durée=231s
2026-07-01 10:39:14 INFO  [MetadataApp] Métadonnées extraites : Ankino.mp3 — titre='Ankino', artiste='Bodo', genre='Pop', durée=231s
2026-07-01 10:39:24 INFO  [MetadataApp] Métadonnées extraites : Ankino.mp3 — titre='Ankino', artiste='Bodo', genre='Pop', durée=231s
2026-07-01 10:39:34 INFO  [MetadataApp] Métadonnées extraites : Ankino.mp3 — titre='Ankino', artiste='Bodo', genre='Pop', durée=231s
2026-07-01 10:39:44 INFO  [MetadataApp] Métadonnées extraites : Ankino.mp3 — titre='Ankino', artiste='Bodo', genre='Pop', durée=231s
2026-07-01 10:39:54 INFO  [MetadataApp] Métadonnées extraites : Ankino.mp3 — titre='Ankino', artiste='Bodo', genre='Pop', durée=231s
2026-07-01 10:40:04 INFO  [MetadataApp] Métadonnées extraites : Ankino.mp3 — titre='Ankino', artiste='Bodo', genre='Pop', durée=231s
2026-07-01 10:40:14 INFO  [MetadataApp] Métadonnées extraites : Ankino.mp3 — titre='Ankino', artiste='Bodo', genre='Pop', durée=231s
2026-07-01 10:40:24 INFO  [MetadataApp] Métadonnées extraites : Ankino.mp3 — titre='Ankino', artiste='Bodo', genre='Pop', durée=231s
2026-07-01 10:40:34 INFO  [MetadataApp] Métadonnées extraites : Ankino.mp3 — titre='Ankino', artiste='Bodo', genre='Pop', durée=231s
2026-07-01 10:40:44 INFO  [MetadataApp] Métadonnées extraites : Ankino.mp3 — titre='Ankino', artiste='Bodo', genre='Pop', durée=231s
2026-07-01 10:40:54 INFO  [MetadataApp] Métadonnées extraites : Ankino.mp3 — titre='Ankino', artiste='Bodo', genre='Pop', durée=231s
2026-07-01 10:41:04 INFO  [MetadataApp] Métadonnées extraites : Ankino.mp3 — titre='Ankino', artiste='Bodo', genre='Pop', durée=231s
2026-07-01 10:41:14 INFO  [MetadataApp] Métadonnées extraites : Ankino.mp3 — titre='Ankino', artiste='Bodo', genre='Pop', durée=231s
2026-07-01 10:41:24 INFO  [MetadataApp] Métadonnées extraites : Ankino.mp3 — titre='Ankino', artiste='Bodo', genre='Pop', durée=231s
2026-07-01 10:41:34 INFO  [MetadataApp] Métadonnées extraites : Ankino.mp3 — titre='Ankino', artiste='Bodo', genre='Pop', durée=231s
2026-07-01 10:41:44 INFO  [MetadataApp] Métadonnées extraites : Ankino.mp3 — titre='Ankino', artiste='Bodo', genre='Pop', durée=231s
2026-07-01 10:41:54 INFO  [MetadataApp] Métadonnées extraites : Ankino.mp3 — titre='Ankino', artiste='Bodo', genre='Pop', durée=231s
2026-07-01 10:42:04 INFO  [MetadataApp] Métadonnées extraites : Ankino.mp3 — titre='Ankino', artiste='Bodo', genre='Pop', durée=231s
2026-07-01 10:42:14 INFO  [MetadataApp] Métadonnées extraites : Ankino.mp3 — titre='Ankino', artiste='Bodo', genre='Pop', durée=231s
2026-07-01 10:42:24 INFO  [MetadataApp] Métadonnées extraites : Ankino.mp3 — titre='Ankino', artiste='Bodo', genre='Pop', durée=231s
2026-07-01 10:42:34 INFO  [MetadataApp] Métadonnées extraites : Ankino.mp3 — titre='Ankino', artiste='Bodo', genre='Pop', durée=231s
2026-07-01 10:42:44 INFO  [MetadataApp] Métadonnées extraites : Ankino.mp3 — titre='Ankino', artiste='Bodo', genre='Pop', durée=231s
2026-07-01 10:42:54 INFO  [MetadataApp] Métadonnées extraites : Ankino.mp3 — titre='Ankino', artiste='Bodo', genre='Pop', durée=231s
2026-07-01 10:43:04 INFO  [MetadataApp] Métadonnées extraites : Ankino.mp3 — titre='Ankino', artiste='Bodo', genre='Pop', durée=231s
2026-07-01 10:43:14 INFO  [MetadataApp] Métadonnées extraites : Ankino.mp3 — titre='Ankino', artiste='Bodo', genre='Pop', durée=231s
2026-07-01 10:43:24 INFO  [MetadataApp] Métadonnées extraites : Ankino.mp3 — titre='Ankino', artiste='Bodo', genre='Pop', durée=231s
2026-07-01 10:43:34 INFO  [MetadataApp] Métadonnées extraites : Ankino.mp3 — titre='Ankino', artiste='Bodo', genre='Pop', durée=231s
2026-07-01 10:43:44 INFO  [MetadataApp] Métadonnées extraites : Ankino.mp3 — titre='Ankino', artiste='Bodo', genre='Pop', durée=231s
2026-07-01 10:43:54 INFO  [MetadataApp] Métadonnées extraites : Ankino.mp3 — titre='Ankino', artiste='Bodo', genre='Pop', durée=231s
2026-07-01 10:44:04 INFO  [MetadataApp] Métadonnées extraites : Ankino.mp3 — titre='Ankino', artiste='Bodo', genre='Pop', durée=231s
2026-07-01 10:44:14 INFO  [MetadataApp] Métadonnées extraites : Ankino.mp3 — titre='Ankino', artiste='Bodo', genre='Pop', durée=231s
2026-07-01 10:44:24 INFO  [MetadataApp] Métadonnées extraites : Ankino.mp3 — titre='Ankino', artiste='Bodo', genre='Pop', durée=231s
2026-07-01 10:44:34 INFO  [MetadataApp] Métadonnées extraites : Ankino.mp3 — titre='Ankino', artiste='Bodo', genre='Pop', durée=231s
2026-07-01 10:44:44 INFO  [MetadataApp] Métadonnées extraites : Ankino.mp3 — titre='Ankino', artiste='Bodo', genre='Pop', durée=231s
2026-07-01 10:44:54 INFO  [MetadataApp] Métadonnées extraites : Ankino.mp3 — titre='Ankino', artiste='Bodo', genre='Pop', durée=231s
2026-07-01 10:45:04 INFO  [MetadataApp] Métadonnées extraites : Ankino.mp3 — titre='Ankino', artiste='Bodo', genre='Pop', durée=231s
2026-07-01 10:45:14 INFO  [MetadataApp] Métadonnées extraites : Ankino.mp3 — titre='Ankino', artiste='Bodo', genre='Pop', durée=231s
2026-07-01 10:45:24 INFO  [MetadataApp] Métadonnées extraites : Ankino.mp3 — titre='Ankino', artiste='Bodo', genre='Pop', durée=231s
2026-07-01 10:45:34 INFO  [MetadataApp] Métadonnées extraites : Ankino.mp3 — titre='Ankino', artiste='Bodo', genre='Pop', durée=231s
2026-07-01 10:45:44 INFO  [MetadataApp] Métadonnées extraites : Ankino.mp3 — titre='Ankino', artiste='Bodo', genre='Pop', durée=231s
2026-07-01 10:45:54 INFO  [MetadataApp] Métadonnées extraites : Ankino.mp3 — titre='Ankino', artiste='Bodo', genre='Pop', durée=231s
2026-07-01 10:46:04 INFO  [MetadataApp] Métadonnées extraites : Ankino.mp3 — titre='Ankino', artiste='Bodo', genre='Pop', durée=231s
2026-07-01 10:46:14 INFO  [MetadataApp] Métadonnées extraites : Ankino.mp3 — titre='Ankino', artiste='Bodo', genre='Pop', durée=231s
2026-07-01 10:46:24 INFO  [MetadataApp] Métadonnées extraites : Ankino.mp3 — titre='Ankino', artiste='Bodo', genre='Pop', durée=231s
2026-07-01 10:46:34 INFO  [MetadataApp] Métadonnées extraites : Ankino.mp3 — titre='Ankino', artiste='Bodo', genre='Pop', durée=231s
2026-07-01 10:46:44 INFO  [MetadataApp] Métadonnées extraites : Ankino.mp3 — titre='Ankino', artiste='Bodo', genre='Pop', durée=231s
2026-07-01 10:46:54 INFO  [MetadataApp] Métadonnées extraites : Ankino.mp3 — titre='Ankino', artiste='Bodo', genre='Pop', durée=231s
2026-07-01 10:47:04 INFO  [MetadataApp] Métadonnées extraites : Ankino.mp3 — titre='Ankino', artiste='Bodo', genre='Pop', durée=231s
2026-07-01 10:47:14 INFO  [MetadataApp] Métadonnées extraites : Ankino.mp3 — titre='Ankino', artiste='Bodo', genre='Pop', durée=231s
2026-07-01 10:47:24 INFO  [MetadataApp] Métadonnées extraites : Ankino.mp3 — titre='Ankino', artiste='Bodo', genre='Pop', durée=231s
2026-07-01 10:47:34 INFO  [MetadataApp] Métadonnées extraites : Ankino.mp3 — titre='Ankino', artiste='Bodo', genre='Pop', durée=231s
2026-07-01 10:47:44 INFO  [MetadataApp] Métadonnées extraites : Ankino.mp3 — titre='Ankino', artiste='Bodo', genre='Pop', durée=231s
2026-07-01 10:47:54 INFO  [MetadataApp] Métadonnées extraites : Ankino.mp3 — titre='Ankino', artiste='Bodo', genre='Pop', durée=231s
2026-07-01 10:48:04 INFO  [MetadataApp] Métadonnées extraites : Ankino.mp3 — titre='Ankino', artiste='Bodo', genre='Pop', durée=231s
2026-07-01 10:48:14 INFO  [MetadataApp] Métadonnées extraites : Ankino.mp3 — titre='Ankino', artiste='Bodo', genre='Pop', durée=231s
2026-07-01 10:48:24 INFO  [MetadataApp] Métadonnées extraites : Ankino.mp3 — titre='Ankino', artiste='Bodo', genre='Pop', durée=231s
2026-07-01 10:48:34 INFO  [MetadataApp] Métadonnées extraites : Ankino.mp3 — titre='Ankino', artiste='Bodo', genre='Pop', durée=231s
2026-07-01 10:48:44 INFO  [MetadataApp] Métadonnées extraites : Ankino.mp3 — titre='Ankino', artiste='Bodo', genre='Pop', durée=231s
2026-07-01 10:48:54 INFO  [MetadataApp] Métadonnées extraites : Ankino.mp3 — titre='Ankino', artiste='Bodo', genre='Pop', durée=231s
2026-07-01 10:49:04 INFO  [MetadataApp] Métadonnées extraites : Ankino.mp3 — titre='Ankino', artiste='Bodo', genre='Pop', durée=231s
2026-07-01 10:49:14 INFO  [MetadataApp] Métadonnées extraites : Ankino.mp3 — titre='Ankino', artiste='Bodo', genre='Pop', durée=231s
2026-07-01 10:49:24 INFO  [MetadataApp] Métadonnées extraites : Ankino.mp3 — titre='Ankino', artiste='Bodo', genre='Pop', durée=231s
2026-07-01 10:49:34 INFO  [MetadataApp] Métadonnées extraites : Ankino.mp3 — titre='Ankino', artiste='Bodo', genre='Pop', durée=231s
2026-07-01 10:49:44 INFO  [MetadataApp] Métadonnées extraites : Ankino.mp3 — titre='Ankino', artiste='Bodo', genre='Pop', durée=231s
2026-07-01 10:49:54 INFO  [MetadataApp] Métadonnées extraites : Ankino.mp3 — titre='Ankino', artiste='Bodo', genre='Pop', durée=231s
2026-07-01 10:50:04 INFO  [MetadataApp] Métadonnées extraites : Ankino.mp3 — titre='Ankino', artiste='Bodo', genre='Pop', durée=231s
2026-07-01 10:50:14 INFO  [MetadataApp] Métadonnées extraites : Ankino.mp3 — titre='Ankino', artiste='Bodo', genre='Pop', durée=231s
2026-07-01 10:50:24 INFO  [MetadataApp] Métadonnées extraites : Ankino.mp3 — titre='Ankino', artiste='Bodo', genre='Pop', durée=231s
2026-07-01 10:50:34 INFO  [MetadataApp] Métadonnées extraites : Ankino.mp3 — titre='Ankino', artiste='Bodo', genre='Pop', durée=231s
2026-07-01 10:50:44 INFO  [MetadataApp] Métadonnées extraites : Ankino.mp3 — titre='Ankino', artiste='Bodo', genre='Pop', durée=231s
2026-07-01 10:50:54 INFO  [MetadataApp] Métadonnées extraites : Ankino.mp3 — titre='Ankino', artiste='Bodo', genre='Pop', durée=231s
2026-07-01 10:51:04 INFO  [MetadataApp] Métadonnées extraites : Ankino.mp3 — titre='Ankino', artiste='Bodo', genre='Pop', durée=231s
2026-07-01 10:51:14 INFO  [MetadataApp] Métadonnées extraites : Ankino.mp3 — titre='Ankino', artiste='Bodo', genre='Pop', durée=231s
2026-07-01 10:51:24 INFO  [MetadataApp] Métadonnées extraites : Ankino.mp3 — titre='Ankino', artiste='Bodo', genre='Pop', durée=231s
2026-07-01 10:51:34 INFO  [MetadataApp] Métadonnées extraites : Ankino.mp3 — titre='Ankino', artiste='Bodo', genre='Pop', durée=231s
2026-07-01 10:51:44 INFO  [MetadataApp] Métadonnées extraites : Ankino.mp3 — titre='Ankino', artiste='Bodo', genre='Pop', durée=231s
2026-07-01 10:51:54 INFO  [MetadataApp] Métadonnées extraites : Ankino.mp3 — titre='Ankino', artiste='Bodo', genre='Pop', durée=231s
2026-07-01 10:52:04 INFO  [MetadataApp] Métadonnées extraites : Ankino.mp3 — titre='Ankino', artiste='Bodo', genre='Pop', durée=231s
2026-07-01 10:52:14 INFO  [MetadataApp] Métadonnées extraites : Ankino.mp3 — titre='Ankino', artiste='Bodo', genre='Pop', durée=231s
2026-07-01 10:52:24 INFO  [MetadataApp] Métadonnées extraites : Ankino.mp3 — titre='Ankino', artiste='Bodo', genre='Pop', durée=231s
2026-07-01 10:52:34 INFO  [MetadataApp] Métadonnées extraites : Ankino.mp3 — titre='Ankino', artiste='Bodo', genre='Pop', durée=231s
2026-07-01 10:52:44 INFO  [MetadataApp] Métadonnées extraites : Ankino.mp3 — titre='Ankino', artiste='Bodo', genre='Pop', durée=231s
2026-07-01 10:52:54 INFO  [MetadataApp] Métadonnées extraites : Ankino.mp3 — titre='Ankino', artiste='Bodo', genre='Pop', durée=231s
2026-07-01 10:53:04 INFO  [MetadataApp] Métadonnées extraites : Ankino.mp3 — titre='Ankino', artiste='Bodo', genre='Pop', durée=231s
2026-07-01 10:53:14 INFO  [MetadataApp] Métadonnées extraites : Ankino.mp3 — titre='Ankino', artiste='Bodo', genre='Pop', durée=231s
2026-07-01 10:53:24 INFO  [MetadataApp] Métadonnées extraites : Ankino.mp3 — titre='Ankino', artiste='Bodo', genre='Pop', durée=231s
2026-07-01 10:53:34 INFO  [MetadataApp] Métadonnées extraites : Ankino.mp3 — titre='Ankino', artiste='Bodo', genre='Pop', durée=231s
2026-07-01 10:53:44 INFO  [MetadataApp] Métadonnées extraites : Ankino.mp3 — titre='Ankino', artiste='Bodo', genre='Pop', durée=231s
2026-07-01 10:53:54 INFO  [MetadataApp] Métadonnées extraites : Ankino.mp3 — titre='Ankino', artiste='Bodo', genre='Pop', durée=231s
2026-07-01 14:21:14 INFO  [MetadataApp] Métadonnées extraites : 18 taona.mp3 — titre='18 taona', artiste='Jeneraly', genre='Folk', durée=231s
2026-07-01 14:21:14 INFO  [MetadataApp] Métadonnées extraites : Fiainana kely.mp3 — titre='Fiainana kely', artiste='Rija Ramanantoanina', genre='Jazz', durée=246s
2026-07-01 14:21:14 INFO  [MetadataApp] Métadonnées extraites : Fitiavana mamiratra.mp3 — titre='Fitiavana mamiratra', artiste='Rija Ramanantoanina', genre='Slow', durée=232s
2026-07-01 14:21:14 INFO  [MetadataApp] Métadonnées extraites : Hay ve.mp3 — titre='Hay ve', artiste='Rija Ramanantoanina', genre='Slow', durée=208s
2026-07-01 14:21:14 INFO  [MetadataApp] Métadonnées extraites : Lendrema.mp3 — titre='Lendrema', artiste='Mahaleo', genre='Folk', durée=491s
2026-07-01 14:21:14 INFO  [MetadataApp] Métadonnées extraites : Mama.MP3 — titre='Mama', artiste='Rija Ramanantoanina', genre='Jazz', durée=274s
2026-07-01 14:21:14 INFO  [MetadataApp] Métadonnées extraites : Manahy aho.MP3 — titre='Manahy aho', artiste='Mahaleo', genre='Slow', durée=276s
2026-07-01 14:21:14 INFO  [MetadataApp] Métadonnées extraites : Misy antony.mp3 — titre='Misy antony', artiste='Bessa', genre='Bagasy', durée=202s
2026-07-01 14:21:14 INFO  [MetadataApp] Métadonnées extraites : Ny itiavako anao.mp3 — titre='Ny itiavako anao', artiste='Bessa', genre='Other', durée=301s
2026-07-01 14:21:14 INFO  [MetadataApp] Métadonnées extraites : Ny tena fitia.mp3 — titre='Ny tena fitia', artiste='Mahaleo', genre='Folk', durée=346s
2026-07-01 14:21:14 INFO  [MetadataApp] Métadonnées extraites : Rakojavona.MP3 — titre='Rakojavona', artiste='Eric Manana', genre='Bagasy', durée=275s
2026-07-01 14:21:14 INFO  [MetadataApp] Métadonnées extraites : Tambazako.mp3 — titre='Tambazako', artiste='Eric Manana', genre='Folk', durée=286s
2026-07-01 14:21:24 INFO  [MetadataApp] Métadonnées extraites : Lendrema.mp3 — titre='Lendrema', artiste='Mahaleo', genre='Folk', durée=491s
2026-07-01 14:21:24 INFO  [MetadataApp] Métadonnées extraites : Ny itiavako anao.mp3 — titre='Ny itiavako anao', artiste='Bessa', genre='Other', durée=301s
2026-07-01 14:21:24 INFO  [MetadataApp] Métadonnées extraites : Ny tena fitia.mp3 — titre='Ny tena fitia', artiste='Mahaleo', genre='Folk', durée=346s
2026-07-01 14:21:34 INFO  [MetadataApp] Métadonnées extraites : Lendrema.mp3 — titre='Lendrema', artiste='Mahaleo', genre='Folk', durée=491s
2026-07-01 14:21:34 INFO  [MetadataApp] Métadonnées extraites : Ny itiavako anao.mp3 — titre='Ny itiavako anao', artiste='Bessa', genre='Other', durée=301s
2026-07-01 14:21:34 INFO  [MetadataApp] Métadonnées extraites : Ny tena fitia.mp3 — titre='Ny tena fitia', artiste='Mahaleo', genre='Folk', durée=346s
2026-07-01 14:21:44 INFO  [MetadataApp] Métadonnées extraites : Lendrema.mp3 — titre='Lendrema', artiste='Mahaleo', genre='Folk', durée=491s
2026-07-01 14:21:44 INFO  [MetadataApp] Métadonnées extraites : Ny itiavako anao.mp3 — titre='Ny itiavako anao', artiste='Bessa', genre='Other', durée=301s
2026-07-01 14:21:44 INFO  [MetadataApp] Métadonnées extraites : Ny tena fitia.mp3 — titre='Ny tena fitia', artiste='Mahaleo', genre='Folk', durée=346s
2026-07-01 14:33:44 INFO  [MetadataApp] Métadonnées extraites : 18 taona.mp3 — titre='18 taona', artiste='Jeneraly', genre='Folk', durée=231s
2026-07-01 14:33:44 INFO  [MetadataApp] Métadonnées extraites : Fiainana kely.mp3 — titre='Fiainana kely', artiste='Rija Ramanantoanina', genre='Jazz', durée=246s
2026-07-01 14:33:44 INFO  [MetadataApp] Métadonnées extraites : Fitiavana mamiratra.mp3 — titre='Fitiavana mamiratra', artiste='Rija Ramanantoanina', genre='Slow', durée=232s
2026-07-01 14:33:44 INFO  [MetadataApp] Métadonnées extraites : Hay ve.mp3 — titre='Hay ve', artiste='Rija Ramanantoanina', genre='Slow', durée=208s
2026-07-01 14:33:44 INFO  [MetadataApp] Métadonnées extraites : Lendrema.mp3 — titre='Lendrema', artiste='Mahaleo', genre='Folk', durée=491s
2026-07-01 14:33:44 INFO  [MetadataApp] Métadonnées extraites : Mama.MP3 — titre='Mama', artiste='Rija Ramanantoanina', genre='Jazz', durée=274s
2026-07-01 14:33:44 INFO  [MetadataApp] Métadonnées extraites : Manahy aho.MP3 — titre='Manahy aho', artiste='Mahaleo', genre='Slow', durée=276s
2026-07-01 14:33:44 INFO  [MetadataApp] Métadonnées extraites : Misy antony.mp3 — titre='Misy antony', artiste='Bessa', genre='Bagasy', durée=202s
2026-07-01 14:33:44 INFO  [MetadataApp] Métadonnées extraites : Ny itiavako anao.mp3 — titre='Ny itiavako anao', artiste='Bessa', genre='Other', durée=301s
2026-07-01 14:33:44 INFO  [MetadataApp] Métadonnées extraites : Ny tena fitia.mp3 — titre='Ny tena fitia', artiste='Mahaleo', genre='Folk', durée=346s
2026-07-01 14:33:44 INFO  [MetadataApp] Métadonnées extraites : Rakojavona.MP3 — titre='Rakojavona', artiste='Eric Manana', genre='Bagasy', durée=275s
2026-07-01 14:33:44 INFO  [MetadataApp] Métadonnées extraites : Tambazako.mp3 — titre='Tambazako', artiste='Eric Manana', genre='Folk', durée=286s
2026-07-01 14:33:54 INFO  [MetadataApp] Métadonnées extraites : 18 taona.mp3 — titre='18 taona', artiste='Jeneraly', genre='Folk', durée=231s
2026-07-01 14:33:54 INFO  [MetadataApp] Métadonnées extraites : Lendrema.mp3 — titre='Lendrema', artiste='Mahaleo', genre='Folk', durée=491s
2026-07-01 14:34:04 INFO  [MetadataApp] Métadonnées extraites : 18 taona.mp3 — titre='18 taona', artiste='Jeneraly', genre='Folk', durée=231s
2026-07-01 14:34:04 INFO  [MetadataApp] Métadonnées extraites : Lendrema.mp3 — titre='Lendrema', artiste='Mahaleo', genre='Folk', durée=491s
2026-07-01 14:34:14 INFO  [MetadataApp] Métadonnées extraites : 18 taona.mp3 — titre='18 taona', artiste='Jeneraly', genre='Folk', durée=231s
2026-07-01 14:34:14 INFO  [MetadataApp] Métadonnées extraites : Lendrema.mp3 — titre='Lendrema', artiste='Mahaleo', genre='Folk', durée=491s
2026-07-01 14:34:24 INFO  [MetadataApp] Métadonnées extraites : 18 taona.mp3 — titre='18 taona', artiste='Jeneraly', genre='Folk', durée=231s
2026-07-01 14:34:24 INFO  [MetadataApp] Métadonnées extraites : Lendrema.mp3 — titre='Lendrema', artiste='Mahaleo', genre='Folk', durée=491s
2026-07-01 14:34:34 INFO  [MetadataApp] Métadonnées extraites : 18 taona.mp3 — titre='18 taona', artiste='Jeneraly', genre='Folk', durée=231s
2026-07-01 14:34:34 INFO  [MetadataApp] Métadonnées extraites : Lendrema.mp3 — titre='Lendrema', artiste='Mahaleo', genre='Folk', durée=491s
2026-07-01 14:34:44 INFO  [MetadataApp] Métadonnées extraites : 18 taona.mp3 — titre='18 taona', artiste='Jeneraly', genre='Folk', durée=231s
2026-07-01 14:34:44 INFO  [MetadataApp] Métadonnées extraites : Lendrema.mp3 — titre='Lendrema', artiste='Mahaleo', genre='Folk', durée=491s
2026-07-01 14:34:54 INFO  [MetadataApp] Métadonnées extraites : 18 taona.mp3 — titre='18 taona', artiste='Jeneraly', genre='Folk', durée=231s
2026-07-01 14:34:54 INFO  [MetadataApp] Métadonnées extraites : Lendrema.mp3 — titre='Lendrema', artiste='Mahaleo', genre='Folk', durée=491s
2026-07-01 14:35:04 INFO  [MetadataApp] Métadonnées extraites : 18 taona.mp3 — titre='18 taona', artiste='Jeneraly', genre='Folk', durée=231s
2026-07-01 14:35:04 INFO  [MetadataApp] Métadonnées extraites : Lendrema.mp3 — titre='Lendrema', artiste='Mahaleo', genre='Folk', durée=491s
2026-07-01 14:35:14 INFO  [MetadataApp] Métadonnées extraites : 18 taona.mp3 — titre='18 taona', artiste='Jeneraly', genre='Folk', durée=231s
2026-07-01 14:35:14 INFO  [MetadataApp] Métadonnées extraites : Lendrema.mp3 — titre='Lendrema', artiste='Mahaleo', genre='Folk', durée=491s
2026-07-01 14:35:24 INFO  [MetadataApp] Métadonnées extraites : 18 taona.mp3 — titre='18 taona', artiste='Jeneraly', genre='Folk', durée=231s
2026-07-01 14:35:24 INFO  [MetadataApp] Métadonnées extraites : Lendrema.mp3 — titre='Lendrema', artiste='Mahaleo', genre='Folk', durée=491s
2026-07-01 14:35:34 INFO  [MetadataApp] Métadonnées extraites : 18 taona.mp3 — titre='18 taona', artiste='Jeneraly', genre='Folk', durée=231s
2026-07-01 14:35:34 INFO  [MetadataApp] Métadonnées extraites : Lendrema.mp3 — titre='Lendrema', artiste='Mahaleo', genre='Folk', durée=491s
2026-07-01 14:35:44 INFO  [MetadataApp] Métadonnées extraites : 18 taona.mp3 — titre='18 taona', artiste='Jeneraly', genre='Folk', durée=231s
2026-07-01 14:35:44 INFO  [MetadataApp] Métadonnées extraites : Lendrema.mp3 — titre='Lendrema', artiste='Mahaleo', genre='Folk', durée=491s
2026-07-01 14:35:54 INFO  [MetadataApp] Métadonnées extraites : 18 taona.mp3 — titre='18 taona', artiste='Jeneraly', genre='Folk', durée=231s
2026-07-01 14:35:54 INFO  [MetadataApp] Métadonnées extraites : Lendrema.mp3 — titre='Lendrema', artiste='Mahaleo', genre='Folk', durée=491s
2026-07-01 14:36:04 INFO  [MetadataApp] Métadonnées extraites : 18 taona.mp3 — titre='18 taona', artiste='Jeneraly', genre='Folk', durée=231s
2026-07-01 14:36:04 INFO  [MetadataApp] Métadonnées extraites : Lendrema.mp3 — titre='Lendrema', artiste='Mahaleo', genre='Folk', durée=491s
2026-07-01 14:36:14 INFO  [MetadataApp] Métadonnées extraites : 18 taona.mp3 — titre='18 taona', artiste='Jeneraly', genre='Folk', durée=231s
2026-07-01 14:36:14 INFO  [MetadataApp] Métadonnées extraites : Lendrema.mp3 — titre='Lendrema', artiste='Mahaleo', genre='Folk', durée=491s
2026-07-01 14:36:24 INFO  [MetadataApp] Métadonnées extraites : 18 taona.mp3 — titre='18 taona', artiste='Jeneraly', genre='Folk', durée=231s
2026-07-01 14:36:24 INFO  [MetadataApp] Métadonnées extraites : Lendrema.mp3 — titre='Lendrema', artiste='Mahaleo', genre='Folk', durée=491s
2026-07-01 14:36:34 INFO  [MetadataApp] Métadonnées extraites : 18 taona.mp3 — titre='18 taona', artiste='Jeneraly', genre='Folk', durée=231s
2026-07-01 14:36:34 INFO  [MetadataApp] Métadonnées extraites : Lendrema.mp3 — titre='Lendrema', artiste='Mahaleo', genre='Folk', durée=491s
2026-07-01 14:36:44 INFO  [MetadataApp] Métadonnées extraites : 18 taona.mp3 — titre='18 taona', artiste='Jeneraly', genre='Folk', durée=231s
2026-07-01 14:36:44 INFO  [MetadataApp] Métadonnées extraites : Lendrema.mp3 — titre='Lendrema', artiste='Mahaleo', genre='Folk', durée=491s
2026-07-01 14:36:54 INFO  [MetadataApp] Métadonnées extraites : 18 taona.mp3 — titre='18 taona', artiste='Jeneraly', genre='Folk', durée=231s
2026-07-01 14:36:54 INFO  [MetadataApp] Métadonnées extraites : Lendrema.mp3 — titre='Lendrema', artiste='Mahaleo', genre='Folk', durée=491s
2026-07-01 14:37:04 INFO  [MetadataApp] Métadonnées extraites : 18 taona.mp3 — titre='18 taona', artiste='Jeneraly', genre='Folk', durée=231s
2026-07-01 14:37:04 INFO  [MetadataApp] Métadonnées extraites : Lendrema.mp3 — titre='Lendrema', artiste='Mahaleo', genre='Folk', durée=491s
2026-07-01 14:37:14 INFO  [MetadataApp] Métadonnées extraites : 18 taona.mp3 — titre='18 taona', artiste='Jeneraly', genre='Folk', durée=231s
2026-07-01 14:37:14 INFO  [MetadataApp] Métadonnées extraites : Lendrema.mp3 — titre='Lendrema', artiste='Mahaleo', genre='Folk', durée=491s
2026-07-01 14:37:24 INFO  [MetadataApp] Métadonnées extraites : 18 taona.mp3 — titre='18 taona', artiste='Jeneraly', genre='Folk', durée=231s
2026-07-01 14:37:24 INFO  [MetadataApp] Métadonnées extraites : Lendrema.mp3 — titre='Lendrema', artiste='Mahaleo', genre='Folk', durée=491s
2026-07-01 14:37:34 INFO  [MetadataApp] Métadonnées extraites : 18 taona.mp3 — titre='18 taona', artiste='Jeneraly', genre='Folk', durée=231s
2026-07-01 14:37:34 INFO  [MetadataApp] Métadonnées extraites : Lendrema.mp3 — titre='Lendrema', artiste='Mahaleo', genre='Folk', durée=491s
2026-07-01 14:37:44 INFO  [MetadataApp] Métadonnées extraites : 18 taona.mp3 — titre='18 taona', artiste='Jeneraly', genre='Folk', durée=231s
2026-07-01 14:37:44 INFO  [MetadataApp] Métadonnées extraites : Lendrema.mp3 — titre='Lendrema', artiste='Mahaleo', genre='Folk', durée=491s
2026-07-01 14:37:54 INFO  [MetadataApp] Métadonnées extraites : 18 taona.mp3 — titre='18 taona', artiste='Jeneraly', genre='Folk', durée=231s
2026-07-01 14:37:54 INFO  [MetadataApp] Métadonnées extraites : Lendrema.mp3 — titre='Lendrema', artiste='Mahaleo', genre='Folk', durée=491s
2026-07-01 14:38:04 INFO  [MetadataApp] Métadonnées extraites : 18 taona.mp3 — titre='18 taona', artiste='Jeneraly', genre='Folk', durée=231s
2026-07-01 14:38:04 INFO  [MetadataApp] Métadonnées extraites : Lendrema.mp3 — titre='Lendrema', artiste='Mahaleo', genre='Folk', durée=491s
2026-07-01 14:38:14 INFO  [MetadataApp] Métadonnées extraites : 18 taona.mp3 — titre='18 taona', artiste='Jeneraly', genre='Folk', durée=231s
2026-07-01 14:38:14 INFO  [MetadataApp] Métadonnées extraites : Lendrema.mp3 — titre='Lendrema', artiste='Mahaleo', genre='Folk', durée=491s
2026-07-01 14:38:24 INFO  [MetadataApp] Métadonnées extraites : 18 taona.mp3 — titre='18 taona', artiste='Jeneraly', genre='Folk', durée=231s
2026-07-01 14:38:24 INFO  [MetadataApp] Métadonnées extraites : Lendrema.mp3 — titre='Lendrema', artiste='Mahaleo', genre='Folk', durée=491s
2026-07-01 14:38:34 INFO  [MetadataApp] Métadonnées extraites : 18 taona.mp3 — titre='18 taona', artiste='Jeneraly', genre='Folk', durée=231s
2026-07-01 14:38:34 INFO  [MetadataApp] Métadonnées extraites : Lendrema.mp3 — titre='Lendrema', artiste='Mahaleo', genre='Folk', durée=491s
2026-07-01 14:38:44 INFO  [MetadataApp] Métadonnées extraites : 18 taona.mp3 — titre='18 taona', artiste='Jeneraly', genre='Folk', durée=231s
2026-07-01 14:38:44 INFO  [MetadataApp] Métadonnées extraites : Lendrema.mp3 — titre='Lendrema', artiste='Mahaleo', genre='Folk', durée=491s
2026-07-01 14:38:54 INFO  [MetadataApp] Métadonnées extraites : 18 taona.mp3 — titre='18 taona', artiste='Jeneraly', genre='Folk', durée=231s
2026-07-01 14:38:54 INFO  [MetadataApp] Métadonnées extraites : Lendrema.mp3 — titre='Lendrema', artiste='Mahaleo', genre='Folk', durée=491s
2026-07-01 14:39:04 INFO  [MetadataApp] Métadonnées extraites : 18 taona.mp3 — titre='18 taona', artiste='Jeneraly', genre='Folk', durée=231s
2026-07-01 14:39:04 INFO  [MetadataApp] Métadonnées extraites : Lendrema.mp3 — titre='Lendrema', artiste='Mahaleo', genre='Folk', durée=491s
2026-07-01 14:39:14 INFO  [MetadataApp] Métadonnées extraites : 18 taona.mp3 — titre='18 taona', artiste='Jeneraly', genre='Folk', durée=231s
2026-07-01 14:39:14 INFO  [MetadataApp] Métadonnées extraites : Lendrema.mp3 — titre='Lendrema', artiste='Mahaleo', genre='Folk', durée=491s
2026-07-01 14:39:24 INFO  [MetadataApp] Métadonnées extraites : 18 taona.mp3 — titre='18 taona', artiste='Jeneraly', genre='Folk', durée=231s
2026-07-01 14:39:24 INFO  [MetadataApp] Métadonnées extraites : Lendrema.mp3 — titre='Lendrema', artiste='Mahaleo', genre='Folk', durée=491s
2026-07-01 14:39:34 INFO  [MetadataApp] Métadonnées extraites : 18 taona.mp3 — titre='18 taona', artiste='Jeneraly', genre='Folk', durée=231s
2026-07-01 14:39:34 INFO  [MetadataApp] Métadonnées extraites : Lendrema.mp3 — titre='Lendrema', artiste='Mahaleo', genre='Folk', durée=491s
2026-07-01 14:39:44 INFO  [MetadataApp] Métadonnées extraites : 18 taona.mp3 — titre='18 taona', artiste='Jeneraly', genre='Folk', durée=231s
2026-07-01 14:39:44 INFO  [MetadataApp] Métadonnées extraites : Lendrema.mp3 — titre='Lendrema', artiste='Mahaleo', genre='Folk', durée=491s
2026-07-01 14:39:54 INFO  [MetadataApp] Métadonnées extraites : 18 taona.mp3 — titre='18 taona', artiste='Jeneraly', genre='Folk', durée=231s
2026-07-01 14:39:54 INFO  [MetadataApp] Métadonnées extraites : Lendrema.mp3 — titre='Lendrema', artiste='Mahaleo', genre='Folk', durée=491s
2026-07-01 14:40:04 INFO  [MetadataApp] Métadonnées extraites : 18 taona.mp3 — titre='18 taona', artiste='Jeneraly', genre='Folk', durée=231s
2026-07-01 14:40:04 INFO  [MetadataApp] Métadonnées extraites : Lendrema.mp3 — titre='Lendrema', artiste='Mahaleo', genre='Folk', durée=491s
2026-07-01 14:40:14 INFO  [MetadataApp] Métadonnées extraites : 18 taona.mp3 — titre='18 taona', artiste='Jeneraly', genre='Folk', durée=231s
2026-07-01 14:40:14 INFO  [MetadataApp] Métadonnées extraites : Lendrema.mp3 — titre='Lendrema', artiste='Mahaleo', genre='Folk', durée=491s
2026-07-01 14:40:24 INFO  [MetadataApp] Métadonnées extraites : 18 taona.mp3 — titre='18 taona', artiste='Jeneraly', genre='Folk', durée=231s
2026-07-01 14:40:24 INFO  [MetadataApp] Métadonnées extraites : Lendrema.mp3 — titre='Lendrema', artiste='Mahaleo', genre='Folk', durée=491s
2026-07-01 14:40:34 INFO  [MetadataApp] Métadonnées extraites : 18 taona.mp3 — titre='18 taona', artiste='Jeneraly', genre='Folk', durée=231s
2026-07-01 14:40:34 INFO  [MetadataApp] Métadonnées extraites : Lendrema.mp3 — titre='Lendrema', artiste='Mahaleo', genre='Folk', durée=491s
2026-07-01 14:40:44 INFO  [MetadataApp] Métadonnées extraites : 18 taona.mp3 — titre='18 taona', artiste='Jeneraly', genre='Folk', durée=231s
2026-07-01 14:40:44 INFO  [MetadataApp] Métadonnées extraites : Lendrema.mp3 — titre='Lendrema', artiste='Mahaleo', genre='Folk', durée=491s
2026-07-01 14:40:54 INFO  [MetadataApp] Métadonnées extraites : 18 taona.mp3 — titre='18 taona', artiste='Jeneraly', genre='Folk', durée=231s
2026-07-01 14:40:54 INFO  [MetadataApp] Métadonnées extraites : Lendrema.mp3 — titre='Lendrema', artiste='Mahaleo', genre='Folk', durée=491s
2026-07-01 14:41:04 INFO  [MetadataApp] Métadonnées extraites : 18 taona.mp3 — titre='18 taona', artiste='Jeneraly', genre='Folk', durée=231s
2026-07-01 14:41:04 INFO  [MetadataApp] Métadonnées extraites : Lendrema.mp3 — titre='Lendrema', artiste='Mahaleo', genre='Folk', durée=491s
2026-07-01 14:41:14 INFO  [MetadataApp] Métadonnées extraites : 18 taona.mp3 — titre='18 taona', artiste='Jeneraly', genre='Folk', durée=231s
2026-07-01 14:41:14 INFO  [MetadataApp] Métadonnées extraites : Lendrema.mp3 — titre='Lendrema', artiste='Mahaleo', genre='Folk', durée=491s
2026-07-01 14:41:24 INFO  [MetadataApp] Métadonnées extraites : 18 taona.mp3 — titre='18 taona', artiste='Jeneraly', genre='Folk', durée=231s
2026-07-01 14:41:24 INFO  [MetadataApp] Métadonnées extraites : Lendrema.mp3 — titre='Lendrema', artiste='Mahaleo', genre='Folk', durée=491s
2026-07-01 14:41:34 INFO  [MetadataApp] Métadonnées extraites : 18 taona.mp3 — titre='18 taona', artiste='Jeneraly', genre='Folk', durée=231s
2026-07-01 14:41:34 INFO  [MetadataApp] Métadonnées extraites : Lendrema.mp3 — titre='Lendrema', artiste='Mahaleo', genre='Folk', durée=491s
2026-07-01 14:41:44 INFO  [MetadataApp] Métadonnées extraites : 18 taona.mp3 — titre='18 taona', artiste='Jeneraly', genre='Folk', durée=231s
2026-07-01 14:41:44 INFO  [MetadataApp] Métadonnées extraites : Lendrema.mp3 — titre='Lendrema', artiste='Mahaleo', genre='Folk', durée=491s
2026-07-01 14:41:54 INFO  [MetadataApp] Métadonnées extraites : 18 taona.mp3 — titre='18 taona', artiste='Jeneraly', genre='Folk', durée=231s
2026-07-01 14:41:54 INFO  [MetadataApp] Métadonnées extraites : Lendrema.mp3 — titre='Lendrema', artiste='Mahaleo', genre='Folk', durée=491s
2026-07-01 14:42:04 INFO  [MetadataApp] Métadonnées extraites : 18 taona.mp3 — titre='18 taona', artiste='Jeneraly', genre='Folk', durée=231s
2026-07-01 14:42:04 INFO  [MetadataApp] Métadonnées extraites : Lendrema.mp3 — titre='Lendrema', artiste='Mahaleo', genre='Folk', durée=491s
2026-07-01 14:42:14 INFO  [MetadataApp] Métadonnées extraites : 18 taona.mp3 — titre='18 taona', artiste='Jeneraly', genre='Folk', durée=231s
2026-07-01 14:42:14 INFO  [MetadataApp] Métadonnées extraites : Lendrema.mp3 — titre='Lendrema', artiste='Mahaleo', genre='Folk', durée=491s
2026-07-01 14:42:24 INFO  [MetadataApp] Métadonnées extraites : 18 taona.mp3 — titre='18 taona', artiste='Jeneraly', genre='Folk', durée=231s
2026-07-01 14:42:24 INFO  [MetadataApp] Métadonnées extraites : Lendrema.mp3 — titre='Lendrema', artiste='Mahaleo', genre='Folk', durée=491s
2026-07-01 14:42:34 INFO  [MetadataApp] Métadonnées extraites : 18 taona.mp3 — titre='18 taona', artiste='Jeneraly', genre='Folk', durée=231s
2026-07-01 14:42:34 INFO  [MetadataApp] Métadonnées extraites : Lendrema.mp3 — titre='Lendrema', artiste='Mahaleo', genre='Folk', durée=491s
2026-07-01 14:42:44 INFO  [MetadataApp] Métadonnées extraites : 18 taona.mp3 — titre='18 taona', artiste='Jeneraly', genre='Folk', durée=231s
2026-07-01 14:42:44 INFO  [MetadataApp] Métadonnées extraites : Lendrema.mp3 — titre='Lendrema', artiste='Mahaleo', genre='Folk', durée=491s
2026-07-01 14:42:54 INFO  [MetadataApp] Métadonnées extraites : 18 taona.mp3 — titre='18 taona', artiste='Jeneraly', genre='Folk', durée=231s
2026-07-01 14:42:54 INFO  [MetadataApp] Métadonnées extraites : Lendrema.mp3 — titre='Lendrema', artiste='Mahaleo', genre='Folk', durée=491s
2026-07-01 14:43:04 INFO  [MetadataApp] Métadonnées extraites : 18 taona.mp3 — titre='18 taona', artiste='Jeneraly', genre='Folk', durée=231s
2026-07-01 14:43:04 INFO  [MetadataApp] Métadonnées extraites : Lendrema.mp3 — titre='Lendrema', artiste='Mahaleo', genre='Folk', durée=491s
2026-07-01 14:43:14 INFO  [MetadataApp] Métadonnées extraites : 18 taona.mp3 — titre='18 taona', artiste='Jeneraly', genre='Folk', durée=231s
2026-07-01 14:43:14 INFO  [MetadataApp] Métadonnées extraites : Lendrema.mp3 — titre='Lendrema', artiste='Mahaleo', genre='Folk', durée=491s
2026-07-01 14:43:24 INFO  [MetadataApp] Métadonnées extraites : 18 taona.mp3 — titre='18 taona', artiste='Jeneraly', genre='Folk', durée=231s
2026-07-01 14:43:24 INFO  [MetadataApp] Métadonnées extraites : Lendrema.mp3 — titre='Lendrema', artiste='Mahaleo', genre='Folk', durée=491s
2026-07-01 14:43:34 INFO  [MetadataApp] Métadonnées extraites : 18 taona.mp3 — titre='18 taona', artiste='Jeneraly', genre='Folk', durée=231s
2026-07-01 14:43:34 INFO  [MetadataApp] Métadonnées extraites : Lendrema.mp3 — titre='Lendrema', artiste='Mahaleo', genre='Folk', durée=491s
2026-07-01 14:43:44 INFO  [MetadataApp] Métadonnées extraites : 18 taona.mp3 — titre='18 taona', artiste='Jeneraly', genre='Folk', durée=231s
2026-07-01 14:43:44 INFO  [MetadataApp] Métadonnées extraites : Lendrema.mp3 — titre='Lendrema', artiste='Mahaleo', genre='Folk', durée=491s
2026-07-01 14:43:54 INFO  [MetadataApp] Métadonnées extraites : 18 taona.mp3 — titre='18 taona', artiste='Jeneraly', genre='Folk', durée=231s
2026-07-01 14:43:54 INFO  [MetadataApp] Métadonnées extraites : Lendrema.mp3 — titre='Lendrema', artiste='Mahaleo', genre='Folk', durée=491s
2026-07-01 14:44:04 INFO  [MetadataApp] Métadonnées extraites : 18 taona.mp3 — titre='18 taona', artiste='Jeneraly', genre='Folk', durée=231s
2026-07-01 14:44:04 INFO  [MetadataApp] Métadonnées extraites : Lendrema.mp3 — titre='Lendrema', artiste='Mahaleo', genre='Folk', durée=491s
2026-07-01 14:44:14 INFO  [MetadataApp] Métadonnées extraites : 18 taona.mp3 — titre='18 taona', artiste='Jeneraly', genre='Folk', durée=231s
2026-07-01 14:44:14 INFO  [MetadataApp] Métadonnées extraites : Lendrema.mp3 — titre='Lendrema', artiste='Mahaleo', genre='Folk', durée=491s
2026-07-01 14:44:24 INFO  [MetadataApp] Métadonnées extraites : 18 taona.mp3 — titre='18 taona', artiste='Jeneraly', genre='Folk', durée=231s
2026-07-01 14:44:24 INFO  [MetadataApp] Métadonnées extraites : Lendrema.mp3 — titre='Lendrema', artiste='Mahaleo', genre='Folk', durée=491s
2026-07-01 14:44:34 INFO  [MetadataApp] Métadonnées extraites : 18 taona.mp3 — titre='18 taona', artiste='Jeneraly', genre='Folk', durée=231s
2026-07-01 14:44:34 INFO  [MetadataApp] Métadonnées extraites : Lendrema.mp3 — titre='Lendrema', artiste='Mahaleo', genre='Folk', durée=491s
2026-07-01 14:44:44 INFO  [MetadataApp] Métadonnées extraites : 18 taona.mp3 — titre='18 taona', artiste='Jeneraly', genre='Folk', durée=231s
2026-07-01 14:44:44 INFO  [MetadataApp] Métadonnées extraites : Lendrema.mp3 — titre='Lendrema', artiste='Mahaleo', genre='Folk', durée=491s
2026-07-01 14:44:54 INFO  [MetadataApp] Métadonnées extraites : 18 taona.mp3 — titre='18 taona', artiste='Jeneraly', genre='Folk', durée=231s
2026-07-01 14:44:54 INFO  [MetadataApp] Métadonnées extraites : Lendrema.mp3 — titre='Lendrema', artiste='Mahaleo', genre='Folk', durée=491s
2026-07-01 14:45:04 INFO  [MetadataApp] Métadonnées extraites : 18 taona.mp3 — titre='18 taona', artiste='Jeneraly', genre='Folk', durée=231s
2026-07-01 14:45:04 INFO  [MetadataApp] Métadonnées extraites : Lendrema.mp3 — titre='Lendrema', artiste='Mahaleo', genre='Folk', durée=491s
2026-07-01 14:45:14 INFO  [MetadataApp] Métadonnées extraites : 18 taona.mp3 — titre='18 taona', artiste='Jeneraly', genre='Folk', durée=231s
2026-07-01 14:45:14 INFO  [MetadataApp] Métadonnées extraites : Lendrema.mp3 — titre='Lendrema', artiste='Mahaleo', genre='Folk', durée=491s
2026-07-01 14:45:24 INFO  [MetadataApp] Métadonnées extraites : 18 taona.mp3 — titre='18 taona', artiste='Jeneraly', genre='Folk', durée=231s
2026-07-01 14:45:24 INFO  [MetadataApp] Métadonnées extraites : Lendrema.mp3 — titre='Lendrema', artiste='Mahaleo', genre='Folk', durée=491s
2026-07-01 14:45:34 INFO  [MetadataApp] Métadonnées extraites : 18 taona.mp3 — titre='18 taona', artiste='Jeneraly', genre='Folk', durée=231s
2026-07-01 14:45:34 INFO  [MetadataApp] Métadonnées extraites : Lendrema.mp3 — titre='Lendrema', artiste='Mahaleo', genre='Folk', durée=491s
2026-07-01 14:45:44 INFO  [MetadataApp] Métadonnées extraites : 18 taona.mp3 — titre='18 taona', artiste='Jeneraly', genre='Folk', durée=231s
2026-07-01 14:45:44 INFO  [MetadataApp] Métadonnées extraites : Lendrema.mp3 — titre='Lendrema', artiste='Mahaleo', genre='Folk', durée=491s
2026-07-01 14:45:54 INFO  [MetadataApp] Métadonnées extraites : 18 taona.mp3 — titre='18 taona', artiste='Jeneraly', genre='Folk', durée=231s
2026-07-01 14:45:54 INFO  [MetadataApp] Métadonnées extraites : Lendrema.mp3 — titre='Lendrema', artiste='Mahaleo', genre='Folk', durée=491s
2026-07-01 14:46:04 INFO  [MetadataApp] Métadonnées extraites : 18 taona.mp3 — titre='18 taona', artiste='Jeneraly', genre='Folk', durée=231s
2026-07-01 14:46:04 INFO  [MetadataApp] Métadonnées extraites : Lendrema.mp3 — titre='Lendrema', artiste='Mahaleo', genre='Folk', durée=491s
2026-07-01 14:46:14 INFO  [MetadataApp] Métadonnées extraites : 18 taona.mp3 — titre='18 taona', artiste='Jeneraly', genre='Folk', durée=231s
2026-07-01 14:46:14 INFO  [MetadataApp] Métadonnées extraites : Lendrema.mp3 — titre='Lendrema', artiste='Mahaleo', genre='Folk', durée=491s
2026-07-01 14:46:24 INFO  [MetadataApp] Métadonnées extraites : 18 taona.mp3 — titre='18 taona', artiste='Jeneraly', genre='Folk', durée=231s
2026-07-01 14:46:24 INFO  [MetadataApp] Métadonnées extraites : Lendrema.mp3 — titre='Lendrema', artiste='Mahaleo', genre='Folk', durée=491s
2026-07-01 14:46:34 INFO  [MetadataApp] Métadonnées extraites : 18 taona.mp3 — titre='18 taona', artiste='Jeneraly', genre='Folk', durée=231s
2026-07-01 14:46:34 INFO  [MetadataApp] Métadonnées extraites : Lendrema.mp3 — titre='Lendrema', artiste='Mahaleo', genre='Folk', durée=491s
2026-07-01 14:46:44 INFO  [MetadataApp] Métadonnées extraites : 18 taona.mp3 — titre='18 taona', artiste='Jeneraly', genre='Folk', durée=231s
2026-07-01 14:46:44 INFO  [MetadataApp] Métadonnées extraites : Lendrema.mp3 — titre='Lendrema', artiste='Mahaleo', genre='Folk', durée=491s
2026-07-01 14:46:54 INFO  [MetadataApp] Métadonnées extraites : 18 taona.mp3 — titre='18 taona', artiste='Jeneraly', genre='Folk', durée=231s
2026-07-01 14:46:54 INFO  [MetadataApp] Métadonnées extraites : Lendrema.mp3 — titre='Lendrema', artiste='Mahaleo', genre='Folk', durée=491s
2026-07-01 14:47:04 INFO  [MetadataApp] Métadonnées extraites : 18 taona.mp3 — titre='18 taona', artiste='Jeneraly', genre='Folk', durée=231s
2026-07-01 14:47:04 INFO  [MetadataApp] Métadonnées extraites : Lendrema.mp3 — titre='Lendrema', artiste='Mahaleo', genre='Folk', durée=491s
2026-07-01 14:47:14 INFO  [MetadataApp] Métadonnées extraites : 18 taona.mp3 — titre='18 taona', artiste='Jeneraly', genre='Folk', durée=231s
2026-07-01 14:47:14 INFO  [MetadataApp] Métadonnées extraites : Lendrema.mp3 — titre='Lendrema', artiste='Mahaleo', genre='Folk', durée=491s
2026-07-01 14:47:24 INFO  [MetadataApp] Métadonnées extraites : 18 taona.mp3 — titre='18 taona', artiste='Jeneraly', genre='Folk', durée=231s
2026-07-01 14:47:24 INFO  [MetadataApp] Métadonnées extraites : Lendrema.mp3 — titre='Lendrema', artiste='Mahaleo', genre='Folk', durée=491s
2026-07-01 14:47:34 INFO  [MetadataApp] Métadonnées extraites : 18 taona.mp3 — titre='18 taona', artiste='Jeneraly', genre='Folk', durée=231s
2026-07-01 14:47:34 INFO  [MetadataApp] Métadonnées extraites : Lendrema.mp3 — titre='Lendrema', artiste='Mahaleo', genre='Folk', durée=491s
2026-07-01 14:47:44 INFO  [MetadataApp] Métadonnées extraites : 18 taona.mp3 — titre='18 taona', artiste='Jeneraly', genre='Folk', durée=231s
2026-07-01 14:47:44 INFO  [MetadataApp] Métadonnées extraites : Lendrema.mp3 — titre='Lendrema', artiste='Mahaleo', genre='Folk', durée=491s
2026-07-01 14:47:54 INFO  [MetadataApp] Métadonnées extraites : 18 taona.mp3 — titre='18 taona', artiste='Jeneraly', genre='Folk', durée=231s
2026-07-01 14:47:54 INFO  [MetadataApp] Métadonnées extraites : Lendrema.mp3 — titre='Lendrema', artiste='Mahaleo', genre='Folk', durée=491s
2026-07-01 14:48:04 INFO  [MetadataApp] Métadonnées extraites : 18 taona.mp3 — titre='18 taona', artiste='Jeneraly', genre='Folk', durée=231s
2026-07-01 14:48:04 INFO  [MetadataApp] Métadonnées extraites : Lendrema.mp3 — titre='Lendrema', artiste='Mahaleo', genre='Folk', durée=491s
2026-07-01 14:48:14 INFO  [MetadataApp] Métadonnées extraites : 18 taona.mp3 — titre='18 taona', artiste='Jeneraly', genre='Folk', durée=231s
2026-07-01 14:48:14 INFO  [MetadataApp] Métadonnées extraites : Lendrema.mp3 — titre='Lendrema', artiste='Mahaleo', genre='Folk', durée=491s
2026-07-01 14:48:24 INFO  [MetadataApp] Métadonnées extraites : 18 taona.mp3 — titre='18 taona', artiste='Jeneraly', genre='Folk', durée=231s
2026-07-01 14:48:24 INFO  [MetadataApp] Métadonnées extraites : Lendrema.mp3 — titre='Lendrema', artiste='Mahaleo', genre='Folk', durée=491s
2026-07-01 14:48:34 INFO  [MetadataApp] Métadonnées extraites : 18 taona.mp3 — titre='18 taona', artiste='Jeneraly', genre='Folk', durée=231s
2026-07-01 14:48:34 INFO  [MetadataApp] Métadonnées extraites : Lendrema.mp3 — titre='Lendrema', artiste='Mahaleo', genre='Folk', durée=491s
2026-07-01 14:48:44 INFO  [MetadataApp] Métadonnées extraites : 18 taona.mp3 — titre='18 taona', artiste='Jeneraly', genre='Folk', durée=231s
2026-07-01 14:48:44 INFO  [MetadataApp] Métadonnées extraites : Lendrema.mp3 — titre='Lendrema', artiste='Mahaleo', genre='Folk', durée=491s
2026-07-01 14:48:54 INFO  [MetadataApp] Métadonnées extraites : 18 taona.mp3 — titre='18 taona', artiste='Jeneraly', genre='Folk', durée=231s
2026-07-01 14:48:54 INFO  [MetadataApp] Métadonnées extraites : Lendrema.mp3 — titre='Lendrema', artiste='Mahaleo', genre='Folk', durée=491s
2026-07-01 14:49:04 INFO  [MetadataApp] Métadonnées extraites : 18 taona.mp3 — titre='18 taona', artiste='Jeneraly', genre='Folk', durée=231s
2026-07-01 14:49:04 INFO  [MetadataApp] Métadonnées extraites : Lendrema.mp3 — titre='Lendrema', artiste='Mahaleo', genre='Folk', durée=491s
2026-07-01 14:49:14 INFO  [MetadataApp] Métadonnées extraites : 18 taona.mp3 — titre='18 taona', artiste='Jeneraly', genre='Folk', durée=231s
2026-07-01 14:49:14 INFO  [MetadataApp] Métadonnées extraites : Lendrema.mp3 — titre='Lendrema', artiste='Mahaleo', genre='Folk', durée=491s
2026-07-01 14:49:24 INFO  [MetadataApp] Métadonnées extraites : 18 taona.mp3 — titre='18 taona', artiste='Jeneraly', genre='Folk', durée=231s
2026-07-01 14:49:24 INFO  [MetadataApp] Métadonnées extraites : Lendrema.mp3 — titre='Lendrema', artiste='Mahaleo', genre='Folk', durée=491s
2026-07-01 14:49:34 INFO  [MetadataApp] Métadonnées extraites : 18 taona.mp3 — titre='18 taona', artiste='Jeneraly', genre='Folk', durée=231s
2026-07-01 14:49:34 INFO  [MetadataApp] Métadonnées extraites : Lendrema.mp3 — titre='Lendrema', artiste='Mahaleo', genre='Folk', durée=491s
2026-07-01 14:49:44 INFO  [MetadataApp] Métadonnées extraites : 18 taona.mp3 — titre='18 taona', artiste='Jeneraly', genre='Folk', durée=231s
2026-07-01 14:49:44 INFO  [MetadataApp] Métadonnées extraites : Lendrema.mp3 — titre='Lendrema', artiste='Mahaleo', genre='Folk', durée=491s
2026-07-01 14:49:54 INFO  [MetadataApp] Métadonnées extraites : 18 taona.mp3 — titre='18 taona', artiste='Jeneraly', genre='Folk', durée=231s
2026-07-01 14:49:54 INFO  [MetadataApp] Métadonnées extraites : Lendrema.mp3 — titre='Lendrema', artiste='Mahaleo', genre='Folk', durée=491s
2026-07-01 14:50:04 INFO  [MetadataApp] Métadonnées extraites : 18 taona.mp3 — titre='18 taona', artiste='Jeneraly', genre='Folk', durée=231s
2026-07-01 14:50:04 INFO  [MetadataApp] Métadonnées extraites : Lendrema.mp3 — titre='Lendrema', artiste='Mahaleo', genre='Folk', durée=491s
2026-07-01 14:50:14 INFO  [MetadataApp] Métadonnées extraites : 18 taona.mp3 — titre='18 taona', artiste='Jeneraly', genre='Folk', durée=231s
2026-07-01 14:50:14 INFO  [MetadataApp] Métadonnées extraites : Lendrema.mp3 — titre='Lendrema', artiste='Mahaleo', genre='Folk', durée=491s
2026-07-01 14:50:24 INFO  [MetadataApp] Métadonnées extraites : 18 taona.mp3 — titre='18 taona', artiste='Jeneraly', genre='Folk', durée=231s
2026-07-01 14:50:24 INFO  [MetadataApp] Métadonnées extraites : Lendrema.mp3 — titre='Lendrema', artiste='Mahaleo', genre='Folk', durée=491s
2026-07-01 14:50:34 INFO  [MetadataApp] Métadonnées extraites : 18 taona.mp3 — titre='18 taona', artiste='Jeneraly', genre='Folk', durée=231s
2026-07-01 14:50:34 INFO  [MetadataApp] Métadonnées extraites : Lendrema.mp3 — titre='Lendrema', artiste='Mahaleo', genre='Folk', durée=491s
2026-07-01 14:50:44 INFO  [MetadataApp] Métadonnées extraites : 18 taona.mp3 — titre='18 taona', artiste='Jeneraly', genre='Folk', durée=231s
2026-07-01 14:50:44 INFO  [MetadataApp] Métadonnées extraites : Lendrema.mp3 — titre='Lendrema', artiste='Mahaleo', genre='Folk', durée=491s
2026-07-01 14:50:54 INFO  [MetadataApp] Métadonnées extraites : 18 taona.mp3 — titre='18 taona', artiste='Jeneraly', genre='Folk', durée=231s
2026-07-01 14:50:54 INFO  [MetadataApp] Métadonnées extraites : Lendrema.mp3 — titre='Lendrema', artiste='Mahaleo', genre='Folk', durée=491s
2026-07-01 14:51:04 INFO  [MetadataApp] Métadonnées extraites : 18 taona.mp3 — titre='18 taona', artiste='Jeneraly', genre='Folk', durée=231s
2026-07-01 14:51:04 INFO  [MetadataApp] Métadonnées extraites : Lendrema.mp3 — titre='Lendrema', artiste='Mahaleo', genre='Folk', durée=491s
2026-07-01 14:51:14 INFO  [MetadataApp] Métadonnées extraites : 18 taona.mp3 — titre='18 taona', artiste='Jeneraly', genre='Folk', durée=231s
2026-07-01 14:51:14 INFO  [MetadataApp] Métadonnées extraites : Lendrema.mp3 — titre='Lendrema', artiste='Mahaleo', genre='Folk', durée=491s
2026-07-01 14:51:24 INFO  [MetadataApp] Métadonnées extraites : 18 taona.mp3 — titre='18 taona', artiste='Jeneraly', genre='Folk', durée=231s
2026-07-01 14:51:24 INFO  [MetadataApp] Métadonnées extraites : Lendrema.mp3 — titre='Lendrema', artiste='Mahaleo', genre='Folk', durée=491s
2026-07-01 14:51:34 INFO  [MetadataApp] Métadonnées extraites : 18 taona.mp3 — titre='18 taona', artiste='Jeneraly', genre='Folk', durée=231s
2026-07-01 14:51:34 INFO  [MetadataApp] Métadonnées extraites : Lendrema.mp3 — titre='Lendrema', artiste='Mahaleo', genre='Folk', durée=491s
2026-07-01 14:51:44 INFO  [MetadataApp] Métadonnées extraites : 18 taona.mp3 — titre='18 taona', artiste='Jeneraly', genre='Folk', durée=231s
2026-07-01 14:51:44 INFO  [MetadataApp] Métadonnées extraites : Lendrema.mp3 — titre='Lendrema', artiste='Mahaleo', genre='Folk', durée=491s
2026-07-01 14:51:54 INFO  [MetadataApp] Métadonnées extraites : 18 taona.mp3 — titre='18 taona', artiste='Jeneraly', genre='Folk', durée=231s
2026-07-01 14:51:54 INFO  [MetadataApp] Métadonnées extraites : Lendrema.mp3 — titre='Lendrema', artiste='Mahaleo', genre='Folk', durée=491s
2026-07-01 14:53:13 INFO  [MetadataApp] Métadonnées extraites : 18 taona.mp3 — titre='18 taona', artiste='Jeneraly', genre='Folk', durée=231s
2026-07-01 14:53:13 INFO  [MetadataApp] Métadonnées extraites : Lendrema.mp3 — titre='Lendrema', artiste='Mahaleo', genre='Folk', durée=491s
2026-07-01 14:53:13 INFO  [MetadataApp] Métadonnées extraites : 18 taona.mp3 — titre='18 taona', artiste='Jeneraly', genre='Folk', durée=231s
2026-07-01 14:53:13 INFO  [MetadataApp] Métadonnées extraites : Lendrema.mp3 — titre='Lendrema', artiste='Mahaleo', genre='Folk', durée=491s
2026-07-01 14:53:13 INFO  [MetadataApp] Métadonnées extraites : 18 taona.mp3 — titre='18 taona', artiste='Jeneraly', genre='Folk', durée=231s
2026-07-01 14:53:13 INFO  [MetadataApp] Métadonnées extraites : Lendrema.mp3 — titre='Lendrema', artiste='Mahaleo', genre='Folk', durée=491s
2026-07-01 14:53:13 INFO  [MetadataApp] Métadonnées extraites : 18 taona.mp3 — titre='18 taona', artiste='Jeneraly', genre='Folk', durée=231s
2026-07-01 14:53:14 INFO  [MetadataApp] Métadonnées extraites : Lendrema.mp3 — titre='Lendrema', artiste='Mahaleo', genre='Folk', durée=491s
2026-07-01 14:53:14 INFO  [MetadataApp] Métadonnées extraites : 18 taona.mp3 — titre='18 taona', artiste='Jeneraly', genre='Folk', durée=231s
2026-07-01 14:53:14 INFO  [MetadataApp] Métadonnées extraites : Lendrema.mp3 — titre='Lendrema', artiste='Mahaleo', genre='Folk', durée=491s
2026-07-01 14:53:14 INFO  [MetadataApp] Métadonnées extraites : 18 taona.mp3 — titre='18 taona', artiste='Jeneraly', genre='Folk', durée=231s
2026-07-01 14:53:14 INFO  [MetadataApp] Métadonnées extraites : Lendrema.mp3 — titre='Lendrema', artiste='Mahaleo', genre='Folk', durée=491s
2026-07-01 14:53:14 INFO  [MetadataApp] Métadonnées extraites : 18 taona.mp3 — titre='18 taona', artiste='Jeneraly', genre='Folk', durée=231s
2026-07-01 14:53:14 INFO  [MetadataApp] Métadonnées extraites : Lendrema.mp3 — titre='Lendrema', artiste='Mahaleo', genre='Folk', durée=491s
2026-07-01 14:53:14 INFO  [MetadataApp] Métadonnées extraites : 18 taona.mp3 — titre='18 taona', artiste='Jeneraly', genre='Folk', durée=231s
2026-07-01 14:53:14 INFO  [MetadataApp] Métadonnées extraites : Lendrema.mp3 — titre='Lendrema', artiste='Mahaleo', genre='Folk', durée=491s
2026-07-01 14:53:24 INFO  [MetadataApp] Métadonnées extraites : 18 taona.mp3 — titre='18 taona', artiste='Jeneraly', genre='Folk', durée=231s
2026-07-01 14:53:24 INFO  [MetadataApp] Métadonnées extraites : Lendrema.mp3 — titre='Lendrema', artiste='Mahaleo', genre='Folk', durée=491s
2026-07-01 16:36:22 INFO  [MetadataApp] Métadonnées extraites : 18 taona.mp3 — titre='18 taona', artiste='Jeneraly', genre='Folk', durée=231s
2026-07-01 16:36:22 INFO  [MetadataApp] Métadonnées extraites : Lendrema.mp3 — titre='Lendrema', artiste='Mahaleo', genre='Folk', durée=491s
2026-07-01 16:36:28 INFO  [MetadataApp] Métadonnées extraites : 18 taona.mp3 — titre='18 taona', artiste='Jeneraly', genre='Folk', durée=231s
2026-07-01 16:36:28 INFO  [MetadataApp] Métadonnées extraites : Lendrema.mp3 — titre='Lendrema', artiste='Mahaleo', genre='Folk', durée=491s
2026-07-01 16:36:28 INFO  [MetadataApp] Métadonnées extraites : 18 taona.mp3 — titre='18 taona', artiste='Jeneraly', genre='Folk', durée=231s
2026-07-01 16:36:29 INFO  [MetadataApp] Métadonnées extraites : Lendrema.mp3 — titre='Lendrema', artiste='Mahaleo', genre='Folk', durée=491s
2026-07-01 16:36:29 INFO  [MetadataApp] Métadonnées extraites : 18 taona.mp3 — titre='18 taona', artiste='Jeneraly', genre='Folk', durée=231s
2026-07-01 16:36:29 INFO  [MetadataApp] Métadonnées extraites : Lendrema.mp3 — titre='Lendrema', artiste='Mahaleo', genre='Folk', durée=491s
2026-07-01 16:36:29 INFO  [MetadataApp] Métadonnées extraites : 18 taona.mp3 — titre='18 taona', artiste='Jeneraly', genre='Folk', durée=231s
2026-07-01 16:36:29 INFO  [MetadataApp] Métadonnées extraites : Lendrema.mp3 — titre='Lendrema', artiste='Mahaleo', genre='Folk', durée=491s
2026-07-01 16:36:30 INFO  [MetadataApp] Métadonnées extraites : 18 taona.mp3 — titre='18 taona', artiste='Jeneraly', genre='Folk', durée=231s
2026-07-01 16:36:30 INFO  [MetadataApp] Métadonnées extraites : Lendrema.mp3 — titre='Lendrema', artiste='Mahaleo', genre='Folk', durée=491s
2026-07-01 16:36:30 INFO  [MetadataApp] Métadonnées extraites : 18 taona.mp3 — titre='18 taona', artiste='Jeneraly', genre='Folk', durée=231s
2026-07-01 16:36:30 INFO  [MetadataApp] Métadonnées extraites : Lendrema.mp3 — titre='Lendrema', artiste='Mahaleo', genre='Folk', durée=491s
2026-07-01 16:36:30 INFO  [MetadataApp] Métadonnées extraites : 18 taona.mp3 — titre='18 taona', artiste='Jeneraly', genre='Folk', durée=231s
2026-07-01 16:36:30 INFO  [MetadataApp] Métadonnées extraites : Lendrema.mp3 — titre='Lendrema', artiste='Mahaleo', genre='Folk', durée=491s
2026-07-01 16:36:30 INFO  [MetadataApp] Métadonnées extraites : 18 taona.mp3 — titre='18 taona', artiste='Jeneraly', genre='Folk', durée=231s
2026-07-01 16:36:30 INFO  [MetadataApp] Métadonnées extraites : Lendrema.mp3 — titre='Lendrema', artiste='Mahaleo', genre='Folk', durée=491s
2026-07-01 16:36:30 INFO  [MetadataApp] Métadonnées extraites : 18 taona.mp3 — titre='18 taona', artiste='Jeneraly', genre='Folk', durée=231s
2026-07-01 16:36:30 INFO  [MetadataApp] Métadonnées extraites : Lendrema.mp3 — titre='Lendrema', artiste='Mahaleo', genre='Folk', durée=491s
2026-07-01 16:36:30 INFO  [MetadataApp] Métadonnées extraites : 18 taona.mp3 — titre='18 taona', artiste='Jeneraly', genre='Folk', durée=231s
2026-07-01 16:36:30 INFO  [MetadataApp] Métadonnées extraites : Lendrema.mp3 — titre='Lendrema', artiste='Mahaleo', genre='Folk', durée=491s
2026-07-01 16:36:30 INFO  [MetadataApp] Métadonnées extraites : 18 taona.mp3 — titre='18 taona', artiste='Jeneraly', genre='Folk', durée=231s
2026-07-01 16:36:30 INFO  [MetadataApp] Métadonnées extraites : Lendrema.mp3 — titre='Lendrema', artiste='Mahaleo', genre='Folk', durée=491s
2026-07-01 16:36:30 INFO  [MetadataApp] Métadonnées extraites : 18 taona.mp3 — titre='18 taona', artiste='Jeneraly', genre='Folk', durée=231s
2026-07-01 16:36:30 INFO  [MetadataApp] Métadonnées extraites : Lendrema.mp3 — titre='Lendrema', artiste='Mahaleo', genre='Folk', durée=491s
2026-07-01 16:36:30 INFO  [MetadataApp] Métadonnées extraites : 18 taona.mp3 — titre='18 taona', artiste='Jeneraly', genre='Folk', durée=231s
2026-07-01 16:36:30 INFO  [MetadataApp] Métadonnées extraites : Lendrema.mp3 — titre='Lendrema', artiste='Mahaleo', genre='Folk', durée=491s
2026-07-01 16:36:30 INFO  [MetadataApp] Métadonnées extraites : 18 taona.mp3 — titre='18 taona', artiste='Jeneraly', genre='Folk', durée=231s
2026-07-01 16:36:30 INFO  [MetadataApp] Métadonnées extraites : Lendrema.mp3 — titre='Lendrema', artiste='Mahaleo', genre='Folk', durée=491s
2026-07-01 16:36:30 INFO  [MetadataApp] Métadonnées extraites : 18 taona.mp3 — titre='18 taona', artiste='Jeneraly', genre='Folk', durée=231s
2026-07-01 16:36:30 INFO  [MetadataApp] Métadonnées extraites : Lendrema.mp3 — titre='Lendrema', artiste='Mahaleo', genre='Folk', durée=491s
2026-07-01 16:36:30 INFO  [MetadataApp] Métadonnées extraites : 18 taona.mp3 — titre='18 taona', artiste='Jeneraly', genre='Folk', durée=231s
2026-07-01 16:36:30 INFO  [MetadataApp] Métadonnées extraites : Lendrema.mp3 — titre='Lendrema', artiste='Mahaleo', genre='Folk', durée=491s
2026-07-01 16:36:30 INFO  [MetadataApp] Métadonnées extraites : 18 taona.mp3 — titre='18 taona', artiste='Jeneraly', genre='Folk', durée=231s
2026-07-01 16:36:31 INFO  [MetadataApp] Métadonnées extraites : Lendrema.mp3 — titre='Lendrema', artiste='Mahaleo', genre='Folk', durée=491s
2026-07-01 16:36:31 INFO  [MetadataApp] Métadonnées extraites : 18 taona.mp3 — titre='18 taona', artiste='Jeneraly', genre='Folk', durée=231s
2026-07-01 16:36:31 INFO  [MetadataApp] Métadonnées extraites : Lendrema.mp3 — titre='Lendrema', artiste='Mahaleo', genre='Folk', durée=491s
2026-07-01 16:36:31 INFO  [MetadataApp] Métadonnées extraites : 18 taona.mp3 — titre='18 taona', artiste='Jeneraly', genre='Folk', durée=231s
2026-07-01 16:36:31 INFO  [MetadataApp] Métadonnées extraites : Lendrema.mp3 — titre='Lendrema', artiste='Mahaleo', genre='Folk', durée=491s
2026-07-01 16:36:31 INFO  [MetadataApp] Métadonnées extraites : 18 taona.mp3 — titre='18 taona', artiste='Jeneraly', genre='Folk', durée=231s
2026-07-01 16:36:31 INFO  [MetadataApp] Métadonnées extraites : Lendrema.mp3 — titre='Lendrema', artiste='Mahaleo', genre='Folk', durée=491s
2026-07-01 16:36:31 INFO  [MetadataApp] Métadonnées extraites : 18 taona.mp3 — titre='18 taona', artiste='Jeneraly', genre='Folk', durée=231s
2026-07-01 16:36:31 INFO  [MetadataApp] Métadonnées extraites : Lendrema.mp3 — titre='Lendrema', artiste='Mahaleo', genre='Folk', durée=491s
2026-07-01 16:36:31 INFO  [MetadataApp] Métadonnées extraites : 18 taona.mp3 — titre='18 taona', artiste='Jeneraly', genre='Folk', durée=231s
2026-07-01 16:36:31 INFO  [MetadataApp] Métadonnées extraites : Lendrema.mp3 — titre='Lendrema', artiste='Mahaleo', genre='Folk', durée=491s
2026-07-01 16:36:31 INFO  [MetadataApp] Métadonnées extraites : 18 taona.mp3 — titre='18 taona', artiste='Jeneraly', genre='Folk', durée=231s
2026-07-01 16:36:31 INFO  [MetadataApp] Métadonnées extraites : Lendrema.mp3 — titre='Lendrema', artiste='Mahaleo', genre='Folk', durée=491s
2026-07-01 16:36:31 INFO  [MetadataApp] Métadonnées extraites : 18 taona.mp3 — titre='18 taona', artiste='Jeneraly', genre='Folk', durée=231s
2026-07-01 16:36:31 INFO  [MetadataApp] Métadonnées extraites : Lendrema.mp3 — titre='Lendrema', artiste='Mahaleo', genre='Folk', durée=491s
2026-07-01 16:36:31 INFO  [MetadataApp] Métadonnées extraites : 18 taona.mp3 — titre='18 taona', artiste='Jeneraly', genre='Folk', durée=231s
2026-07-01 16:36:31 INFO  [MetadataApp] Métadonnées extraites : Lendrema.mp3 — titre='Lendrema', artiste='Mahaleo', genre='Folk', durée=491s
2026-07-01 16:36:31 INFO  [MetadataApp] Métadonnées extraites : 18 taona.mp3 — titre='18 taona', artiste='Jeneraly', genre='Folk', durée=231s
2026-07-01 16:36:31 INFO  [MetadataApp] Métadonnées extraites : Lendrema.mp3 — titre='Lendrema', artiste='Mahaleo', genre='Folk', durée=491s
2026-07-01 16:36:31 INFO  [MetadataApp] Métadonnées extraites : 18 taona.mp3 — titre='18 taona', artiste='Jeneraly', genre='Folk', durée=231s
2026-07-01 16:36:31 INFO  [MetadataApp] Métadonnées extraites : Lendrema.mp3 — titre='Lendrema', artiste='Mahaleo', genre='Folk', durée=491s
2026-07-01 16:36:31 INFO  [MetadataApp] Métadonnées extraites : 18 taona.mp3 — titre='18 taona', artiste='Jeneraly', genre='Folk', durée=231s
2026-07-01 16:36:31 INFO  [MetadataApp] Métadonnées extraites : Lendrema.mp3 — titre='Lendrema', artiste='Mahaleo', genre='Folk', durée=491s
2026-07-01 16:36:31 INFO  [MetadataApp] Métadonnées extraites : 18 taona.mp3 — titre='18 taona', artiste='Jeneraly', genre='Folk', durée=231s
2026-07-01 16:36:31 INFO  [MetadataApp] Métadonnées extraites : Lendrema.mp3 — titre='Lendrema', artiste='Mahaleo', genre='Folk', durée=491s
2026-07-01 16:36:31 INFO  [MetadataApp] Métadonnées extraites : 18 taona.mp3 — titre='18 taona', artiste='Jeneraly', genre='Folk', durée=231s
2026-07-01 16:36:31 INFO  [MetadataApp] Métadonnées extraites : Lendrema.mp3 — titre='Lendrema', artiste='Mahaleo', genre='Folk', durée=491s
2026-07-01 16:36:31 INFO  [MetadataApp] Métadonnées extraites : 18 taona.mp3 — titre='18 taona', artiste='Jeneraly', genre='Folk', durée=231s
2026-07-01 16:36:31 INFO  [MetadataApp] Métadonnées extraites : Lendrema.mp3 — titre='Lendrema', artiste='Mahaleo', genre='Folk', durée=491s
2026-07-01 16:36:31 INFO  [MetadataApp] Métadonnées extraites : 18 taona.mp3 — titre='18 taona', artiste='Jeneraly', genre='Folk', durée=231s
2026-07-01 16:36:31 INFO  [MetadataApp] Métadonnées extraites : Lendrema.mp3 — titre='Lendrema', artiste='Mahaleo', genre='Folk', durée=491s
2026-07-01 16:36:31 INFO  [MetadataApp] Métadonnées extraites : 18 taona.mp3 — titre='18 taona', artiste='Jeneraly', genre='Folk', durée=231s
2026-07-01 16:36:31 INFO  [MetadataApp] Métadonnées extraites : Lendrema.mp3 — titre='Lendrema', artiste='Mahaleo', genre='Folk', durée=491s
2026-07-01 16:36:31 INFO  [MetadataApp] Métadonnées extraites : 18 taona.mp3 — titre='18 taona', artiste='Jeneraly', genre='Folk', durée=231s
2026-07-01 16:36:31 INFO  [MetadataApp] Métadonnées extraites : Lendrema.mp3 — titre='Lendrema', artiste='Mahaleo', genre='Folk', durée=491s
2026-07-01 16:36:31 INFO  [MetadataApp] Métadonnées extraites : 18 taona.mp3 — titre='18 taona', artiste='Jeneraly', genre='Folk', durée=231s
2026-07-01 16:36:31 INFO  [MetadataApp] Métadonnées extraites : Lendrema.mp3 — titre='Lendrema', artiste='Mahaleo', genre='Folk', durée=491s
2026-07-01 16:36:31 INFO  [MetadataApp] Métadonnées extraites : 18 taona.mp3 — titre='18 taona', artiste='Jeneraly', genre='Folk', durée=231s
2026-07-01 16:36:31 INFO  [MetadataApp] Métadonnées extraites : Lendrema.mp3 — titre='Lendrema', artiste='Mahaleo', genre='Folk', durée=491s
2026-07-01 16:36:31 INFO  [MetadataApp] Métadonnées extraites : 18 taona.mp3 — titre='18 taona', artiste='Jeneraly', genre='Folk', durée=231s
2026-07-01 16:36:31 INFO  [MetadataApp] Métadonnées extraites : Lendrema.mp3 — titre='Lendrema', artiste='Mahaleo', genre='Folk', durée=491s
2026-07-01 16:36:31 INFO  [MetadataApp] Métadonnées extraites : 18 taona.mp3 — titre='18 taona', artiste='Jeneraly', genre='Folk', durée=231s
2026-07-01 16:36:31 INFO  [MetadataApp] Métadonnées extraites : Lendrema.mp3 — titre='Lendrema', artiste='Mahaleo', genre='Folk', durée=491s
2026-07-01 16:36:32 INFO  [MetadataApp] Métadonnées extraites : 18 taona.mp3 — titre='18 taona', artiste='Jeneraly', genre='Folk', durée=231s
2026-07-01 16:36:32 INFO  [MetadataApp] Métadonnées extraites : Lendrema.mp3 — titre='Lendrema', artiste='Mahaleo', genre='Folk', durée=491s
2026-07-01 16:36:32 INFO  [MetadataApp] Métadonnées extraites : 18 taona.mp3 — titre='18 taona', artiste='Jeneraly', genre='Folk', durée=231s
2026-07-01 16:36:32 INFO  [MetadataApp] Métadonnées extraites : Lendrema.mp3 — titre='Lendrema', artiste='Mahaleo', genre='Folk', durée=491s
2026-07-01 16:36:32 INFO  [MetadataApp] Métadonnées extraites : 18 taona.mp3 — titre='18 taona', artiste='Jeneraly', genre='Folk', durée=231s
2026-07-01 16:36:32 INFO  [MetadataApp] Métadonnées extraites : Lendrema.mp3 — titre='Lendrema', artiste='Mahaleo', genre='Folk', durée=491s
2026-07-01 16:36:32 INFO  [MetadataApp] Métadonnées extraites : 18 taona.mp3 — titre='18 taona', artiste='Jeneraly', genre='Folk', durée=231s
2026-07-01 16:36:32 INFO  [MetadataApp] Métadonnées extraites : Lendrema.mp3 — titre='Lendrema', artiste='Mahaleo', genre='Folk', durée=491s
2026-07-01 16:36:32 INFO  [MetadataApp] Métadonnées extraites : 18 taona.mp3 — titre='18 taona', artiste='Jeneraly', genre='Folk', durée=231s
2026-07-01 16:36:32 INFO  [MetadataApp] Métadonnées extraites : Lendrema.mp3 — titre='Lendrema', artiste='Mahaleo', genre='Folk', durée=491s
2026-07-01 16:36:33 INFO  [MetadataApp] Métadonnées extraites : 18 taona.mp3 — titre='18 taona', artiste='Jeneraly', genre='Folk', durée=231s
2026-07-01 16:36:33 INFO  [MetadataApp] Métadonnées extraites : Lendrema.mp3 — titre='Lendrema', artiste='Mahaleo', genre='Folk', durée=491s
2026-07-01 16:36:33 INFO  [MetadataApp] Métadonnées extraites : 18 taona.mp3 — titre='18 taona', artiste='Jeneraly', genre='Folk', durée=231s
2026-07-01 16:36:33 INFO  [MetadataApp] Métadonnées extraites : Lendrema.mp3 — titre='Lendrema', artiste='Mahaleo', genre='Folk', durée=491s
2026-07-01 16:36:33 INFO  [MetadataApp] Métadonnées extraites : 18 taona.mp3 — titre='18 taona', artiste='Jeneraly', genre='Folk', durée=231s
2026-07-01 16:36:33 INFO  [MetadataApp] Métadonnées extraites : Lendrema.mp3 — titre='Lendrema', artiste='Mahaleo', genre='Folk', durée=491s
2026-07-01 16:36:33 INFO  [MetadataApp] Métadonnées extraites : 18 taona.mp3 — titre='18 taona', artiste='Jeneraly', genre='Folk', durée=231s
2026-07-01 16:36:33 INFO  [MetadataApp] Métadonnées extraites : Lendrema.mp3 — titre='Lendrema', artiste='Mahaleo', genre='Folk', durée=491s
2026-07-01 16:36:33 INFO  [MetadataApp] Métadonnées extraites : 18 taona.mp3 — titre='18 taona', artiste='Jeneraly', genre='Folk', durée=231s
2026-07-01 16:36:33 INFO  [MetadataApp] Métadonnées extraites : Lendrema.mp3 — titre='Lendrema', artiste='Mahaleo', genre='Folk', durée=491s
2026-07-01 16:36:33 INFO  [MetadataApp] Métadonnées extraites : 18 taona.mp3 — titre='18 taona', artiste='Jeneraly', genre='Folk', durée=231s
2026-07-01 16:36:33 INFO  [MetadataApp] Métadonnées extraites : Lendrema.mp3 — titre='Lendrema', artiste='Mahaleo', genre='Folk', durée=491s
2026-07-01 16:36:33 INFO  [MetadataApp] Métadonnées extraites : 18 taona.mp3 — titre='18 taona', artiste='Jeneraly', genre='Folk', durée=231s
2026-07-01 16:36:33 INFO  [MetadataApp] Métadonnées extraites : Lendrema.mp3 — titre='Lendrema', artiste='Mahaleo', genre='Folk', durée=491s
2026-07-01 16:36:33 INFO  [MetadataApp] Métadonnées extraites : 18 taona.mp3 — titre='18 taona', artiste='Jeneraly', genre='Folk', durée=231s
2026-07-01 16:36:33 INFO  [MetadataApp] Métadonnées extraites : Lendrema.mp3 — titre='Lendrema', artiste='Mahaleo', genre='Folk', durée=491s
2026-07-01 16:36:33 INFO  [MetadataApp] Métadonnées extraites : 18 taona.mp3 — titre='18 taona', artiste='Jeneraly', genre='Folk', durée=231s
2026-07-01 16:36:33 INFO  [MetadataApp] Métadonnées extraites : Lendrema.mp3 — titre='Lendrema', artiste='Mahaleo', genre='Folk', durée=491s
2026-07-01 16:36:33 INFO  [MetadataApp] Métadonnées extraites : 18 taona.mp3 — titre='18 taona', artiste='Jeneraly', genre='Folk', durée=231s
2026-07-01 16:36:33 INFO  [MetadataApp] Métadonnées extraites : Lendrema.mp3 — titre='Lendrema', artiste='Mahaleo', genre='Folk', durée=491s
2026-07-01 16:36:33 INFO  [MetadataApp] Métadonnées extraites : 18 taona.mp3 — titre='18 taona', artiste='Jeneraly', genre='Folk', durée=231s
2026-07-01 16:36:33 INFO  [MetadataApp] Métadonnées extraites : Lendrema.mp3 — titre='Lendrema', artiste='Mahaleo', genre='Folk', durée=491s
2026-07-01 16:36:33 INFO  [MetadataApp] Métadonnées extraites : 18 taona.mp3 — titre='18 taona', artiste='Jeneraly', genre='Folk', durée=231s
2026-07-01 16:36:33 INFO  [MetadataApp] Métadonnées extraites : Lendrema.mp3 — titre='Lendrema', artiste='Mahaleo', genre='Folk', durée=491s
2026-07-01 16:36:33 INFO  [MetadataApp] Métadonnées extraites : 18 taona.mp3 — titre='18 taona', artiste='Jeneraly', genre='Folk', durée=231s
2026-07-01 16:36:33 INFO  [MetadataApp] Métadonnées extraites : Lendrema.mp3 — titre='Lendrema', artiste='Mahaleo', genre='Folk', durée=491s
2026-07-01 16:36:33 INFO  [MetadataApp] Métadonnées extraites : 18 taona.mp3 — titre='18 taona', artiste='Jeneraly', genre='Folk', durée=231s
2026-07-01 16:36:33 INFO  [MetadataApp] Métadonnées extraites : Lendrema.mp3 — titre='Lendrema', artiste='Mahaleo', genre='Folk', durée=491s
2026-07-01 16:36:33 INFO  [MetadataApp] Métadonnées extraites : 18 taona.mp3 — titre='18 taona', artiste='Jeneraly', genre='Folk', durée=231s
2026-07-01 16:36:33 INFO  [MetadataApp] Métadonnées extraites : Lendrema.mp3 — titre='Lendrema', artiste='Mahaleo', genre='Folk', durée=491s
2026-07-01 16:36:33 INFO  [MetadataApp] Métadonnées extraites : 18 taona.mp3 — titre='18 taona', artiste='Jeneraly', genre='Folk', durée=231s
2026-07-01 16:36:33 INFO  [MetadataApp] Métadonnées extraites : Lendrema.mp3 — titre='Lendrema', artiste='Mahaleo', genre='Folk', durée=491s
2026-07-01 16:36:33 INFO  [MetadataApp] Métadonnées extraites : 18 taona.mp3 — titre='18 taona', artiste='Jeneraly', genre='Folk', durée=231s
2026-07-01 16:36:33 INFO  [MetadataApp] Métadonnées extraites : Lendrema.mp3 — titre='Lendrema', artiste='Mahaleo', genre='Folk', durée=491s
2026-07-01 16:36:33 INFO  [MetadataApp] Métadonnées extraites : 18 taona.mp3 — titre='18 taona', artiste='Jeneraly', genre='Folk', durée=231s
2026-07-01 16:36:33 INFO  [MetadataApp] Métadonnées extraites : Lendrema.mp3 — titre='Lendrema', artiste='Mahaleo', genre='Folk', durée=491s
2026-07-01 16:36:33 INFO  [MetadataApp] Métadonnées extraites : 18 taona.mp3 — titre='18 taona', artiste='Jeneraly', genre='Folk', durée=231s
2026-07-01 16:36:33 INFO  [MetadataApp] Métadonnées extraites : Lendrema.mp3 — titre='Lendrema', artiste='Mahaleo', genre='Folk', durée=491s
2026-07-01 16:36:33 INFO  [MetadataApp] Métadonnées extraites : 18 taona.mp3 — titre='18 taona', artiste='Jeneraly', genre='Folk', durée=231s
2026-07-01 16:36:33 INFO  [MetadataApp] Métadonnées extraites : Lendrema.mp3 — titre='Lendrema', artiste='Mahaleo', genre='Folk', durée=491s
2026-07-01 16:36:33 INFO  [MetadataApp] Métadonnées extraites : 18 taona.mp3 — titre='18 taona', artiste='Jeneraly', genre='Folk', durée=231s
2026-07-01 16:36:33 INFO  [MetadataApp] Métadonnées extraites : Lendrema.mp3 — titre='Lendrema', artiste='Mahaleo', genre='Folk', durée=491s
2026-07-01 16:36:33 INFO  [MetadataApp] Métadonnées extraites : 18 taona.mp3 — titre='18 taona', artiste='Jeneraly', genre='Folk', durée=231s
2026-07-01 16:36:33 INFO  [MetadataApp] Métadonnées extraites : Lendrema.mp3 — titre='Lendrema', artiste='Mahaleo', genre='Folk', durée=491s
2026-07-01 16:36:33 INFO  [MetadataApp] Métadonnées extraites : 18 taona.mp3 — titre='18 taona', artiste='Jeneraly', genre='Folk', durée=231s
2026-07-01 16:36:33 INFO  [MetadataApp] Métadonnées extraites : Lendrema.mp3 — titre='Lendrema', artiste='Mahaleo', genre='Folk', durée=491s
2026-07-01 16:36:33 INFO  [MetadataApp] Métadonnées extraites : 18 taona.mp3 — titre='18 taona', artiste='Jeneraly', genre='Folk', durée=231s
2026-07-01 16:36:33 INFO  [MetadataApp] Métadonnées extraites : Lendrema.mp3 — titre='Lendrema', artiste='Mahaleo', genre='Folk', durée=491s
2026-07-01 16:36:33 INFO  [MetadataApp] Métadonnées extraites : 18 taona.mp3 — titre='18 taona', artiste='Jeneraly', genre='Folk', durée=231s
2026-07-01 16:36:33 INFO  [MetadataApp] Métadonnées extraites : Lendrema.mp3 — titre='Lendrema', artiste='Mahaleo', genre='Folk', durée=491s
2026-07-01 16:36:33 INFO  [MetadataApp] Métadonnées extraites : 18 taona.mp3 — titre='18 taona', artiste='Jeneraly', genre='Folk', durée=231s
2026-07-01 16:36:33 INFO  [MetadataApp] Métadonnées extraites : Lendrema.mp3 — titre='Lendrema', artiste='Mahaleo', genre='Folk', durée=491s
2026-07-01 16:36:33 INFO  [MetadataApp] Métadonnées extraites : 18 taona.mp3 — titre='18 taona', artiste='Jeneraly', genre='Folk', durée=231s
2026-07-01 16:36:33 INFO  [MetadataApp] Métadonnées extraites : Lendrema.mp3 — titre='Lendrema', artiste='Mahaleo', genre='Folk', durée=491s
2026-07-01 16:36:33 INFO  [MetadataApp] Métadonnées extraites : 18 taona.mp3 — titre='18 taona', artiste='Jeneraly', genre='Folk', durée=231s
2026-07-01 16:36:33 INFO  [MetadataApp] Métadonnées extraites : Lendrema.mp3 — titre='Lendrema', artiste='Mahaleo', genre='Folk', durée=491s
2026-07-01 16:36:33 INFO  [MetadataApp] Métadonnées extraites : 18 taona.mp3 — titre='18 taona', artiste='Jeneraly', genre='Folk', durée=231s
2026-07-01 16:36:33 INFO  [MetadataApp] Métadonnées extraites : Lendrema.mp3 — titre='Lendrema', artiste='Mahaleo', genre='Folk', durée=491s
2026-07-01 16:36:33 INFO  [MetadataApp] Métadonnées extraites : 18 taona.mp3 — titre='18 taona', artiste='Jeneraly', genre='Folk', durée=231s
2026-07-01 16:36:33 INFO  [MetadataApp] Métadonnées extraites : Lendrema.mp3 — titre='Lendrema', artiste='Mahaleo', genre='Folk', durée=491s
2026-07-01 16:36:33 INFO  [MetadataApp] Métadonnées extraites : 18 taona.mp3 — titre='18 taona', artiste='Jeneraly', genre='Folk', durée=231s
2026-07-01 16:36:33 INFO  [MetadataApp] Métadonnées extraites : Lendrema.mp3 — titre='Lendrema', artiste='Mahaleo', genre='Folk', durée=491s
2026-07-01 16:36:33 INFO  [MetadataApp] Métadonnées extraites : 18 taona.mp3 — titre='18 taona', artiste='Jeneraly', genre='Folk', durée=231s
2026-07-01 16:36:33 INFO  [MetadataApp] Métadonnées extraites : Lendrema.mp3 — titre='Lendrema', artiste='Mahaleo', genre='Folk', durée=491s
2026-07-01 16:36:33 INFO  [MetadataApp] Métadonnées extraites : 18 taona.mp3 — titre='18 taona', artiste='Jeneraly', genre='Folk', durée=231s
2026-07-01 16:36:33 INFO  [MetadataApp] Métadonnées extraites : Lendrema.mp3 — titre='Lendrema', artiste='Mahaleo', genre='Folk', durée=491s
2026-07-01 16:36:33 INFO  [MetadataApp] Métadonnées extraites : 18 taona.mp3 — titre='18 taona', artiste='Jeneraly', genre='Folk', durée=231s
2026-07-01 16:36:33 INFO  [MetadataApp] Métadonnées extraites : Lendrema.mp3 — titre='Lendrema', artiste='Mahaleo', genre='Folk', durée=491s
2026-07-01 16:36:33 INFO  [MetadataApp] Métadonnées extraites : 18 taona.mp3 — titre='18 taona', artiste='Jeneraly', genre='Folk', durée=231s
2026-07-01 16:36:33 INFO  [MetadataApp] Métadonnées extraites : Lendrema.mp3 — titre='Lendrema', artiste='Mahaleo', genre='Folk', durée=491s
2026-07-01 16:36:33 INFO  [MetadataApp] Métadonnées extraites : 18 taona.mp3 — titre='18 taona', artiste='Jeneraly', genre='Folk', durée=231s
2026-07-01 16:36:33 INFO  [MetadataApp] Métadonnées extraites : Lendrema.mp3 — titre='Lendrema', artiste='Mahaleo', genre='Folk', durée=491s
2026-07-01 16:36:33 INFO  [MetadataApp] Métadonnées extraites : 18 taona.mp3 — titre='18 taona', artiste='Jeneraly', genre='Folk', durée=231s
2026-07-01 16:36:33 INFO  [MetadataApp] Métadonnées extraites : Lendrema.mp3 — titre='Lendrema', artiste='Mahaleo', genre='Folk', durée=491s
2026-07-01 16:36:33 INFO  [MetadataApp] Métadonnées extraites : 18 taona.mp3 — titre='18 taona', artiste='Jeneraly', genre='Folk', durée=231s
2026-07-01 16:36:33 INFO  [MetadataApp] Métadonnées extraites : Lendrema.mp3 — titre='Lendrema', artiste='Mahaleo', genre='Folk', durée=491s
2026-07-01 16:36:33 INFO  [MetadataApp] Métadonnées extraites : 18 taona.mp3 — titre='18 taona', artiste='Jeneraly', genre='Folk', durée=231s
2026-07-01 16:36:33 INFO  [MetadataApp] Métadonnées extraites : Lendrema.mp3 — titre='Lendrema', artiste='Mahaleo', genre='Folk', durée=491s
2026-07-01 16:36:33 INFO  [MetadataApp] Métadonnées extraites : 18 taona.mp3 — titre='18 taona', artiste='Jeneraly', genre='Folk', durée=231s
2026-07-01 16:36:33 INFO  [MetadataApp] Métadonnées extraites : Lendrema.mp3 — titre='Lendrema', artiste='Mahaleo', genre='Folk', durée=491s
2026-07-01 16:36:33 INFO  [MetadataApp] Métadonnées extraites : 18 taona.mp3 — titre='18 taona', artiste='Jeneraly', genre='Folk', durée=231s
2026-07-01 16:36:33 INFO  [MetadataApp] Métadonnées extraites : Lendrema.mp3 — titre='Lendrema', artiste='Mahaleo', genre='Folk', durée=491s
2026-07-01 16:36:33 INFO  [MetadataApp] Métadonnées extraites : 18 taona.mp3 — titre='18 taona', artiste='Jeneraly', genre='Folk', durée=231s
2026-07-01 16:36:33 INFO  [MetadataApp] Métadonnées extraites : Lendrema.mp3 — titre='Lendrema', artiste='Mahaleo', genre='Folk', durée=491s
2026-07-01 16:36:34 INFO  [MetadataApp] Métadonnées extraites : 18 taona.mp3 — titre='18 taona', artiste='Jeneraly', genre='Folk', durée=231s
2026-07-01 16:36:34 INFO  [MetadataApp] Métadonnées extraites : Lendrema.mp3 — titre='Lendrema', artiste='Mahaleo', genre='Folk', durée=491s
2026-07-01 16:36:34 INFO  [MetadataApp] Métadonnées extraites : 18 taona.mp3 — titre='18 taona', artiste='Jeneraly', genre='Folk', durée=231s
2026-07-01 16:36:34 INFO  [MetadataApp] Métadonnées extraites : Lendrema.mp3 — titre='Lendrema', artiste='Mahaleo', genre='Folk', durée=491s
2026-07-01 16:36:34 INFO  [MetadataApp] Métadonnées extraites : 18 taona.mp3 — titre='18 taona', artiste='Jeneraly', genre='Folk', durée=231s
2026-07-01 16:36:34 INFO  [MetadataApp] Métadonnées extraites : Lendrema.mp3 — titre='Lendrema', artiste='Mahaleo', genre='Folk', durée=491s
2026-07-01 16:36:34 INFO  [MetadataApp] Métadonnées extraites : 18 taona.mp3 — titre='18 taona', artiste='Jeneraly', genre='Folk', durée=231s
2026-07-01 16:36:34 INFO  [MetadataApp] Métadonnées extraites : Lendrema.mp3 — titre='Lendrema', artiste='Mahaleo', genre='Folk', durée=491s
2026-07-01 16:36:34 INFO  [MetadataApp] Métadonnées extraites : 18 taona.mp3 — titre='18 taona', artiste='Jeneraly', genre='Folk', durée=231s
2026-07-01 16:36:34 INFO  [MetadataApp] Métadonnées extraites : Lendrema.mp3 — titre='Lendrema', artiste='Mahaleo', genre='Folk', durée=491s
2026-07-01 16:36:34 INFO  [MetadataApp] Métadonnées extraites : 18 taona.mp3 — titre='18 taona', artiste='Jeneraly', genre='Folk', durée=231s
2026-07-01 16:36:34 INFO  [MetadataApp] Métadonnées extraites : Lendrema.mp3 — titre='Lendrema', artiste='Mahaleo', genre='Folk', durée=491s
2026-07-01 16:36:34 INFO  [MetadataApp] Métadonnées extraites : 18 taona.mp3 — titre='18 taona', artiste='Jeneraly', genre='Folk', durée=231s
2026-07-01 16:36:34 INFO  [MetadataApp] Métadonnées extraites : Lendrema.mp3 — titre='Lendrema', artiste='Mahaleo', genre='Folk', durée=491s
2026-07-01 16:36:34 INFO  [MetadataApp] Métadonnées extraites : 18 taona.mp3 — titre='18 taona', artiste='Jeneraly', genre='Folk', durée=231s
2026-07-01 16:36:34 INFO  [MetadataApp] Métadonnées extraites : Lendrema.mp3 — titre='Lendrema', artiste='Mahaleo', genre='Folk', durée=491s
2026-07-01 16:36:34 INFO  [MetadataApp] Métadonnées extraites : 18 taona.mp3 — titre='18 taona', artiste='Jeneraly', genre='Folk', durée=231s
2026-07-01 16:36:34 INFO  [MetadataApp] Métadonnées extraites : Lendrema.mp3 — titre='Lendrema', artiste='Mahaleo', genre='Folk', durée=491s
2026-07-01 16:36:34 INFO  [MetadataApp] Métadonnées extraites : 18 taona.mp3 — titre='18 taona', artiste='Jeneraly', genre='Folk', durée=231s
2026-07-01 16:36:34 INFO  [MetadataApp] Métadonnées extraites : Lendrema.mp3 — titre='Lendrema', artiste='Mahaleo', genre='Folk', durée=491s
2026-07-01 16:36:34 INFO  [MetadataApp] Métadonnées extraites : 18 taona.mp3 — titre='18 taona', artiste='Jeneraly', genre='Folk', durée=231s
2026-07-01 16:36:34 INFO  [MetadataApp] Métadonnées extraites : Lendrema.mp3 — titre='Lendrema', artiste='Mahaleo', genre='Folk', durée=491s
2026-07-01 16:36:34 INFO  [MetadataApp] Métadonnées extraites : 18 taona.mp3 — titre='18 taona', artiste='Jeneraly', genre='Folk', durée=231s
2026-07-01 16:36:34 INFO  [MetadataApp] Métadonnées extraites : Lendrema.mp3 — titre='Lendrema', artiste='Mahaleo', genre='Folk', durée=491s
2026-07-01 16:36:34 INFO  [MetadataApp] Métadonnées extraites : 18 taona.mp3 — titre='18 taona', artiste='Jeneraly', genre='Folk', durée=231s
2026-07-01 16:36:34 INFO  [MetadataApp] Métadonnées extraites : Lendrema.mp3 — titre='Lendrema', artiste='Mahaleo', genre='Folk', durée=491s
2026-07-01 16:36:34 INFO  [MetadataApp] Métadonnées extraites : 18 taona.mp3 — titre='18 taona', artiste='Jeneraly', genre='Folk', durée=231s
2026-07-01 16:36:34 INFO  [MetadataApp] Métadonnées extraites : Lendrema.mp3 — titre='Lendrema', artiste='Mahaleo', genre='Folk', durée=491s
2026-07-01 16:36:34 INFO  [MetadataApp] Métadonnées extraites : 18 taona.mp3 — titre='18 taona', artiste='Jeneraly', genre='Folk', durée=231s
2026-07-01 16:36:34 INFO  [MetadataApp] Métadonnées extraites : Lendrema.mp3 — titre='Lendrema', artiste='Mahaleo', genre='Folk', durée=491s
2026-07-01 16:36:34 INFO  [MetadataApp] Métadonnées extraites : 18 taona.mp3 — titre='18 taona', artiste='Jeneraly', genre='Folk', durée=231s
2026-07-01 16:36:34 INFO  [MetadataApp] Métadonnées extraites : Lendrema.mp3 — titre='Lendrema', artiste='Mahaleo', genre='Folk', durée=491s
2026-07-01 16:36:34 INFO  [MetadataApp] Métadonnées extraites : 18 taona.mp3 — titre='18 taona', artiste='Jeneraly', genre='Folk', durée=231s
2026-07-01 16:36:34 INFO  [MetadataApp] Métadonnées extraites : Lendrema.mp3 — titre='Lendrema', artiste='Mahaleo', genre='Folk', durée=491s
2026-07-01 16:36:34 INFO  [MetadataApp] Métadonnées extraites : 18 taona.mp3 — titre='18 taona', artiste='Jeneraly', genre='Folk', durée=231s
2026-07-01 16:36:34 INFO  [MetadataApp] Métadonnées extraites : Lendrema.mp3 — titre='Lendrema', artiste='Mahaleo', genre='Folk', durée=491s
2026-07-01 16:36:34 INFO  [MetadataApp] Métadonnées extraites : 18 taona.mp3 — titre='18 taona', artiste='Jeneraly', genre='Folk', durée=231s
2026-07-01 16:36:34 INFO  [MetadataApp] Métadonnées extraites : Lendrema.mp3 — titre='Lendrema', artiste='Mahaleo', genre='Folk', durée=491s
2026-07-01 16:36:34 INFO  [MetadataApp] Métadonnées extraites : 18 taona.mp3 — titre='18 taona', artiste='Jeneraly', genre='Folk', durée=231s
2026-07-01 16:36:34 INFO  [MetadataApp] Métadonnées extraites : Lendrema.mp3 — titre='Lendrema', artiste='Mahaleo', genre='Folk', durée=491s
2026-07-01 16:36:34 INFO  [MetadataApp] Métadonnées extraites : 18 taona.mp3 — titre='18 taona', artiste='Jeneraly', genre='Folk', durée=231s
2026-07-01 16:36:34 INFO  [MetadataApp] Métadonnées extraites : Lendrema.mp3 — titre='Lendrema', artiste='Mahaleo', genre='Folk', durée=491s
2026-07-01 16:36:34 INFO  [MetadataApp] Métadonnées extraites : 18 taona.mp3 — titre='18 taona', artiste='Jeneraly', genre='Folk', durée=231s
2026-07-01 16:36:34 INFO  [MetadataApp] Métadonnées extraites : Lendrema.mp3 — titre='Lendrema', artiste='Mahaleo', genre='Folk', durée=491s
2026-07-01 16:36:34 INFO  [MetadataApp] Métadonnées extraites : 18 taona.mp3 — titre='18 taona', artiste='Jeneraly', genre='Folk', durée=231s
2026-07-01 16:36:34 INFO  [MetadataApp] Métadonnées extraites : Lendrema.mp3 — titre='Lendrema', artiste='Mahaleo', genre='Folk', durée=491s
2026-07-01 16:36:34 INFO  [MetadataApp] Métadonnées extraites : 18 taona.mp3 — titre='18 taona', artiste='Jeneraly', genre='Folk', durée=231s
2026-07-01 16:36:34 INFO  [MetadataApp] Métadonnées extraites : Lendrema.mp3 — titre='Lendrema', artiste='Mahaleo', genre='Folk', durée=491s
2026-07-01 16:36:34 INFO  [MetadataApp] Métadonnées extraites : 18 taona.mp3 — titre='18 taona', artiste='Jeneraly', genre='Folk', durée=231s
2026-07-01 16:36:34 INFO  [MetadataApp] Métadonnées extraites : Lendrema.mp3 — titre='Lendrema', artiste='Mahaleo', genre='Folk', durée=491s
2026-07-01 16:36:34 INFO  [MetadataApp] Métadonnées extraites : 18 taona.mp3 — titre='18 taona', artiste='Jeneraly', genre='Folk', durée=231s
2026-07-01 16:36:34 INFO  [MetadataApp] Métadonnées extraites : Lendrema.mp3 — titre='Lendrema', artiste='Mahaleo', genre='Folk', durée=491s
2026-07-01 16:36:34 INFO  [MetadataApp] Métadonnées extraites : 18 taona.mp3 — titre='18 taona', artiste='Jeneraly', genre='Folk', durée=231s
2026-07-01 16:36:34 INFO  [MetadataApp] Métadonnées extraites : Lendrema.mp3 — titre='Lendrema', artiste='Mahaleo', genre='Folk', durée=491s
2026-07-01 16:36:34 INFO  [MetadataApp] Métadonnées extraites : 18 taona.mp3 — titre='18 taona', artiste='Jeneraly', genre='Folk', durée=231s
2026-07-01 16:36:34 INFO  [MetadataApp] Métadonnées extraites : Lendrema.mp3 — titre='Lendrema', artiste='Mahaleo', genre='Folk', durée=491s
2026-07-01 16:36:34 INFO  [MetadataApp] Métadonnées extraites : 18 taona.mp3 — titre='18 taona', artiste='Jeneraly', genre='Folk', durée=231s
2026-07-01 16:36:34 INFO  [MetadataApp] Métadonnées extraites : Lendrema.mp3 — titre='Lendrema', artiste='Mahaleo', genre='Folk', durée=491s
2026-07-01 16:36:34 INFO  [MetadataApp] Métadonnées extraites : 18 taona.mp3 — titre='18 taona', artiste='Jeneraly', genre='Folk', durée=231s
2026-07-01 16:36:35 INFO  [MetadataApp] Métadonnées extraites : Lendrema.mp3 — titre='Lendrema', artiste='Mahaleo', genre='Folk', durée=491s
2026-07-01 16:36:35 INFO  [MetadataApp] Métadonnées extraites : 18 taona.mp3 — titre='18 taona', artiste='Jeneraly', genre='Folk', durée=231s
2026-07-01 16:36:36 INFO  [MetadataApp] Métadonnées extraites : Lendrema.mp3 — titre='Lendrema', artiste='Mahaleo', genre='Folk', durée=491s
2026-07-01 16:36:36 INFO  [MetadataApp] Métadonnées extraites : 18 taona.mp3 — titre='18 taona', artiste='Jeneraly', genre='Folk', durée=231s
2026-07-01 16:36:36 INFO  [MetadataApp] Métadonnées extraites : Lendrema.mp3 — titre='Lendrema', artiste='Mahaleo', genre='Folk', durée=491s
2026-07-01 16:36:36 INFO  [MetadataApp] Métadonnées extraites : 18 taona.mp3 — titre='18 taona', artiste='Jeneraly', genre='Folk', durée=231s
2026-07-01 16:36:36 INFO  [MetadataApp] Métadonnées extraites : Lendrema.mp3 — titre='Lendrema', artiste='Mahaleo', genre='Folk', durée=491s
2026-07-01 16:36:36 INFO  [MetadataApp] Métadonnées extraites : 18 taona.mp3 — titre='18 taona', artiste='Jeneraly', genre='Folk', durée=231s
2026-07-01 16:36:37 INFO  [MetadataApp] Métadonnées extraites : Lendrema.mp3 — titre='Lendrema', artiste='Mahaleo', genre='Folk', durée=491s
2026-07-01 16:36:37 INFO  [MetadataApp] Métadonnées extraites : 18 taona.mp3 — titre='18 taona', artiste='Jeneraly', genre='Folk', durée=231s
2026-07-01 16:36:37 INFO  [MetadataApp] Métadonnées extraites : Lendrema.mp3 — titre='Lendrema', artiste='Mahaleo', genre='Folk', durée=491s
2026-07-01 16:36:37 INFO  [MetadataApp] Métadonnées extraites : 18 taona.mp3 — titre='18 taona', artiste='Jeneraly', genre='Folk', durée=231s
2026-07-01 16:36:37 INFO  [MetadataApp] Métadonnées extraites : Lendrema.mp3 — titre='Lendrema', artiste='Mahaleo', genre='Folk', durée=491s
2026-07-01 16:36:37 INFO  [MetadataApp] Métadonnées extraites : 18 taona.mp3 — titre='18 taona', artiste='Jeneraly', genre='Folk', durée=231s
2026-07-01 16:36:37 INFO  [MetadataApp] Métadonnées extraites : Lendrema.mp3 — titre='Lendrema', artiste='Mahaleo', genre='Folk', durée=491s
2026-07-01 16:36:37 INFO  [MetadataApp] Métadonnées extraites : 18 taona.mp3 — titre='18 taona', artiste='Jeneraly', genre='Folk', durée=231s
2026-07-01 16:36:37 INFO  [MetadataApp] Métadonnées extraites : Lendrema.mp3 — titre='Lendrema', artiste='Mahaleo', genre='Folk', durée=491s
2026-07-01 16:36:37 INFO  [MetadataApp] Métadonnées extraites : 18 taona.mp3 — titre='18 taona', artiste='Jeneraly', genre='Folk', durée=231s
2026-07-01 16:36:37 INFO  [MetadataApp] Métadonnées extraites : Lendrema.mp3 — titre='Lendrema', artiste='Mahaleo', genre='Folk', durée=491s
2026-07-01 16:36:37 INFO  [MetadataApp] Métadonnées extraites : 18 taona.mp3 — titre='18 taona', artiste='Jeneraly', genre='Folk', durée=231s
2026-07-01 16:36:37 INFO  [MetadataApp] Métadonnées extraites : Lendrema.mp3 — titre='Lendrema', artiste='Mahaleo', genre='Folk', durée=491s
2026-07-01 16:36:37 INFO  [MetadataApp] Métadonnées extraites : 18 taona.mp3 — titre='18 taona', artiste='Jeneraly', genre='Folk', durée=231s
2026-07-01 16:36:37 INFO  [MetadataApp] Métadonnées extraites : Lendrema.mp3 — titre='Lendrema', artiste='Mahaleo', genre='Folk', durée=491s
2026-07-01 16:36:37 INFO  [MetadataApp] Métadonnées extraites : 18 taona.mp3 — titre='18 taona', artiste='Jeneraly', genre='Folk', durée=231s
2026-07-01 16:36:37 INFO  [MetadataApp] Métadonnées extraites : Lendrema.mp3 — titre='Lendrema', artiste='Mahaleo', genre='Folk', durée=491s
2026-07-01 16:36:37 INFO  [MetadataApp] Métadonnées extraites : 18 taona.mp3 — titre='18 taona', artiste='Jeneraly', genre='Folk', durée=231s
2026-07-01 16:36:37 INFO  [MetadataApp] Métadonnées extraites : Lendrema.mp3 — titre='Lendrema', artiste='Mahaleo', genre='Folk', durée=491s
2026-07-01 16:36:37 INFO  [MetadataApp] Métadonnées extraites : 18 taona.mp3 — titre='18 taona', artiste='Jeneraly', genre='Folk', durée=231s
2026-07-01 16:36:37 INFO  [MetadataApp] Métadonnées extraites : Lendrema.mp3 — titre='Lendrema', artiste='Mahaleo', genre='Folk', durée=491s
2026-07-01 16:36:37 INFO  [MetadataApp] Métadonnées extraites : 18 taona.mp3 — titre='18 taona', artiste='Jeneraly', genre='Folk', durée=231s
2026-07-01 16:36:37 INFO  [MetadataApp] Métadonnées extraites : Lendrema.mp3 — titre='Lendrema', artiste='Mahaleo', genre='Folk', durée=491s
2026-07-01 16:36:37 INFO  [MetadataApp] Métadonnées extraites : 18 taona.mp3 — titre='18 taona', artiste='Jeneraly', genre='Folk', durée=231s
2026-07-01 16:36:37 INFO  [MetadataApp] Métadonnées extraites : Lendrema.mp3 — titre='Lendrema', artiste='Mahaleo', genre='Folk', durée=491s
2026-07-01 16:36:37 INFO  [MetadataApp] Métadonnées extraites : 18 taona.mp3 — titre='18 taona', artiste='Jeneraly', genre='Folk', durée=231s
2026-07-01 16:36:37 INFO  [MetadataApp] Métadonnées extraites : Lendrema.mp3 — titre='Lendrema', artiste='Mahaleo', genre='Folk', durée=491s
2026-07-01 16:36:37 INFO  [MetadataApp] Métadonnées extraites : 18 taona.mp3 — titre='18 taona', artiste='Jeneraly', genre='Folk', durée=231s
2026-07-01 16:36:37 INFO  [MetadataApp] Métadonnées extraites : Lendrema.mp3 — titre='Lendrema', artiste='Mahaleo', genre='Folk', durée=491s
2026-07-01 16:36:37 INFO  [MetadataApp] Métadonnées extraites : 18 taona.mp3 — titre='18 taona', artiste='Jeneraly', genre='Folk', durée=231s
2026-07-01 16:36:37 INFO  [MetadataApp] Métadonnées extraites : Lendrema.mp3 — titre='Lendrema', artiste='Mahaleo', genre='Folk', durée=491s
2026-07-01 16:36:37 INFO  [MetadataApp] Métadonnées extraites : 18 taona.mp3 — titre='18 taona', artiste='Jeneraly', genre='Folk', durée=231s
2026-07-01 16:36:37 INFO  [MetadataApp] Métadonnées extraites : Lendrema.mp3 — titre='Lendrema', artiste='Mahaleo', genre='Folk', durée=491s
2026-07-01 16:36:37 INFO  [MetadataApp] Métadonnées extraites : 18 taona.mp3 — titre='18 taona', artiste='Jeneraly', genre='Folk', durée=231s
2026-07-01 16:36:37 INFO  [MetadataApp] Métadonnées extraites : Lendrema.mp3 — titre='Lendrema', artiste='Mahaleo', genre='Folk', durée=491s
2026-07-01 16:36:37 INFO  [MetadataApp] Métadonnées extraites : 18 taona.mp3 — titre='18 taona', artiste='Jeneraly', genre='Folk', durée=231s
2026-07-01 16:36:37 INFO  [MetadataApp] Métadonnées extraites : Lendrema.mp3 — titre='Lendrema', artiste='Mahaleo', genre='Folk', durée=491s
2026-07-01 16:36:37 INFO  [MetadataApp] Métadonnées extraites : 18 taona.mp3 — titre='18 taona', artiste='Jeneraly', genre='Folk', durée=231s
2026-07-01 16:36:37 INFO  [MetadataApp] Métadonnées extraites : Lendrema.mp3 — titre='Lendrema', artiste='Mahaleo', genre='Folk', durée=491s
2026-07-01 16:36:37 INFO  [MetadataApp] Métadonnées extraites : 18 taona.mp3 — titre='18 taona', artiste='Jeneraly', genre='Folk', durée=231s
2026-07-01 16:36:37 INFO  [MetadataApp] Métadonnées extraites : Lendrema.mp3 — titre='Lendrema', artiste='Mahaleo', genre='Folk', durée=491s
2026-07-01 16:36:37 INFO  [MetadataApp] Métadonnées extraites : 18 taona.mp3 — titre='18 taona', artiste='Jeneraly', genre='Folk', durée=231s
2026-07-01 16:36:37 INFO  [MetadataApp] Métadonnées extraites : Lendrema.mp3 — titre='Lendrema', artiste='Mahaleo', genre='Folk', durée=491s
2026-07-01 16:36:37 INFO  [MetadataApp] Métadonnées extraites : 18 taona.mp3 — titre='18 taona', artiste='Jeneraly', genre='Folk', durée=231s
2026-07-01 16:36:37 INFO  [MetadataApp] Métadonnées extraites : Lendrema.mp3 — titre='Lendrema', artiste='Mahaleo', genre='Folk', durée=491s
2026-07-01 16:36:37 INFO  [MetadataApp] Métadonnées extraites : 18 taona.mp3 — titre='18 taona', artiste='Jeneraly', genre='Folk', durée=231s
2026-07-01 16:36:37 INFO  [MetadataApp] Métadonnées extraites : Lendrema.mp3 — titre='Lendrema', artiste='Mahaleo', genre='Folk', durée=491s
2026-07-01 16:36:37 INFO  [MetadataApp] Métadonnées extraites : 18 taona.mp3 — titre='18 taona', artiste='Jeneraly', genre='Folk', durée=231s
2026-07-01 16:36:37 INFO  [MetadataApp] Métadonnées extraites : Lendrema.mp3 — titre='Lendrema', artiste='Mahaleo', genre='Folk', durée=491s
2026-07-01 16:36:37 INFO  [MetadataApp] Métadonnées extraites : 18 taona.mp3 — titre='18 taona', artiste='Jeneraly', genre='Folk', durée=231s
2026-07-01 16:36:37 INFO  [MetadataApp] Métadonnées extraites : Lendrema.mp3 — titre='Lendrema', artiste='Mahaleo', genre='Folk', durée=491s
2026-07-01 16:36:37 INFO  [MetadataApp] Métadonnées extraites : 18 taona.mp3 — titre='18 taona', artiste='Jeneraly', genre='Folk', durée=231s
2026-07-01 16:36:37 INFO  [MetadataApp] Métadonnées extraites : Lendrema.mp3 — titre='Lendrema', artiste='Mahaleo', genre='Folk', durée=491s
2026-07-01 16:36:37 INFO  [MetadataApp] Métadonnées extraites : 18 taona.mp3 — titre='18 taona', artiste='Jeneraly', genre='Folk', durée=231s
2026-07-01 16:36:38 INFO  [MetadataApp] Métadonnées extraites : Lendrema.mp3 — titre='Lendrema', artiste='Mahaleo', genre='Folk', durée=491s
2026-07-01 16:36:38 INFO  [MetadataApp] Métadonnées extraites : 18 taona.mp3 — titre='18 taona', artiste='Jeneraly', genre='Folk', durée=231s
2026-07-01 16:36:38 INFO  [MetadataApp] Métadonnées extraites : Lendrema.mp3 — titre='Lendrema', artiste='Mahaleo', genre='Folk', durée=491s
2026-07-01 16:36:38 INFO  [MetadataApp] Métadonnées extraites : 18 taona.mp3 — titre='18 taona', artiste='Jeneraly', genre='Folk', durée=231s
2026-07-01 16:36:38 INFO  [MetadataApp] Métadonnées extraites : Lendrema.mp3 — titre='Lendrema', artiste='Mahaleo', genre='Folk', durée=491s
2026-07-01 16:36:38 INFO  [MetadataApp] Métadonnées extraites : 18 taona.mp3 — titre='18 taona', artiste='Jeneraly', genre='Folk', durée=231s
2026-07-01 16:36:38 INFO  [MetadataApp] Métadonnées extraites : Lendrema.mp3 — titre='Lendrema', artiste='Mahaleo', genre='Folk', durée=491s
2026-07-01 16:36:38 INFO  [MetadataApp] Métadonnées extraites : 18 taona.mp3 — titre='18 taona', artiste='Jeneraly', genre='Folk', durée=231s
2026-07-01 16:36:38 INFO  [MetadataApp] Métadonnées extraites : Lendrema.mp3 — titre='Lendrema', artiste='Mahaleo', genre='Folk', durée=491s
2026-07-01 16:36:38 INFO  [MetadataApp] Métadonnées extraites : 18 taona.mp3 — titre='18 taona', artiste='Jeneraly', genre='Folk', durée=231s
2026-07-01 16:36:38 INFO  [MetadataApp] Métadonnées extraites : Lendrema.mp3 — titre='Lendrema', artiste='Mahaleo', genre='Folk', durée=491s
2026-07-01 16:36:38 INFO  [MetadataApp] Métadonnées extraites : 18 taona.mp3 — titre='18 taona', artiste='Jeneraly', genre='Folk', durée=231s
2026-07-01 16:36:38 INFO  [MetadataApp] Métadonnées extraites : Lendrema.mp3 — titre='Lendrema', artiste='Mahaleo', genre='Folk', durée=491s
2026-07-01 16:36:38 INFO  [MetadataApp] Métadonnées extraites : 18 taona.mp3 — titre='18 taona', artiste='Jeneraly', genre='Folk', durée=231s
2026-07-01 16:36:38 INFO  [MetadataApp] Métadonnées extraites : Lendrema.mp3 — titre='Lendrema', artiste='Mahaleo', genre='Folk', durée=491s
2026-07-01 16:36:38 INFO  [MetadataApp] Métadonnées extraites : 18 taona.mp3 — titre='18 taona', artiste='Jeneraly', genre='Folk', durée=231s
2026-07-01 16:36:38 INFO  [MetadataApp] Métadonnées extraites : Lendrema.mp3 — titre='Lendrema', artiste='Mahaleo', genre='Folk', durée=491s
2026-07-01 16:36:38 INFO  [MetadataApp] Métadonnées extraites : 18 taona.mp3 — titre='18 taona', artiste='Jeneraly', genre='Folk', durée=231s
2026-07-01 16:36:38 INFO  [MetadataApp] Métadonnées extraites : Lendrema.mp3 — titre='Lendrema', artiste='Mahaleo', genre='Folk', durée=491s
2026-07-01 16:36:38 INFO  [MetadataApp] Métadonnées extraites : 18 taona.mp3 — titre='18 taona', artiste='Jeneraly', genre='Folk', durée=231s
2026-07-01 16:36:38 INFO  [MetadataApp] Métadonnées extraites : Lendrema.mp3 — titre='Lendrema', artiste='Mahaleo', genre='Folk', durée=491s
2026-07-01 16:36:38 INFO  [MetadataApp] Métadonnées extraites : 18 taona.mp3 — titre='18 taona', artiste='Jeneraly', genre='Folk', durée=231s
2026-07-01 16:36:38 INFO  [MetadataApp] Métadonnées extraites : Lendrema.mp3 — titre='Lendrema', artiste='Mahaleo', genre='Folk', durée=491s
2026-07-01 16:36:38 INFO  [MetadataApp] Métadonnées extraites : 18 taona.mp3 — titre='18 taona', artiste='Jeneraly', genre='Folk', durée=231s
2026-07-01 16:36:38 INFO  [MetadataApp] Métadonnées extraites : Lendrema.mp3 — titre='Lendrema', artiste='Mahaleo', genre='Folk', durée=491s
2026-07-01 16:36:38 INFO  [MetadataApp] Métadonnées extraites : 18 taona.mp3 — titre='18 taona', artiste='Jeneraly', genre='Folk', durée=231s
2026-07-01 16:36:38 INFO  [MetadataApp] Métadonnées extraites : Lendrema.mp3 — titre='Lendrema', artiste='Mahaleo', genre='Folk', durée=491s
2026-07-01 16:36:39 INFO  [MetadataApp] Métadonnées extraites : 18 taona.mp3 — titre='18 taona', artiste='Jeneraly', genre='Folk', durée=231s
2026-07-01 16:36:39 INFO  [MetadataApp] Métadonnées extraites : Lendrema.mp3 — titre='Lendrema', artiste='Mahaleo', genre='Folk', durée=491s
2026-07-01 16:36:39 INFO  [MetadataApp] Métadonnées extraites : 18 taona.mp3 — titre='18 taona', artiste='Jeneraly', genre='Folk', durée=231s
2026-07-01 16:36:39 INFO  [MetadataApp] Métadonnées extraites : Lendrema.mp3 — titre='Lendrema', artiste='Mahaleo', genre='Folk', durée=491s
2026-07-01 16:36:39 INFO  [MetadataApp] Métadonnées extraites : 18 taona.mp3 — titre='18 taona', artiste='Jeneraly', genre='Folk', durée=231s
2026-07-01 16:36:39 INFO  [MetadataApp] Métadonnées extraites : Lendrema.mp3 — titre='Lendrema', artiste='Mahaleo', genre='Folk', durée=491s
2026-07-01 16:36:39 INFO  [MetadataApp] Métadonnées extraites : 18 taona.mp3 — titre='18 taona', artiste='Jeneraly', genre='Folk', durée=231s
2026-07-01 16:36:39 INFO  [MetadataApp] Métadonnées extraites : Lendrema.mp3 — titre='Lendrema', artiste='Mahaleo', genre='Folk', durée=491s
2026-07-01 16:36:39 INFO  [MetadataApp] Métadonnées extraites : 18 taona.mp3 — titre='18 taona', artiste='Jeneraly', genre='Folk', durée=231s
2026-07-01 16:36:39 INFO  [MetadataApp] Métadonnées extraites : Lendrema.mp3 — titre='Lendrema', artiste='Mahaleo', genre='Folk', durée=491s
2026-07-01 16:36:39 INFO  [MetadataApp] Métadonnées extraites : 18 taona.mp3 — titre='18 taona', artiste='Jeneraly', genre='Folk', durée=231s
2026-07-01 16:36:39 INFO  [MetadataApp] Métadonnées extraites : Lendrema.mp3 — titre='Lendrema', artiste='Mahaleo', genre='Folk', durée=491s
2026-07-01 16:36:39 INFO  [MetadataApp] Métadonnées extraites : 18 taona.mp3 — titre='18 taona', artiste='Jeneraly', genre='Folk', durée=231s
2026-07-01 16:36:39 INFO  [MetadataApp] Métadonnées extraites : Lendrema.mp3 — titre='Lendrema', artiste='Mahaleo', genre='Folk', durée=491s
2026-07-01 16:36:39 INFO  [MetadataApp] Métadonnées extraites : 18 taona.mp3 — titre='18 taona', artiste='Jeneraly', genre='Folk', durée=231s
2026-07-01 16:36:39 INFO  [MetadataApp] Métadonnées extraites : Lendrema.mp3 — titre='Lendrema', artiste='Mahaleo', genre='Folk', durée=491s
2026-07-01 16:36:39 INFO  [MetadataApp] Métadonnées extraites : 18 taona.mp3 — titre='18 taona', artiste='Jeneraly', genre='Folk', durée=231s
2026-07-01 16:36:39 INFO  [MetadataApp] Métadonnées extraites : Lendrema.mp3 — titre='Lendrema', artiste='Mahaleo', genre='Folk', durée=491s
2026-07-01 16:36:39 INFO  [MetadataApp] Métadonnées extraites : 18 taona.mp3 — titre='18 taona', artiste='Jeneraly', genre='Folk', durée=231s
2026-07-01 16:36:39 INFO  [MetadataApp] Métadonnées extraites : Lendrema.mp3 — titre='Lendrema', artiste='Mahaleo', genre='Folk', durée=491s
2026-07-01 16:36:39 INFO  [MetadataApp] Métadonnées extraites : 18 taona.mp3 — titre='18 taona', artiste='Jeneraly', genre='Folk', durée=231s
2026-07-01 16:36:39 INFO  [MetadataApp] Métadonnées extraites : Lendrema.mp3 — titre='Lendrema', artiste='Mahaleo', genre='Folk', durée=491s
2026-07-01 16:36:39 INFO  [MetadataApp] Métadonnées extraites : 18 taona.mp3 — titre='18 taona', artiste='Jeneraly', genre='Folk', durée=231s
2026-07-01 16:36:39 INFO  [MetadataApp] Métadonnées extraites : Lendrema.mp3 — titre='Lendrema', artiste='Mahaleo', genre='Folk', durée=491s
2026-07-01 16:36:39 INFO  [MetadataApp] Métadonnées extraites : 18 taona.mp3 — titre='18 taona', artiste='Jeneraly', genre='Folk', durée=231s
2026-07-01 16:36:39 INFO  [MetadataApp] Métadonnées extraites : Lendrema.mp3 — titre='Lendrema', artiste='Mahaleo', genre='Folk', durée=491s
2026-07-01 16:36:39 INFO  [MetadataApp] Métadonnées extraites : 18 taona.mp3 — titre='18 taona', artiste='Jeneraly', genre='Folk', durée=231s
2026-07-01 16:36:39 INFO  [MetadataApp] Métadonnées extraites : Lendrema.mp3 — titre='Lendrema', artiste='Mahaleo', genre='Folk', durée=491s
2026-07-01 16:36:39 INFO  [MetadataApp] Métadonnées extraites : 18 taona.mp3 — titre='18 taona', artiste='Jeneraly', genre='Folk', durée=231s
2026-07-01 16:36:39 INFO  [MetadataApp] Métadonnées extraites : Lendrema.mp3 — titre='Lendrema', artiste='Mahaleo', genre='Folk', durée=491s
2026-07-01 16:36:39 INFO  [MetadataApp] Métadonnées extraites : 18 taona.mp3 — titre='18 taona', artiste='Jeneraly', genre='Folk', durée=231s
2026-07-01 16:36:39 INFO  [MetadataApp] Métadonnées extraites : Lendrema.mp3 — titre='Lendrema', artiste='Mahaleo', genre='Folk', durée=491s
2026-07-01 16:36:39 INFO  [MetadataApp] Métadonnées extraites : 18 taona.mp3 — titre='18 taona', artiste='Jeneraly', genre='Folk', durée=231s
2026-07-01 16:36:39 INFO  [MetadataApp] Métadonnées extraites : Lendrema.mp3 — titre='Lendrema', artiste='Mahaleo', genre='Folk', durée=491s
2026-07-01 16:36:39 INFO  [MetadataApp] Métadonnées extraites : 18 taona.mp3 — titre='18 taona', artiste='Jeneraly', genre='Folk', durée=231s
2026-07-01 16:36:39 INFO  [MetadataApp] Métadonnées extraites : Lendrema.mp3 — titre='Lendrema', artiste='Mahaleo', genre='Folk', durée=491s
2026-07-01 16:36:39 INFO  [MetadataApp] Métadonnées extraites : 18 taona.mp3 — titre='18 taona', artiste='Jeneraly', genre='Folk', durée=231s
2026-07-01 16:36:39 INFO  [MetadataApp] Métadonnées extraites : Lendrema.mp3 — titre='Lendrema', artiste='Mahaleo', genre='Folk', durée=491s
2026-07-01 16:36:39 INFO  [MetadataApp] Métadonnées extraites : 18 taona.mp3 — titre='18 taona', artiste='Jeneraly', genre='Folk', durée=231s
2026-07-01 16:36:39 INFO  [MetadataApp] Métadonnées extraites : Lendrema.mp3 — titre='Lendrema', artiste='Mahaleo', genre='Folk', durée=491s
2026-07-01 16:36:39 INFO  [MetadataApp] Métadonnées extraites : 18 taona.mp3 — titre='18 taona', artiste='Jeneraly', genre='Folk', durée=231s
2026-07-01 16:36:39 INFO  [MetadataApp] Métadonnées extraites : Lendrema.mp3 — titre='Lendrema', artiste='Mahaleo', genre='Folk', durée=491s
2026-07-01 16:36:39 INFO  [MetadataApp] Métadonnées extraites : 18 taona.mp3 — titre='18 taona', artiste='Jeneraly', genre='Folk', durée=231s
2026-07-01 16:36:39 INFO  [MetadataApp] Métadonnées extraites : Lendrema.mp3 — titre='Lendrema', artiste='Mahaleo', genre='Folk', durée=491s
2026-07-01 16:36:40 INFO  [MetadataApp] Métadonnées extraites : 18 taona.mp3 — titre='18 taona', artiste='Jeneraly', genre='Folk', durée=231s
2026-07-01 16:36:40 INFO  [MetadataApp] Métadonnées extraites : Lendrema.mp3 — titre='Lendrema', artiste='Mahaleo', genre='Folk', durée=491s
2026-07-01 16:36:40 INFO  [MetadataApp] Métadonnées extraites : 18 taona.mp3 — titre='18 taona', artiste='Jeneraly', genre='Folk', durée=231s
2026-07-01 16:36:40 INFO  [MetadataApp] Métadonnées extraites : Lendrema.mp3 — titre='Lendrema', artiste='Mahaleo', genre='Folk', durée=491s
2026-07-01 16:36:40 INFO  [MetadataApp] Métadonnées extraites : 18 taona.mp3 — titre='18 taona', artiste='Jeneraly', genre='Folk', durée=231s
2026-07-01 16:36:40 INFO  [MetadataApp] Métadonnées extraites : Lendrema.mp3 — titre='Lendrema', artiste='Mahaleo', genre='Folk', durée=491s
2026-07-01 16:36:40 INFO  [MetadataApp] Métadonnées extraites : 18 taona.mp3 — titre='18 taona', artiste='Jeneraly', genre='Folk', durée=231s
2026-07-01 16:36:40 INFO  [MetadataApp] Métadonnées extraites : Lendrema.mp3 — titre='Lendrema', artiste='Mahaleo', genre='Folk', durée=491s
2026-07-01 16:36:40 INFO  [MetadataApp] Métadonnées extraites : 18 taona.mp3 — titre='18 taona', artiste='Jeneraly', genre='Folk', durée=231s
2026-07-01 16:36:40 INFO  [MetadataApp] Métadonnées extraites : Lendrema.mp3 — titre='Lendrema', artiste='Mahaleo', genre='Folk', durée=491s
2026-07-01 16:36:40 INFO  [MetadataApp] Métadonnées extraites : 18 taona.mp3 — titre='18 taona', artiste='Jeneraly', genre='Folk', durée=231s
2026-07-01 16:36:40 INFO  [MetadataApp] Métadonnées extraites : Lendrema.mp3 — titre='Lendrema', artiste='Mahaleo', genre='Folk', durée=491s
2026-07-01 16:36:40 INFO  [MetadataApp] Métadonnées extraites : 18 taona.mp3 — titre='18 taona', artiste='Jeneraly', genre='Folk', durée=231s
2026-07-01 16:36:40 INFO  [MetadataApp] Métadonnées extraites : Lendrema.mp3 — titre='Lendrema', artiste='Mahaleo', genre='Folk', durée=491s
2026-07-01 16:36:40 INFO  [MetadataApp] Métadonnées extraites : 18 taona.mp3 — titre='18 taona', artiste='Jeneraly', genre='Folk', durée=231s
2026-07-01 16:36:40 INFO  [MetadataApp] Métadonnées extraites : Lendrema.mp3 — titre='Lendrema', artiste='Mahaleo', genre='Folk', durée=491s
2026-07-01 16:36:40 INFO  [MetadataApp] Métadonnées extraites : 18 taona.mp3 — titre='18 taona', artiste='Jeneraly', genre='Folk', durée=231s
2026-07-01 16:36:40 INFO  [MetadataApp] Métadonnées extraites : Lendrema.mp3 — titre='Lendrema', artiste='Mahaleo', genre='Folk', durée=491s
2026-07-01 16:36:40 INFO  [MetadataApp] Métadonnées extraites : 18 taona.mp3 — titre='18 taona', artiste='Jeneraly', genre='Folk', durée=231s
2026-07-01 16:36:40 INFO  [MetadataApp] Métadonnées extraites : Lendrema.mp3 — titre='Lendrema', artiste='Mahaleo', genre='Folk', durée=491s
2026-07-01 16:36:40 INFO  [MetadataApp] Métadonnées extraites : 18 taona.mp3 — titre='18 taona', artiste='Jeneraly', genre='Folk', durée=231s
2026-07-01 16:36:40 INFO  [MetadataApp] Métadonnées extraites : Lendrema.mp3 — titre='Lendrema', artiste='Mahaleo', genre='Folk', durée=491s
2026-07-01 16:36:40 INFO  [MetadataApp] Métadonnées extraites : 18 taona.mp3 — titre='18 taona', artiste='Jeneraly', genre='Folk', durée=231s
2026-07-01 16:36:40 INFO  [MetadataApp] Métadonnées extraites : Lendrema.mp3 — titre='Lendrema', artiste='Mahaleo', genre='Folk', durée=491s
2026-07-01 16:36:40 INFO  [MetadataApp] Métadonnées extraites : 18 taona.mp3 — titre='18 taona', artiste='Jeneraly', genre='Folk', durée=231s
2026-07-01 16:36:40 INFO  [MetadataApp] Métadonnées extraites : Lendrema.mp3 — titre='Lendrema', artiste='Mahaleo', genre='Folk', durée=491s
2026-07-01 16:36:41 INFO  [MetadataApp] Métadonnées extraites : 18 taona.mp3 — titre='18 taona', artiste='Jeneraly', genre='Folk', durée=231s
2026-07-01 16:36:41 INFO  [MetadataApp] Métadonnées extraites : Lendrema.mp3 — titre='Lendrema', artiste='Mahaleo', genre='Folk', durée=491s
2026-07-01 16:36:41 INFO  [MetadataApp] Métadonnées extraites : 18 taona.mp3 — titre='18 taona', artiste='Jeneraly', genre='Folk', durée=231s
2026-07-01 16:36:41 INFO  [MetadataApp] Métadonnées extraites : Lendrema.mp3 — titre='Lendrema', artiste='Mahaleo', genre='Folk', durée=491s
2026-07-01 16:36:41 INFO  [MetadataApp] Métadonnées extraites : 18 taona.mp3 — titre='18 taona', artiste='Jeneraly', genre='Folk', durée=231s
2026-07-01 16:36:41 INFO  [MetadataApp] Métadonnées extraites : Lendrema.mp3 — titre='Lendrema', artiste='Mahaleo', genre='Folk', durée=491s
2026-07-01 16:36:41 INFO  [MetadataApp] Métadonnées extraites : 18 taona.mp3 — titre='18 taona', artiste='Jeneraly', genre='Folk', durée=231s
2026-07-01 16:36:41 INFO  [MetadataApp] Métadonnées extraites : Lendrema.mp3 — titre='Lendrema', artiste='Mahaleo', genre='Folk', durée=491s
2026-07-01 16:36:41 INFO  [MetadataApp] Métadonnées extraites : 18 taona.mp3 — titre='18 taona', artiste='Jeneraly', genre='Folk', durée=231s
2026-07-01 16:36:41 INFO  [MetadataApp] Métadonnées extraites : Lendrema.mp3 — titre='Lendrema', artiste='Mahaleo', genre='Folk', durée=491s
2026-07-01 16:36:41 INFO  [MetadataApp] Métadonnées extraites : 18 taona.mp3 — titre='18 taona', artiste='Jeneraly', genre='Folk', durée=231s
2026-07-01 16:36:41 INFO  [MetadataApp] Métadonnées extraites : Lendrema.mp3 — titre='Lendrema', artiste='Mahaleo', genre='Folk', durée=491s
2026-07-01 16:36:41 INFO  [MetadataApp] Métadonnées extraites : 18 taona.mp3 — titre='18 taona', artiste='Jeneraly', genre='Folk', durée=231s
2026-07-01 16:36:41 INFO  [MetadataApp] Métadonnées extraites : Lendrema.mp3 — titre='Lendrema', artiste='Mahaleo', genre='Folk', durée=491s
2026-07-01 16:36:41 INFO  [MetadataApp] Métadonnées extraites : 18 taona.mp3 — titre='18 taona', artiste='Jeneraly', genre='Folk', durée=231s
2026-07-01 16:36:41 INFO  [MetadataApp] Métadonnées extraites : Lendrema.mp3 — titre='Lendrema', artiste='Mahaleo', genre='Folk', durée=491s
2026-07-01 16:36:41 INFO  [MetadataApp] Métadonnées extraites : 18 taona.mp3 — titre='18 taona', artiste='Jeneraly', genre='Folk', durée=231s
2026-07-01 16:36:41 INFO  [MetadataApp] Métadonnées extraites : Lendrema.mp3 — titre='Lendrema', artiste='Mahaleo', genre='Folk', durée=491s
2026-07-01 16:36:41 INFO  [MetadataApp] Métadonnées extraites : 18 taona.mp3 — titre='18 taona', artiste='Jeneraly', genre='Folk', durée=231s
2026-07-01 16:36:41 INFO  [MetadataApp] Métadonnées extraites : Lendrema.mp3 — titre='Lendrema', artiste='Mahaleo', genre='Folk', durée=491s
2026-07-01 16:36:41 INFO  [MetadataApp] Métadonnées extraites : 18 taona.mp3 — titre='18 taona', artiste='Jeneraly', genre='Folk', durée=231s
2026-07-01 16:36:41 INFO  [MetadataApp] Métadonnées extraites : Lendrema.mp3 — titre='Lendrema', artiste='Mahaleo', genre='Folk', durée=491s
2026-07-01 16:36:41 INFO  [MetadataApp] Métadonnées extraites : 18 taona.mp3 — titre='18 taona', artiste='Jeneraly', genre='Folk', durée=231s
2026-07-01 16:36:41 INFO  [MetadataApp] Métadonnées extraites : Lendrema.mp3 — titre='Lendrema', artiste='Mahaleo', genre='Folk', durée=491s
2026-07-01 16:36:41 INFO  [MetadataApp] Métadonnées extraites : 18 taona.mp3 — titre='18 taona', artiste='Jeneraly', genre='Folk', durée=231s
2026-07-01 16:36:41 INFO  [MetadataApp] Métadonnées extraites : Lendrema.mp3 — titre='Lendrema', artiste='Mahaleo', genre='Folk', durée=491s
2026-07-01 16:36:41 INFO  [MetadataApp] Métadonnées extraites : 18 taona.mp3 — titre='18 taona', artiste='Jeneraly', genre='Folk', durée=231s
2026-07-01 16:36:41 INFO  [MetadataApp] Métadonnées extraites : Lendrema.mp3 — titre='Lendrema', artiste='Mahaleo', genre='Folk', durée=491s
2026-07-01 16:36:41 INFO  [MetadataApp] Métadonnées extraites : 18 taona.mp3 — titre='18 taona', artiste='Jeneraly', genre='Folk', durée=231s
2026-07-01 16:36:41 INFO  [MetadataApp] Métadonnées extraites : Lendrema.mp3 — titre='Lendrema', artiste='Mahaleo', genre='Folk', durée=491s
2026-07-01 16:36:41 INFO  [MetadataApp] Métadonnées extraites : 18 taona.mp3 — titre='18 taona', artiste='Jeneraly', genre='Folk', durée=231s
2026-07-01 16:36:41 INFO  [MetadataApp] Métadonnées extraites : Lendrema.mp3 — titre='Lendrema', artiste='Mahaleo', genre='Folk', durée=491s
2026-07-01 16:36:41 INFO  [MetadataApp] Métadonnées extraites : 18 taona.mp3 — titre='18 taona', artiste='Jeneraly', genre='Folk', durée=231s
2026-07-01 16:36:41 INFO  [MetadataApp] Métadonnées extraites : Lendrema.mp3 — titre='Lendrema', artiste='Mahaleo', genre='Folk', durée=491s
2026-07-01 16:36:41 INFO  [MetadataApp] Métadonnées extraites : 18 taona.mp3 — titre='18 taona', artiste='Jeneraly', genre='Folk', durée=231s
2026-07-01 16:36:41 INFO  [MetadataApp] Métadonnées extraites : Lendrema.mp3 — titre='Lendrema', artiste='Mahaleo', genre='Folk', durée=491s
2026-07-01 16:36:41 INFO  [MetadataApp] Métadonnées extraites : 18 taona.mp3 — titre='18 taona', artiste='Jeneraly', genre='Folk', durée=231s
2026-07-01 16:36:41 INFO  [MetadataApp] Métadonnées extraites : Lendrema.mp3 — titre='Lendrema', artiste='Mahaleo', genre='Folk', durée=491s
2026-07-01 16:36:42 INFO  [MetadataApp] Métadonnées extraites : 18 taona.mp3 — titre='18 taona', artiste='Jeneraly', genre='Folk', durée=231s
2026-07-01 16:36:42 INFO  [MetadataApp] Métadonnées extraites : Lendrema.mp3 — titre='Lendrema', artiste='Mahaleo', genre='Folk', durée=491s
2026-07-01 16:36:42 INFO  [MetadataApp] Métadonnées extraites : 18 taona.mp3 — titre='18 taona', artiste='Jeneraly', genre='Folk', durée=231s
2026-07-01 16:36:42 INFO  [MetadataApp] Métadonnées extraites : Lendrema.mp3 — titre='Lendrema', artiste='Mahaleo', genre='Folk', durée=491s
2026-07-01 16:36:42 INFO  [MetadataApp] Métadonnées extraites : 18 taona.mp3 — titre='18 taona', artiste='Jeneraly', genre='Folk', durée=231s
2026-07-01 16:36:42 INFO  [MetadataApp] Métadonnées extraites : Lendrema.mp3 — titre='Lendrema', artiste='Mahaleo', genre='Folk', durée=491s
2026-07-01 16:36:42 INFO  [MetadataApp] Métadonnées extraites : 18 taona.mp3 — titre='18 taona', artiste='Jeneraly', genre='Folk', durée=231s
2026-07-01 16:36:42 INFO  [MetadataApp] Métadonnées extraites : Lendrema.mp3 — titre='Lendrema', artiste='Mahaleo', genre='Folk', durée=491s
2026-07-01 16:36:42 INFO  [MetadataApp] Métadonnées extraites : 18 taona.mp3 — titre='18 taona', artiste='Jeneraly', genre='Folk', durée=231s
2026-07-01 16:36:42 INFO  [MetadataApp] Métadonnées extraites : Lendrema.mp3 — titre='Lendrema', artiste='Mahaleo', genre='Folk', durée=491s
2026-07-01 16:36:42 INFO  [MetadataApp] Métadonnées extraites : 18 taona.mp3 — titre='18 taona', artiste='Jeneraly', genre='Folk', durée=231s
2026-07-01 16:36:42 INFO  [MetadataApp] Métadonnées extraites : Lendrema.mp3 — titre='Lendrema', artiste='Mahaleo', genre='Folk', durée=491s
2026-07-01 16:36:42 INFO  [MetadataApp] Métadonnées extraites : 18 taona.mp3 — titre='18 taona', artiste='Jeneraly', genre='Folk', durée=231s
2026-07-01 16:36:42 INFO  [MetadataApp] Métadonnées extraites : Lendrema.mp3 — titre='Lendrema', artiste='Mahaleo', genre='Folk', durée=491s
2026-07-01 16:36:42 INFO  [MetadataApp] Métadonnées extraites : 18 taona.mp3 — titre='18 taona', artiste='Jeneraly', genre='Folk', durée=231s
2026-07-01 16:36:42 INFO  [MetadataApp] Métadonnées extraites : Lendrema.mp3 — titre='Lendrema', artiste='Mahaleo', genre='Folk', durée=491s
2026-07-01 16:36:42 INFO  [MetadataApp] Métadonnées extraites : 18 taona.mp3 — titre='18 taona', artiste='Jeneraly', genre='Folk', durée=231s
2026-07-01 16:36:42 INFO  [MetadataApp] Métadonnées extraites : Lendrema.mp3 — titre='Lendrema', artiste='Mahaleo', genre='Folk', durée=491s
2026-07-01 16:36:42 INFO  [MetadataApp] Métadonnées extraites : 18 taona.mp3 — titre='18 taona', artiste='Jeneraly', genre='Folk', durée=231s
2026-07-01 16:36:42 INFO  [MetadataApp] Métadonnées extraites : Lendrema.mp3 — titre='Lendrema', artiste='Mahaleo', genre='Folk', durée=491s
2026-07-01 16:36:42 INFO  [MetadataApp] Métadonnées extraites : 18 taona.mp3 — titre='18 taona', artiste='Jeneraly', genre='Folk', durée=231s
2026-07-01 16:36:42 INFO  [MetadataApp] Métadonnées extraites : Lendrema.mp3 — titre='Lendrema', artiste='Mahaleo', genre='Folk', durée=491s
2026-07-01 16:36:42 INFO  [MetadataApp] Métadonnées extraites : 18 taona.mp3 — titre='18 taona', artiste='Jeneraly', genre='Folk', durée=231s
2026-07-01 16:36:42 INFO  [MetadataApp] Métadonnées extraites : Lendrema.mp3 — titre='Lendrema', artiste='Mahaleo', genre='Folk', durée=491s
2026-07-01 16:36:42 INFO  [MetadataApp] Métadonnées extraites : 18 taona.mp3 — titre='18 taona', artiste='Jeneraly', genre='Folk', durée=231s
2026-07-01 16:36:42 INFO  [MetadataApp] Métadonnées extraites : Lendrema.mp3 — titre='Lendrema', artiste='Mahaleo', genre='Folk', durée=491s
2026-07-01 16:36:42 INFO  [MetadataApp] Métadonnées extraites : 18 taona.mp3 — titre='18 taona', artiste='Jeneraly', genre='Folk', durée=231s
2026-07-01 16:36:42 INFO  [MetadataApp] Métadonnées extraites : Lendrema.mp3 — titre='Lendrema', artiste='Mahaleo', genre='Folk', durée=491s
2026-07-01 16:36:42 INFO  [MetadataApp] Métadonnées extraites : 18 taona.mp3 — titre='18 taona', artiste='Jeneraly', genre='Folk', durée=231s
2026-07-01 16:36:42 INFO  [MetadataApp] Métadonnées extraites : Lendrema.mp3 — titre='Lendrema', artiste='Mahaleo', genre='Folk', durée=491s
2026-07-01 16:36:42 INFO  [MetadataApp] Métadonnées extraites : 18 taona.mp3 — titre='18 taona', artiste='Jeneraly', genre='Folk', durée=231s
2026-07-01 16:36:42 INFO  [MetadataApp] Métadonnées extraites : Lendrema.mp3 — titre='Lendrema', artiste='Mahaleo', genre='Folk', durée=491s
2026-07-01 16:36:42 INFO  [MetadataApp] Métadonnées extraites : 18 taona.mp3 — titre='18 taona', artiste='Jeneraly', genre='Folk', durée=231s
2026-07-01 16:36:42 INFO  [MetadataApp] Métadonnées extraites : Lendrema.mp3 — titre='Lendrema', artiste='Mahaleo', genre='Folk', durée=491s
2026-07-01 16:36:42 INFO  [MetadataApp] Métadonnées extraites : 18 taona.mp3 — titre='18 taona', artiste='Jeneraly', genre='Folk', durée=231s
2026-07-01 16:36:42 INFO  [MetadataApp] Métadonnées extraites : Lendrema.mp3 — titre='Lendrema', artiste='Mahaleo', genre='Folk', durée=491s
2026-07-01 16:36:42 INFO  [MetadataApp] Métadonnées extraites : 18 taona.mp3 — titre='18 taona', artiste='Jeneraly', genre='Folk', durée=231s
2026-07-01 16:36:42 INFO  [MetadataApp] Métadonnées extraites : Lendrema.mp3 — titre='Lendrema', artiste='Mahaleo', genre='Folk', durée=491s
2026-07-01 16:36:42 INFO  [MetadataApp] Métadonnées extraites : 18 taona.mp3 — titre='18 taona', artiste='Jeneraly', genre='Folk', durée=231s
2026-07-01 16:36:42 INFO  [MetadataApp] Métadonnées extraites : Lendrema.mp3 — titre='Lendrema', artiste='Mahaleo', genre='Folk', durée=491s
2026-07-01 16:36:42 INFO  [MetadataApp] Métadonnées extraites : 18 taona.mp3 — titre='18 taona', artiste='Jeneraly', genre='Folk', durée=231s
2026-07-01 16:36:42 INFO  [MetadataApp] Métadonnées extraites : Lendrema.mp3 — titre='Lendrema', artiste='Mahaleo', genre='Folk', durée=491s
2026-07-01 16:36:42 INFO  [MetadataApp] Métadonnées extraites : 18 taona.mp3 — titre='18 taona', artiste='Jeneraly', genre='Folk', durée=231s
2026-07-01 16:36:42 INFO  [MetadataApp] Métadonnées extraites : Lendrema.mp3 — titre='Lendrema', artiste='Mahaleo', genre='Folk', durée=491s
2026-07-01 16:36:42 INFO  [MetadataApp] Métadonnées extraites : 18 taona.mp3 — titre='18 taona', artiste='Jeneraly', genre='Folk', durée=231s
2026-07-01 16:36:42 INFO  [MetadataApp] Métadonnées extraites : Lendrema.mp3 — titre='Lendrema', artiste='Mahaleo', genre='Folk', durée=491s
2026-07-01 16:36:42 INFO  [MetadataApp] Métadonnées extraites : 18 taona.mp3 — titre='18 taona', artiste='Jeneraly', genre='Folk', durée=231s
2026-07-01 16:36:42 INFO  [MetadataApp] Métadonnées extraites : Lendrema.mp3 — titre='Lendrema', artiste='Mahaleo', genre='Folk', durée=491s
2026-07-01 16:36:42 INFO  [MetadataApp] Métadonnées extraites : 18 taona.mp3 — titre='18 taona', artiste='Jeneraly', genre='Folk', durée=231s
2026-07-01 16:36:42 INFO  [MetadataApp] Métadonnées extraites : Lendrema.mp3 — titre='Lendrema', artiste='Mahaleo', genre='Folk', durée=491s
2026-07-01 16:36:42 INFO  [MetadataApp] Métadonnées extraites : 18 taona.mp3 — titre='18 taona', artiste='Jeneraly', genre='Folk', durée=231s
2026-07-01 16:36:42 INFO  [MetadataApp] Métadonnées extraites : Lendrema.mp3 — titre='Lendrema', artiste='Mahaleo', genre='Folk', durée=491s
2026-07-01 16:36:42 INFO  [MetadataApp] Métadonnées extraites : 18 taona.mp3 — titre='18 taona', artiste='Jeneraly', genre='Folk', durée=231s
2026-07-01 16:36:42 INFO  [MetadataApp] Métadonnées extraites : Lendrema.mp3 — titre='Lendrema', artiste='Mahaleo', genre='Folk', durée=491s
2026-07-01 16:36:42 INFO  [MetadataApp] Métadonnées extraites : 18 taona.mp3 — titre='18 taona', artiste='Jeneraly', genre='Folk', durée=231s
2026-07-01 16:36:42 INFO  [MetadataApp] Métadonnées extraites : Lendrema.mp3 — titre='Lendrema', artiste='Mahaleo', genre='Folk', durée=491s
2026-07-01 16:36:42 INFO  [MetadataApp] Métadonnées extraites : 18 taona.mp3 — titre='18 taona', artiste='Jeneraly', genre='Folk', durée=231s
2026-07-01 16:36:42 INFO  [MetadataApp] Métadonnées extraites : Lendrema.mp3 — titre='Lendrema', artiste='Mahaleo', genre='Folk', durée=491s
2026-07-01 16:36:42 INFO  [MetadataApp] Métadonnées extraites : 18 taona.mp3 — titre='18 taona', artiste='Jeneraly', genre='Folk', durée=231s
2026-07-01 16:36:42 INFO  [MetadataApp] Métadonnées extraites : Lendrema.mp3 — titre='Lendrema', artiste='Mahaleo', genre='Folk', durée=491s
2026-07-01 16:36:42 INFO  [MetadataApp] Métadonnées extraites : 18 taona.mp3 — titre='18 taona', artiste='Jeneraly', genre='Folk', durée=231s
2026-07-01 16:36:42 INFO  [MetadataApp] Métadonnées extraites : Lendrema.mp3 — titre='Lendrema', artiste='Mahaleo', genre='Folk', durée=491s
2026-07-01 16:36:42 INFO  [MetadataApp] Métadonnées extraites : 18 taona.mp3 — titre='18 taona', artiste='Jeneraly', genre='Folk', durée=231s
2026-07-01 16:36:42 INFO  [MetadataApp] Métadonnées extraites : Lendrema.mp3 — titre='Lendrema', artiste='Mahaleo', genre='Folk', durée=491s
2026-07-01 16:36:42 INFO  [MetadataApp] Métadonnées extraites : 18 taona.mp3 — titre='18 taona', artiste='Jeneraly', genre='Folk', durée=231s
2026-07-01 16:36:42 INFO  [MetadataApp] Métadonnées extraites : Lendrema.mp3 — titre='Lendrema', artiste='Mahaleo', genre='Folk', durée=491s
2026-07-01 16:36:42 INFO  [MetadataApp] Métadonnées extraites : 18 taona.mp3 — titre='18 taona', artiste='Jeneraly', genre='Folk', durée=231s
2026-07-01 16:36:42 INFO  [MetadataApp] Métadonnées extraites : Lendrema.mp3 — titre='Lendrema', artiste='Mahaleo', genre='Folk', durée=491s
2026-07-01 16:36:42 INFO  [MetadataApp] Métadonnées extraites : 18 taona.mp3 — titre='18 taona', artiste='Jeneraly', genre='Folk', durée=231s
2026-07-01 16:36:42 INFO  [MetadataApp] Métadonnées extraites : Lendrema.mp3 — titre='Lendrema', artiste='Mahaleo', genre='Folk', durée=491s
2026-07-01 16:36:42 INFO  [MetadataApp] Métadonnées extraites : 18 taona.mp3 — titre='18 taona', artiste='Jeneraly', genre='Folk', durée=231s
2026-07-01 16:36:42 INFO  [MetadataApp] Métadonnées extraites : Lendrema.mp3 — titre='Lendrema', artiste='Mahaleo', genre='Folk', durée=491s
2026-07-01 16:36:42 INFO  [MetadataApp] Métadonnées extraites : 18 taona.mp3 — titre='18 taona', artiste='Jeneraly', genre='Folk', durée=231s
2026-07-01 16:36:42 INFO  [MetadataApp] Métadonnées extraites : Lendrema.mp3 — titre='Lendrema', artiste='Mahaleo', genre='Folk', durée=491s
2026-07-01 16:36:42 INFO  [MetadataApp] Métadonnées extraites : 18 taona.mp3 — titre='18 taona', artiste='Jeneraly', genre='Folk', durée=231s
2026-07-01 16:36:42 INFO  [MetadataApp] Métadonnées extraites : Lendrema.mp3 — titre='Lendrema', artiste='Mahaleo', genre='Folk', durée=491s
2026-07-01 16:36:42 INFO  [MetadataApp] Métadonnées extraites : 18 taona.mp3 — titre='18 taona', artiste='Jeneraly', genre='Folk', durée=231s
2026-07-01 16:36:42 INFO  [MetadataApp] Métadonnées extraites : Lendrema.mp3 — titre='Lendrema', artiste='Mahaleo', genre='Folk', durée=491s
2026-07-01 16:36:42 INFO  [MetadataApp] Métadonnées extraites : 18 taona.mp3 — titre='18 taona', artiste='Jeneraly', genre='Folk', durée=231s
2026-07-01 16:36:42 INFO  [MetadataApp] Métadonnées extraites : Lendrema.mp3 — titre='Lendrema', artiste='Mahaleo', genre='Folk', durée=491s
2026-07-01 16:36:42 INFO  [MetadataApp] Métadonnées extraites : 18 taona.mp3 — titre='18 taona', artiste='Jeneraly', genre='Folk', durée=231s
2026-07-01 16:36:42 INFO  [MetadataApp] Métadonnées extraites : Lendrema.mp3 — titre='Lendrema', artiste='Mahaleo', genre='Folk', durée=491s
2026-07-01 16:36:42 INFO  [MetadataApp] Métadonnées extraites : 18 taona.mp3 — titre='18 taona', artiste='Jeneraly', genre='Folk', durée=231s
2026-07-01 16:36:42 INFO  [MetadataApp] Métadonnées extraites : Lendrema.mp3 — titre='Lendrema', artiste='Mahaleo', genre='Folk', durée=491s
2026-07-01 16:36:42 INFO  [MetadataApp] Métadonnées extraites : 18 taona.mp3 — titre='18 taona', artiste='Jeneraly', genre='Folk', durée=231s
2026-07-01 16:36:42 INFO  [MetadataApp] Métadonnées extraites : Lendrema.mp3 — titre='Lendrema', artiste='Mahaleo', genre='Folk', durée=491s
2026-07-01 16:36:42 INFO  [MetadataApp] Métadonnées extraites : 18 taona.mp3 — titre='18 taona', artiste='Jeneraly', genre='Folk', durée=231s
2026-07-01 16:36:42 INFO  [MetadataApp] Métadonnées extraites : Lendrema.mp3 — titre='Lendrema', artiste='Mahaleo', genre='Folk', durée=491s
2026-07-01 16:36:42 INFO  [MetadataApp] Métadonnées extraites : 18 taona.mp3 — titre='18 taona', artiste='Jeneraly', genre='Folk', durée=231s
2026-07-01 16:36:42 INFO  [MetadataApp] Métadonnées extraites : Lendrema.mp3 — titre='Lendrema', artiste='Mahaleo', genre='Folk', durée=491s
2026-07-01 16:36:42 INFO  [MetadataApp] Métadonnées extraites : 18 taona.mp3 — titre='18 taona', artiste='Jeneraly', genre='Folk', durée=231s
2026-07-01 16:36:42 INFO  [MetadataApp] Métadonnées extraites : Lendrema.mp3 — titre='Lendrema', artiste='Mahaleo', genre='Folk', durée=491s
2026-07-01 16:36:42 INFO  [MetadataApp] Métadonnées extraites : 18 taona.mp3 — titre='18 taona', artiste='Jeneraly', genre='Folk', durée=231s
2026-07-01 16:36:42 INFO  [MetadataApp] Métadonnées extraites : Lendrema.mp3 — titre='Lendrema', artiste='Mahaleo', genre='Folk', durée=491s
2026-07-01 16:36:42 INFO  [MetadataApp] Métadonnées extraites : 18 taona.mp3 — titre='18 taona', artiste='Jeneraly', genre='Folk', durée=231s
2026-07-01 16:36:42 INFO  [MetadataApp] Métadonnées extraites : Lendrema.mp3 — titre='Lendrema', artiste='Mahaleo', genre='Folk', durée=491s
2026-07-01 16:36:42 INFO  [MetadataApp] Métadonnées extraites : 18 taona.mp3 — titre='18 taona', artiste='Jeneraly', genre='Folk', durée=231s
2026-07-01 16:36:42 INFO  [MetadataApp] Métadonnées extraites : Lendrema.mp3 — titre='Lendrema', artiste='Mahaleo', genre='Folk', durée=491s
2026-07-01 16:36:42 INFO  [MetadataApp] Métadonnées extraites : 18 taona.mp3 — titre='18 taona', artiste='Jeneraly', genre='Folk', durée=231s
2026-07-01 16:36:42 INFO  [MetadataApp] Métadonnées extraites : Lendrema.mp3 — titre='Lendrema', artiste='Mahaleo', genre='Folk', durée=491s
2026-07-01 16:36:42 INFO  [MetadataApp] Métadonnées extraites : 18 taona.mp3 — titre='18 taona', artiste='Jeneraly', genre='Folk', durée=231s
2026-07-01 16:36:42 INFO  [MetadataApp] Métadonnées extraites : Lendrema.mp3 — titre='Lendrema', artiste='Mahaleo', genre='Folk', durée=491s
2026-07-01 16:36:42 INFO  [MetadataApp] Métadonnées extraites : 18 taona.mp3 — titre='18 taona', artiste='Jeneraly', genre='Folk', durée=231s
2026-07-01 16:36:42 INFO  [MetadataApp] Métadonnées extraites : Lendrema.mp3 — titre='Lendrema', artiste='Mahaleo', genre='Folk', durée=491s
2026-07-01 16:36:42 INFO  [MetadataApp] Métadonnées extraites : 18 taona.mp3 — titre='18 taona', artiste='Jeneraly', genre='Folk', durée=231s
2026-07-01 16:36:42 INFO  [MetadataApp] Métadonnées extraites : Lendrema.mp3 — titre='Lendrema', artiste='Mahaleo', genre='Folk', durée=491s
2026-07-01 16:36:42 INFO  [MetadataApp] Métadonnées extraites : 18 taona.mp3 — titre='18 taona', artiste='Jeneraly', genre='Folk', durée=231s
2026-07-01 16:36:42 INFO  [MetadataApp] Métadonnées extraites : Lendrema.mp3 — titre='Lendrema', artiste='Mahaleo', genre='Folk', durée=491s
2026-07-01 16:36:42 INFO  [MetadataApp] Métadonnées extraites : 18 taona.mp3 — titre='18 taona', artiste='Jeneraly', genre='Folk', durée=231s
2026-07-01 16:36:42 INFO  [MetadataApp] Métadonnées extraites : Lendrema.mp3 — titre='Lendrema', artiste='Mahaleo', genre='Folk', durée=491s
2026-07-01 16:36:42 INFO  [MetadataApp] Métadonnées extraites : 18 taona.mp3 — titre='18 taona', artiste='Jeneraly', genre='Folk', durée=231s
2026-07-01 16:36:42 INFO  [MetadataApp] Métadonnées extraites : Lendrema.mp3 — titre='Lendrema', artiste='Mahaleo', genre='Folk', durée=491s
2026-07-01 16:36:42 INFO  [MetadataApp] Métadonnées extraites : 18 taona.mp3 — titre='18 taona', artiste='Jeneraly', genre='Folk', durée=231s
2026-07-01 16:36:42 INFO  [MetadataApp] Métadonnées extraites : Lendrema.mp3 — titre='Lendrema', artiste='Mahaleo', genre='Folk', durée=491s
2026-07-01 16:36:42 INFO  [MetadataApp] Métadonnées extraites : 18 taona.mp3 — titre='18 taona', artiste='Jeneraly', genre='Folk', durée=231s
2026-07-01 16:36:42 INFO  [MetadataApp] Métadonnées extraites : Lendrema.mp3 — titre='Lendrema', artiste='Mahaleo', genre='Folk', durée=491s
2026-07-01 16:36:42 INFO  [MetadataApp] Métadonnées extraites : 18 taona.mp3 — titre='18 taona', artiste='Jeneraly', genre='Folk', durée=231s
2026-07-01 16:36:42 INFO  [MetadataApp] Métadonnées extraites : Lendrema.mp3 — titre='Lendrema', artiste='Mahaleo', genre='Folk', durée=491s
2026-07-01 16:36:42 INFO  [MetadataApp] Métadonnées extraites : 18 taona.mp3 — titre='18 taona', artiste='Jeneraly', genre='Folk', durée=231s
2026-07-01 16:36:42 INFO  [MetadataApp] Métadonnées extraites : Lendrema.mp3 — titre='Lendrema', artiste='Mahaleo', genre='Folk', durée=491s
2026-07-01 16:36:42 INFO  [MetadataApp] Métadonnées extraites : 18 taona.mp3 — titre='18 taona', artiste='Jeneraly', genre='Folk', durée=231s
2026-07-01 16:36:42 INFO  [MetadataApp] Métadonnées extraites : Lendrema.mp3 — titre='Lendrema', artiste='Mahaleo', genre='Folk', durée=491s
2026-07-01 16:36:42 INFO  [MetadataApp] Métadonnées extraites : 18 taona.mp3 — titre='18 taona', artiste='Jeneraly', genre='Folk', durée=231s
2026-07-01 16:36:42 INFO  [MetadataApp] Métadonnées extraites : Lendrema.mp3 — titre='Lendrema', artiste='Mahaleo', genre='Folk', durée=491s
2026-07-01 16:36:42 INFO  [MetadataApp] Métadonnées extraites : 18 taona.mp3 — titre='18 taona', artiste='Jeneraly', genre='Folk', durée=231s
2026-07-01 16:36:42 INFO  [MetadataApp] Métadonnées extraites : Lendrema.mp3 — titre='Lendrema', artiste='Mahaleo', genre='Folk', durée=491s
2026-07-01 16:36:42 INFO  [MetadataApp] Métadonnées extraites : 18 taona.mp3 — titre='18 taona', artiste='Jeneraly', genre='Folk', durée=231s
2026-07-01 16:36:42 INFO  [MetadataApp] Métadonnées extraites : Lendrema.mp3 — titre='Lendrema', artiste='Mahaleo', genre='Folk', durée=491s
2026-07-01 16:36:42 INFO  [MetadataApp] Métadonnées extraites : 18 taona.mp3 — titre='18 taona', artiste='Jeneraly', genre='Folk', durée=231s
2026-07-01 16:36:42 INFO  [MetadataApp] Métadonnées extraites : Lendrema.mp3 — titre='Lendrema', artiste='Mahaleo', genre='Folk', durée=491s
2026-07-01 16:36:42 INFO  [MetadataApp] Métadonnées extraites : 18 taona.mp3 — titre='18 taona', artiste='Jeneraly', genre='Folk', durée=231s
2026-07-01 16:36:42 INFO  [MetadataApp] Métadonnées extraites : Lendrema.mp3 — titre='Lendrema', artiste='Mahaleo', genre='Folk', durée=491s
2026-07-01 16:36:42 INFO  [MetadataApp] Métadonnées extraites : 18 taona.mp3 — titre='18 taona', artiste='Jeneraly', genre='Folk', durée=231s
2026-07-01 16:36:42 INFO  [MetadataApp] Métadonnées extraites : Lendrema.mp3 — titre='Lendrema', artiste='Mahaleo', genre='Folk', durée=491s
2026-07-01 16:36:42 INFO  [MetadataApp] Métadonnées extraites : 18 taona.mp3 — titre='18 taona', artiste='Jeneraly', genre='Folk', durée=231s
2026-07-01 16:36:42 INFO  [MetadataApp] Métadonnées extraites : Lendrema.mp3 — titre='Lendrema', artiste='Mahaleo', genre='Folk', durée=491s
2026-07-01 16:36:42 INFO  [MetadataApp] Métadonnées extraites : 18 taona.mp3 — titre='18 taona', artiste='Jeneraly', genre='Folk', durée=231s
2026-07-01 16:36:42 INFO  [MetadataApp] Métadonnées extraites : Lendrema.mp3 — titre='Lendrema', artiste='Mahaleo', genre='Folk', durée=491s
2026-07-01 16:36:42 INFO  [MetadataApp] Métadonnées extraites : 18 taona.mp3 — titre='18 taona', artiste='Jeneraly', genre='Folk', durée=231s
2026-07-01 16:36:42 INFO  [MetadataApp] Métadonnées extraites : Lendrema.mp3 — titre='Lendrema', artiste='Mahaleo', genre='Folk', durée=491s
2026-07-01 16:36:42 INFO  [MetadataApp] Métadonnées extraites : 18 taona.mp3 — titre='18 taona', artiste='Jeneraly', genre='Folk', durée=231s
2026-07-01 16:36:42 INFO  [MetadataApp] Métadonnées extraites : Lendrema.mp3 — titre='Lendrema', artiste='Mahaleo', genre='Folk', durée=491s
2026-07-01 16:36:42 INFO  [MetadataApp] Métadonnées extraites : 18 taona.mp3 — titre='18 taona', artiste='Jeneraly', genre='Folk', durée=231s
2026-07-01 16:36:42 INFO  [MetadataApp] Métadonnées extraites : Lendrema.mp3 — titre='Lendrema', artiste='Mahaleo', genre='Folk', durée=491s
2026-07-01 16:36:43 INFO  [MetadataApp] Métadonnées extraites : 18 taona.mp3 — titre='18 taona', artiste='Jeneraly', genre='Folk', durée=231s
2026-07-01 16:36:43 INFO  [MetadataApp] Métadonnées extraites : Lendrema.mp3 — titre='Lendrema', artiste='Mahaleo', genre='Folk', durée=491s
2026-07-01 16:36:43 INFO  [MetadataApp] Métadonnées extraites : 18 taona.mp3 — titre='18 taona', artiste='Jeneraly', genre='Folk', durée=231s
2026-07-01 16:36:43 INFO  [MetadataApp] Métadonnées extraites : Lendrema.mp3 — titre='Lendrema', artiste='Mahaleo', genre='Folk', durée=491s
2026-07-01 16:36:43 INFO  [MetadataApp] Métadonnées extraites : 18 taona.mp3 — titre='18 taona', artiste='Jeneraly', genre='Folk', durée=231s
2026-07-01 16:36:43 INFO  [MetadataApp] Métadonnées extraites : Lendrema.mp3 — titre='Lendrema', artiste='Mahaleo', genre='Folk', durée=491s
2026-07-01 16:36:43 INFO  [MetadataApp] Métadonnées extraites : 18 taona.mp3 — titre='18 taona', artiste='Jeneraly', genre='Folk', durée=231s
2026-07-01 16:36:43 INFO  [MetadataApp] Métadonnées extraites : Lendrema.mp3 — titre='Lendrema', artiste='Mahaleo', genre='Folk', durée=491s
2026-07-01 16:36:43 INFO  [MetadataApp] Métadonnées extraites : 18 taona.mp3 — titre='18 taona', artiste='Jeneraly', genre='Folk', durée=231s
2026-07-01 16:36:43 INFO  [MetadataApp] Métadonnées extraites : Lendrema.mp3 — titre='Lendrema', artiste='Mahaleo', genre='Folk', durée=491s
2026-07-01 16:36:43 INFO  [MetadataApp] Métadonnées extraites : 18 taona.mp3 — titre='18 taona', artiste='Jeneraly', genre='Folk', durée=231s
2026-07-01 16:36:43 INFO  [MetadataApp] Métadonnées extraites : Lendrema.mp3 — titre='Lendrema', artiste='Mahaleo', genre='Folk', durée=491s
2026-07-01 16:36:43 INFO  [MetadataApp] Métadonnées extraites : 18 taona.mp3 — titre='18 taona', artiste='Jeneraly', genre='Folk', durée=231s
2026-07-01 16:36:43 INFO  [MetadataApp] Métadonnées extraites : Lendrema.mp3 — titre='Lendrema', artiste='Mahaleo', genre='Folk', durée=491s
2026-07-01 16:36:43 INFO  [MetadataApp] Métadonnées extraites : 18 taona.mp3 — titre='18 taona', artiste='Jeneraly', genre='Folk', durée=231s
2026-07-01 16:36:43 INFO  [MetadataApp] Métadonnées extraites : Lendrema.mp3 — titre='Lendrema', artiste='Mahaleo', genre='Folk', durée=491s
2026-07-01 16:36:43 INFO  [MetadataApp] Métadonnées extraites : 18 taona.mp3 — titre='18 taona', artiste='Jeneraly', genre='Folk', durée=231s
2026-07-01 16:36:43 INFO  [MetadataApp] Métadonnées extraites : Lendrema.mp3 — titre='Lendrema', artiste='Mahaleo', genre='Folk', durée=491s
2026-07-01 16:36:43 INFO  [MetadataApp] Métadonnées extraites : 18 taona.mp3 — titre='18 taona', artiste='Jeneraly', genre='Folk', durée=231s
2026-07-01 16:36:43 INFO  [MetadataApp] Métadonnées extraites : Lendrema.mp3 — titre='Lendrema', artiste='Mahaleo', genre='Folk', durée=491s
2026-07-01 16:36:43 INFO  [MetadataApp] Métadonnées extraites : 18 taona.mp3 — titre='18 taona', artiste='Jeneraly', genre='Folk', durée=231s
2026-07-01 16:36:43 INFO  [MetadataApp] Métadonnées extraites : Lendrema.mp3 — titre='Lendrema', artiste='Mahaleo', genre='Folk', durée=491s
2026-07-01 16:36:43 INFO  [MetadataApp] Métadonnées extraites : 18 taona.mp3 — titre='18 taona', artiste='Jeneraly', genre='Folk', durée=231s
2026-07-01 16:36:43 INFO  [MetadataApp] Métadonnées extraites : Lendrema.mp3 — titre='Lendrema', artiste='Mahaleo', genre='Folk', durée=491s
2026-07-01 16:36:43 INFO  [MetadataApp] Métadonnées extraites : 18 taona.mp3 — titre='18 taona', artiste='Jeneraly', genre='Folk', durée=231s
2026-07-01 16:36:43 INFO  [MetadataApp] Métadonnées extraites : Lendrema.mp3 — titre='Lendrema', artiste='Mahaleo', genre='Folk', durée=491s
2026-07-01 16:36:43 INFO  [MetadataApp] Métadonnées extraites : 18 taona.mp3 — titre='18 taona', artiste='Jeneraly', genre='Folk', durée=231s
2026-07-01 16:36:43 INFO  [MetadataApp] Métadonnées extraites : Lendrema.mp3 — titre='Lendrema', artiste='Mahaleo', genre='Folk', durée=491s
2026-07-01 16:36:43 INFO  [MetadataApp] Métadonnées extraites : 18 taona.mp3 — titre='18 taona', artiste='Jeneraly', genre='Folk', durée=231s
2026-07-01 16:36:43 INFO  [MetadataApp] Métadonnées extraites : Lendrema.mp3 — titre='Lendrema', artiste='Mahaleo', genre='Folk', durée=491s
2026-07-01 16:36:43 INFO  [MetadataApp] Métadonnées extraites : 18 taona.mp3 — titre='18 taona', artiste='Jeneraly', genre='Folk', durée=231s
2026-07-01 16:36:43 INFO  [MetadataApp] Métadonnées extraites : Lendrema.mp3 — titre='Lendrema', artiste='Mahaleo', genre='Folk', durée=491s
2026-07-01 16:36:43 INFO  [MetadataApp] Métadonnées extraites : 18 taona.mp3 — titre='18 taona', artiste='Jeneraly', genre='Folk', durée=231s
2026-07-01 16:36:43 INFO  [MetadataApp] Métadonnées extraites : Lendrema.mp3 — titre='Lendrema', artiste='Mahaleo', genre='Folk', durée=491s
2026-07-01 16:36:43 INFO  [MetadataApp] Métadonnées extraites : 18 taona.mp3 — titre='18 taona', artiste='Jeneraly', genre='Folk', durée=231s
2026-07-01 16:36:43 INFO  [MetadataApp] Métadonnées extraites : Lendrema.mp3 — titre='Lendrema', artiste='Mahaleo', genre='Folk', durée=491s
2026-07-01 16:36:43 INFO  [MetadataApp] Métadonnées extraites : 18 taona.mp3 — titre='18 taona', artiste='Jeneraly', genre='Folk', durée=231s
2026-07-01 16:36:43 INFO  [MetadataApp] Métadonnées extraites : Lendrema.mp3 — titre='Lendrema', artiste='Mahaleo', genre='Folk', durée=491s
2026-07-01 16:36:43 INFO  [MetadataApp] Métadonnées extraites : 18 taona.mp3 — titre='18 taona', artiste='Jeneraly', genre='Folk', durée=231s
2026-07-01 16:36:43 INFO  [MetadataApp] Métadonnées extraites : Lendrema.mp3 — titre='Lendrema', artiste='Mahaleo', genre='Folk', durée=491s
2026-07-01 16:36:43 INFO  [MetadataApp] Métadonnées extraites : 18 taona.mp3 — titre='18 taona', artiste='Jeneraly', genre='Folk', durée=231s
2026-07-01 16:36:43 INFO  [MetadataApp] Métadonnées extraites : Lendrema.mp3 — titre='Lendrema', artiste='Mahaleo', genre='Folk', durée=491s
2026-07-01 16:36:43 INFO  [MetadataApp] Métadonnées extraites : 18 taona.mp3 — titre='18 taona', artiste='Jeneraly', genre='Folk', durée=231s
2026-07-01 16:36:43 INFO  [MetadataApp] Métadonnées extraites : Lendrema.mp3 — titre='Lendrema', artiste='Mahaleo', genre='Folk', durée=491s
2026-07-01 16:36:43 INFO  [MetadataApp] Métadonnées extraites : 18 taona.mp3 — titre='18 taona', artiste='Jeneraly', genre='Folk', durée=231s
2026-07-01 16:36:43 INFO  [MetadataApp] Métadonnées extraites : Lendrema.mp3 — titre='Lendrema', artiste='Mahaleo', genre='Folk', durée=491s
2026-07-01 16:36:43 INFO  [MetadataApp] Métadonnées extraites : 18 taona.mp3 — titre='18 taona', artiste='Jeneraly', genre='Folk', durée=231s
2026-07-01 16:36:43 INFO  [MetadataApp] Métadonnées extraites : Lendrema.mp3 — titre='Lendrema', artiste='Mahaleo', genre='Folk', durée=491s
2026-07-01 16:36:43 INFO  [MetadataApp] Métadonnées extraites : 18 taona.mp3 — titre='18 taona', artiste='Jeneraly', genre='Folk', durée=231s
2026-07-01 16:36:43 INFO  [MetadataApp] Métadonnées extraites : Lendrema.mp3 — titre='Lendrema', artiste='Mahaleo', genre='Folk', durée=491s
2026-07-01 16:36:43 INFO  [MetadataApp] Métadonnées extraites : 18 taona.mp3 — titre='18 taona', artiste='Jeneraly', genre='Folk', durée=231s
2026-07-01 16:36:43 INFO  [MetadataApp] Métadonnées extraites : Lendrema.mp3 — titre='Lendrema', artiste='Mahaleo', genre='Folk', durée=491s
2026-07-01 16:36:43 INFO  [MetadataApp] Métadonnées extraites : 18 taona.mp3 — titre='18 taona', artiste='Jeneraly', genre='Folk', durée=231s
2026-07-01 16:36:43 INFO  [MetadataApp] Métadonnées extraites : Lendrema.mp3 — titre='Lendrema', artiste='Mahaleo', genre='Folk', durée=491s
2026-07-01 16:36:43 INFO  [MetadataApp] Métadonnées extraites : 18 taona.mp3 — titre='18 taona', artiste='Jeneraly', genre='Folk', durée=231s
2026-07-01 16:36:43 INFO  [MetadataApp] Métadonnées extraites : Lendrema.mp3 — titre='Lendrema', artiste='Mahaleo', genre='Folk', durée=491s
2026-07-01 16:36:43 INFO  [MetadataApp] Métadonnées extraites : 18 taona.mp3 — titre='18 taona', artiste='Jeneraly', genre='Folk', durée=231s
2026-07-01 16:36:43 INFO  [MetadataApp] Métadonnées extraites : Lendrema.mp3 — titre='Lendrema', artiste='Mahaleo', genre='Folk', durée=491s
2026-07-01 16:36:43 INFO  [MetadataApp] Métadonnées extraites : 18 taona.mp3 — titre='18 taona', artiste='Jeneraly', genre='Folk', durée=231s
2026-07-01 16:36:43 INFO  [MetadataApp] Métadonnées extraites : Lendrema.mp3 — titre='Lendrema', artiste='Mahaleo', genre='Folk', durée=491s
2026-07-01 16:36:43 INFO  [MetadataApp] Métadonnées extraites : 18 taona.mp3 — titre='18 taona', artiste='Jeneraly', genre='Folk', durée=231s
2026-07-01 16:36:43 INFO  [MetadataApp] Métadonnées extraites : Lendrema.mp3 — titre='Lendrema', artiste='Mahaleo', genre='Folk', durée=491s
2026-07-01 16:36:43 INFO  [MetadataApp] Métadonnées extraites : 18 taona.mp3 — titre='18 taona', artiste='Jeneraly', genre='Folk', durée=231s
2026-07-01 16:36:43 INFO  [MetadataApp] Métadonnées extraites : Lendrema.mp3 — titre='Lendrema', artiste='Mahaleo', genre='Folk', durée=491s
2026-07-01 16:36:43 INFO  [MetadataApp] Métadonnées extraites : 18 taona.mp3 — titre='18 taona', artiste='Jeneraly', genre='Folk', durée=231s
2026-07-01 16:36:43 INFO  [MetadataApp] Métadonnées extraites : Lendrema.mp3 — titre='Lendrema', artiste='Mahaleo', genre='Folk', durée=491s
2026-07-01 16:36:43 INFO  [MetadataApp] Métadonnées extraites : 18 taona.mp3 — titre='18 taona', artiste='Jeneraly', genre='Folk', durée=231s
2026-07-01 16:36:43 INFO  [MetadataApp] Métadonnées extraites : Lendrema.mp3 — titre='Lendrema', artiste='Mahaleo', genre='Folk', durée=491s
2026-07-01 16:36:43 INFO  [MetadataApp] Métadonnées extraites : 18 taona.mp3 — titre='18 taona', artiste='Jeneraly', genre='Folk', durée=231s
2026-07-01 16:36:43 INFO  [MetadataApp] Métadonnées extraites : Lendrema.mp3 — titre='Lendrema', artiste='Mahaleo', genre='Folk', durée=491s
2026-07-01 16:36:43 INFO  [MetadataApp] Métadonnées extraites : 18 taona.mp3 — titre='18 taona', artiste='Jeneraly', genre='Folk', durée=231s
2026-07-01 16:36:43 INFO  [MetadataApp] Métadonnées extraites : Lendrema.mp3 — titre='Lendrema', artiste='Mahaleo', genre='Folk', durée=491s
2026-07-01 16:36:43 INFO  [MetadataApp] Métadonnées extraites : 18 taona.mp3 — titre='18 taona', artiste='Jeneraly', genre='Folk', durée=231s
2026-07-01 16:36:43 INFO  [MetadataApp] Métadonnées extraites : Lendrema.mp3 — titre='Lendrema', artiste='Mahaleo', genre='Folk', durée=491s
2026-07-01 16:36:43 INFO  [MetadataApp] Métadonnées extraites : 18 taona.mp3 — titre='18 taona', artiste='Jeneraly', genre='Folk', durée=231s
2026-07-01 16:36:43 INFO  [MetadataApp] Métadonnées extraites : Lendrema.mp3 — titre='Lendrema', artiste='Mahaleo', genre='Folk', durée=491s
2026-07-01 16:36:43 INFO  [MetadataApp] Métadonnées extraites : 18 taona.mp3 — titre='18 taona', artiste='Jeneraly', genre='Folk', durée=231s
2026-07-01 16:36:43 INFO  [MetadataApp] Métadonnées extraites : Lendrema.mp3 — titre='Lendrema', artiste='Mahaleo', genre='Folk', durée=491s
2026-07-01 16:36:43 INFO  [MetadataApp] Métadonnées extraites : 18 taona.mp3 — titre='18 taona', artiste='Jeneraly', genre='Folk', durée=231s
2026-07-01 16:36:43 INFO  [MetadataApp] Métadonnées extraites : Lendrema.mp3 — titre='Lendrema', artiste='Mahaleo', genre='Folk', durée=491s
2026-07-01 16:36:43 INFO  [MetadataApp] Métadonnées extraites : 18 taona.mp3 — titre='18 taona', artiste='Jeneraly', genre='Folk', durée=231s
2026-07-01 16:36:43 INFO  [MetadataApp] Métadonnées extraites : Lendrema.mp3 — titre='Lendrema', artiste='Mahaleo', genre='Folk', durée=491s
2026-07-01 16:36:43 INFO  [MetadataApp] Métadonnées extraites : 18 taona.mp3 — titre='18 taona', artiste='Jeneraly', genre='Folk', durée=231s
2026-07-01 16:36:43 INFO  [MetadataApp] Métadonnées extraites : Lendrema.mp3 — titre='Lendrema', artiste='Mahaleo', genre='Folk', durée=491s
2026-07-01 16:36:43 INFO  [MetadataApp] Métadonnées extraites : 18 taona.mp3 — titre='18 taona', artiste='Jeneraly', genre='Folk', durée=231s
2026-07-01 16:36:43 INFO  [MetadataApp] Métadonnées extraites : Lendrema.mp3 — titre='Lendrema', artiste='Mahaleo', genre='Folk', durée=491s
2026-07-01 16:36:43 INFO  [MetadataApp] Métadonnées extraites : 18 taona.mp3 — titre='18 taona', artiste='Jeneraly', genre='Folk', durée=231s
2026-07-01 16:36:43 INFO  [MetadataApp] Métadonnées extraites : Lendrema.mp3 — titre='Lendrema', artiste='Mahaleo', genre='Folk', durée=491s
2026-07-01 16:36:43 INFO  [MetadataApp] Métadonnées extraites : 18 taona.mp3 — titre='18 taona', artiste='Jeneraly', genre='Folk', durée=231s
2026-07-01 16:36:43 INFO  [MetadataApp] Métadonnées extraites : Lendrema.mp3 — titre='Lendrema', artiste='Mahaleo', genre='Folk', durée=491s
2026-07-01 16:36:43 INFO  [MetadataApp] Métadonnées extraites : 18 taona.mp3 — titre='18 taona', artiste='Jeneraly', genre='Folk', durée=231s
2026-07-01 16:36:43 INFO  [MetadataApp] Métadonnées extraites : Lendrema.mp3 — titre='Lendrema', artiste='Mahaleo', genre='Folk', durée=491s
2026-07-01 16:36:43 INFO  [MetadataApp] Métadonnées extraites : 18 taona.mp3 — titre='18 taona', artiste='Jeneraly', genre='Folk', durée=231s
2026-07-01 16:36:43 INFO  [MetadataApp] Métadonnées extraites : Lendrema.mp3 — titre='Lendrema', artiste='Mahaleo', genre='Folk', durée=491s
2026-07-01 16:36:43 INFO  [MetadataApp] Métadonnées extraites : 18 taona.mp3 — titre='18 taona', artiste='Jeneraly', genre='Folk', durée=231s
2026-07-01 16:36:43 INFO  [MetadataApp] Métadonnées extraites : Lendrema.mp3 — titre='Lendrema', artiste='Mahaleo', genre='Folk', durée=491s
2026-07-01 16:36:43 INFO  [MetadataApp] Métadonnées extraites : 18 taona.mp3 — titre='18 taona', artiste='Jeneraly', genre='Folk', durée=231s
2026-07-01 16:36:43 INFO  [MetadataApp] Métadonnées extraites : Lendrema.mp3 — titre='Lendrema', artiste='Mahaleo', genre='Folk', durée=491s
2026-07-01 16:36:43 INFO  [MetadataApp] Métadonnées extraites : 18 taona.mp3 — titre='18 taona', artiste='Jeneraly', genre='Folk', durée=231s
2026-07-01 16:36:43 INFO  [MetadataApp] Métadonnées extraites : Lendrema.mp3 — titre='Lendrema', artiste='Mahaleo', genre='Folk', durée=491s
2026-07-01 16:36:43 INFO  [MetadataApp] Métadonnées extraites : 18 taona.mp3 — titre='18 taona', artiste='Jeneraly', genre='Folk', durée=231s
2026-07-01 16:36:43 INFO  [MetadataApp] Métadonnées extraites : Lendrema.mp3 — titre='Lendrema', artiste='Mahaleo', genre='Folk', durée=491s
2026-07-01 16:36:43 INFO  [MetadataApp] Métadonnées extraites : 18 taona.mp3 — titre='18 taona', artiste='Jeneraly', genre='Folk', durée=231s
2026-07-01 16:36:43 INFO  [MetadataApp] Métadonnées extraites : Lendrema.mp3 — titre='Lendrema', artiste='Mahaleo', genre='Folk', durée=491s
2026-07-01 16:36:43 INFO  [MetadataApp] Métadonnées extraites : 18 taona.mp3 — titre='18 taona', artiste='Jeneraly', genre='Folk', durée=231s
2026-07-01 16:36:43 INFO  [MetadataApp] Métadonnées extraites : Lendrema.mp3 — titre='Lendrema', artiste='Mahaleo', genre='Folk', durée=491s
2026-07-01 16:36:43 INFO  [MetadataApp] Métadonnées extraites : 18 taona.mp3 — titre='18 taona', artiste='Jeneraly', genre='Folk', durée=231s
2026-07-01 16:36:43 INFO  [MetadataApp] Métadonnées extraites : Lendrema.mp3 — titre='Lendrema', artiste='Mahaleo', genre='Folk', durée=491s
2026-07-01 16:36:43 INFO  [MetadataApp] Métadonnées extraites : 18 taona.mp3 — titre='18 taona', artiste='Jeneraly', genre='Folk', durée=231s
2026-07-01 16:36:43 INFO  [MetadataApp] Métadonnées extraites : Lendrema.mp3 — titre='Lendrema', artiste='Mahaleo', genre='Folk', durée=491s
2026-07-01 16:36:43 INFO  [MetadataApp] Métadonnées extraites : 18 taona.mp3 — titre='18 taona', artiste='Jeneraly', genre='Folk', durée=231s
2026-07-01 16:36:43 INFO  [MetadataApp] Métadonnées extraites : Lendrema.mp3 — titre='Lendrema', artiste='Mahaleo', genre='Folk', durée=491s
2026-07-01 16:36:43 INFO  [MetadataApp] Métadonnées extraites : 18 taona.mp3 — titre='18 taona', artiste='Jeneraly', genre='Folk', durée=231s
2026-07-01 16:36:43 INFO  [MetadataApp] Métadonnées extraites : Lendrema.mp3 — titre='Lendrema', artiste='Mahaleo', genre='Folk', durée=491s
2026-07-01 16:36:43 INFO  [MetadataApp] Métadonnées extraites : 18 taona.mp3 — titre='18 taona', artiste='Jeneraly', genre='Folk', durée=231s
2026-07-01 16:36:43 INFO  [MetadataApp] Métadonnées extraites : Lendrema.mp3 — titre='Lendrema', artiste='Mahaleo', genre='Folk', durée=491s
2026-07-01 16:36:43 INFO  [MetadataApp] Métadonnées extraites : 18 taona.mp3 — titre='18 taona', artiste='Jeneraly', genre='Folk', durée=231s
2026-07-01 16:36:43 INFO  [MetadataApp] Métadonnées extraites : Lendrema.mp3 — titre='Lendrema', artiste='Mahaleo', genre='Folk', durée=491s
2026-07-01 16:36:43 INFO  [MetadataApp] Métadonnées extraites : 18 taona.mp3 — titre='18 taona', artiste='Jeneraly', genre='Folk', durée=231s
2026-07-01 16:36:43 INFO  [MetadataApp] Métadonnées extraites : Lendrema.mp3 — titre='Lendrema', artiste='Mahaleo', genre='Folk', durée=491s
2026-07-01 16:36:43 INFO  [MetadataApp] Métadonnées extraites : 18 taona.mp3 — titre='18 taona', artiste='Jeneraly', genre='Folk', durée=231s
2026-07-01 16:36:43 INFO  [MetadataApp] Métadonnées extraites : Lendrema.mp3 — titre='Lendrema', artiste='Mahaleo', genre='Folk', durée=491s
2026-07-01 16:36:43 INFO  [MetadataApp] Métadonnées extraites : 18 taona.mp3 — titre='18 taona', artiste='Jeneraly', genre='Folk', durée=231s
2026-07-01 16:36:43 INFO  [MetadataApp] Métadonnées extraites : Lendrema.mp3 — titre='Lendrema', artiste='Mahaleo', genre='Folk', durée=491s
2026-07-01 16:36:43 INFO  [MetadataApp] Métadonnées extraites : 18 taona.mp3 — titre='18 taona', artiste='Jeneraly', genre='Folk', durée=231s
2026-07-01 16:36:43 INFO  [MetadataApp] Métadonnées extraites : Lendrema.mp3 — titre='Lendrema', artiste='Mahaleo', genre='Folk', durée=491s
2026-07-01 16:36:43 INFO  [MetadataApp] Métadonnées extraites : 18 taona.mp3 — titre='18 taona', artiste='Jeneraly', genre='Folk', durée=231s
2026-07-01 16:36:43 INFO  [MetadataApp] Métadonnées extraites : Lendrema.mp3 — titre='Lendrema', artiste='Mahaleo', genre='Folk', durée=491s
2026-07-01 16:36:43 INFO  [MetadataApp] Métadonnées extraites : 18 taona.mp3 — titre='18 taona', artiste='Jeneraly', genre='Folk', durée=231s
2026-07-01 16:36:43 INFO  [MetadataApp] Métadonnées extraites : Lendrema.mp3 — titre='Lendrema', artiste='Mahaleo', genre='Folk', durée=491s
2026-07-01 16:36:43 INFO  [MetadataApp] Métadonnées extraites : 18 taona.mp3 — titre='18 taona', artiste='Jeneraly', genre='Folk', durée=231s
2026-07-01 16:36:43 INFO  [MetadataApp] Métadonnées extraites : Lendrema.mp3 — titre='Lendrema', artiste='Mahaleo', genre='Folk', durée=491s
2026-07-01 16:36:43 INFO  [MetadataApp] Métadonnées extraites : 18 taona.mp3 — titre='18 taona', artiste='Jeneraly', genre='Folk', durée=231s
2026-07-01 16:36:43 INFO  [MetadataApp] Métadonnées extraites : Lendrema.mp3 — titre='Lendrema', artiste='Mahaleo', genre='Folk', durée=491s
2026-07-01 16:36:43 INFO  [MetadataApp] Métadonnées extraites : 18 taona.mp3 — titre='18 taona', artiste='Jeneraly', genre='Folk', durée=231s
2026-07-01 16:36:43 INFO  [MetadataApp] Métadonnées extraites : Lendrema.mp3 — titre='Lendrema', artiste='Mahaleo', genre='Folk', durée=491s
2026-07-01 16:36:43 INFO  [MetadataApp] Métadonnées extraites : 18 taona.mp3 — titre='18 taona', artiste='Jeneraly', genre='Folk', durée=231s
2026-07-01 16:36:43 INFO  [MetadataApp] Métadonnées extraites : Lendrema.mp3 — titre='Lendrema', artiste='Mahaleo', genre='Folk', durée=491s
2026-07-01 16:36:43 INFO  [MetadataApp] Métadonnées extraites : 18 taona.mp3 — titre='18 taona', artiste='Jeneraly', genre='Folk', durée=231s
2026-07-01 16:36:43 INFO  [MetadataApp] Métadonnées extraites : Lendrema.mp3 — titre='Lendrema', artiste='Mahaleo', genre='Folk', durée=491s
2026-07-01 16:36:43 INFO  [MetadataApp] Métadonnées extraites : 18 taona.mp3 — titre='18 taona', artiste='Jeneraly', genre='Folk', durée=231s
2026-07-01 16:36:43 INFO  [MetadataApp] Métadonnées extraites : Lendrema.mp3 — titre='Lendrema', artiste='Mahaleo', genre='Folk', durée=491s
2026-07-01 16:36:43 INFO  [MetadataApp] Métadonnées extraites : 18 taona.mp3 — titre='18 taona', artiste='Jeneraly', genre='Folk', durée=231s
2026-07-01 16:36:43 INFO  [MetadataApp] Métadonnées extraites : Lendrema.mp3 — titre='Lendrema', artiste='Mahaleo', genre='Folk', durée=491s
2026-07-01 16:36:43 INFO  [MetadataApp] Métadonnées extraites : 18 taona.mp3 — titre='18 taona', artiste='Jeneraly', genre='Folk', durée=231s
2026-07-01 16:36:43 INFO  [MetadataApp] Métadonnées extraites : Lendrema.mp3 — titre='Lendrema', artiste='Mahaleo', genre='Folk', durée=491s
2026-07-01 16:36:43 INFO  [MetadataApp] Métadonnées extraites : 18 taona.mp3 — titre='18 taona', artiste='Jeneraly', genre='Folk', durée=231s
2026-07-01 16:36:43 INFO  [MetadataApp] Métadonnées extraites : Lendrema.mp3 — titre='Lendrema', artiste='Mahaleo', genre='Folk', durée=491s
2026-07-01 16:36:43 INFO  [MetadataApp] Métadonnées extraites : 18 taona.mp3 — titre='18 taona', artiste='Jeneraly', genre='Folk', durée=231s
2026-07-01 16:36:43 INFO  [MetadataApp] Métadonnées extraites : Lendrema.mp3 — titre='Lendrema', artiste='Mahaleo', genre='Folk', durée=491s
2026-07-01 16:36:43 INFO  [MetadataApp] Métadonnées extraites : 18 taona.mp3 — titre='18 taona', artiste='Jeneraly', genre='Folk', durée=231s
2026-07-01 16:36:43 INFO  [MetadataApp] Métadonnées extraites : Lendrema.mp3 — titre='Lendrema', artiste='Mahaleo', genre='Folk', durée=491s
2026-07-01 16:36:43 INFO  [MetadataApp] Métadonnées extraites : 18 taona.mp3 — titre='18 taona', artiste='Jeneraly', genre='Folk', durée=231s
2026-07-01 16:36:43 INFO  [MetadataApp] Métadonnées extraites : Lendrema.mp3 — titre='Lendrema', artiste='Mahaleo', genre='Folk', durée=491s
2026-07-01 16:36:43 INFO  [MetadataApp] Métadonnées extraites : 18 taona.mp3 — titre='18 taona', artiste='Jeneraly', genre='Folk', durée=231s
2026-07-01 16:36:43 INFO  [MetadataApp] Métadonnées extraites : Lendrema.mp3 — titre='Lendrema', artiste='Mahaleo', genre='Folk', durée=491s
2026-07-01 16:36:43 INFO  [MetadataApp] Métadonnées extraites : 18 taona.mp3 — titre='18 taona', artiste='Jeneraly', genre='Folk', durée=231s
2026-07-01 16:36:43 INFO  [MetadataApp] Métadonnées extraites : Lendrema.mp3 — titre='Lendrema', artiste='Mahaleo', genre='Folk', durée=491s
2026-07-01 16:36:43 INFO  [MetadataApp] Métadonnées extraites : 18 taona.mp3 — titre='18 taona', artiste='Jeneraly', genre='Folk', durée=231s
2026-07-01 16:36:43 INFO  [MetadataApp] Métadonnées extraites : Lendrema.mp3 — titre='Lendrema', artiste='Mahaleo', genre='Folk', durée=491s
2026-07-01 16:36:43 INFO  [MetadataApp] Métadonnées extraites : 18 taona.mp3 — titre='18 taona', artiste='Jeneraly', genre='Folk', durée=231s
2026-07-01 16:36:43 INFO  [MetadataApp] Métadonnées extraites : Lendrema.mp3 — titre='Lendrema', artiste='Mahaleo', genre='Folk', durée=491s
2026-07-01 16:36:43 INFO  [MetadataApp] Métadonnées extraites : 18 taona.mp3 — titre='18 taona', artiste='Jeneraly', genre='Folk', durée=231s
2026-07-01 16:36:43 INFO  [MetadataApp] Métadonnées extraites : Lendrema.mp3 — titre='Lendrema', artiste='Mahaleo', genre='Folk', durée=491s
2026-07-01 16:36:43 INFO  [MetadataApp] Métadonnées extraites : 18 taona.mp3 — titre='18 taona', artiste='Jeneraly', genre='Folk', durée=231s
2026-07-01 16:36:43 INFO  [MetadataApp] Métadonnées extraites : Lendrema.mp3 — titre='Lendrema', artiste='Mahaleo', genre='Folk', durée=491s
2026-07-01 16:36:43 INFO  [MetadataApp] Métadonnées extraites : 18 taona.mp3 — titre='18 taona', artiste='Jeneraly', genre='Folk', durée=231s
2026-07-01 16:36:43 INFO  [MetadataApp] Métadonnées extraites : Lendrema.mp3 — titre='Lendrema', artiste='Mahaleo', genre='Folk', durée=491s
2026-07-01 16:36:43 INFO  [MetadataApp] Métadonnées extraites : 18 taona.mp3 — titre='18 taona', artiste='Jeneraly', genre='Folk', durée=231s
2026-07-01 16:36:43 INFO  [MetadataApp] Métadonnées extraites : Lendrema.mp3 — titre='Lendrema', artiste='Mahaleo', genre='Folk', durée=491s
2026-07-01 16:36:43 INFO  [MetadataApp] Métadonnées extraites : 18 taona.mp3 — titre='18 taona', artiste='Jeneraly', genre='Folk', durée=231s
2026-07-01 16:36:43 INFO  [MetadataApp] Métadonnées extraites : Lendrema.mp3 — titre='Lendrema', artiste='Mahaleo', genre='Folk', durée=491s
2026-07-01 16:36:43 INFO  [MetadataApp] Métadonnées extraites : 18 taona.mp3 — titre='18 taona', artiste='Jeneraly', genre='Folk', durée=231s
2026-07-01 16:36:43 INFO  [MetadataApp] Métadonnées extraites : Lendrema.mp3 — titre='Lendrema', artiste='Mahaleo', genre='Folk', durée=491s
2026-07-01 16:36:43 INFO  [MetadataApp] Métadonnées extraites : 18 taona.mp3 — titre='18 taona', artiste='Jeneraly', genre='Folk', durée=231s
2026-07-01 16:36:43 INFO  [MetadataApp] Métadonnées extraites : Lendrema.mp3 — titre='Lendrema', artiste='Mahaleo', genre='Folk', durée=491s
2026-07-01 16:36:43 INFO  [MetadataApp] Métadonnées extraites : 18 taona.mp3 — titre='18 taona', artiste='Jeneraly', genre='Folk', durée=231s
2026-07-01 16:36:43 INFO  [MetadataApp] Métadonnées extraites : Lendrema.mp3 — titre='Lendrema', artiste='Mahaleo', genre='Folk', durée=491s
2026-07-01 16:36:43 INFO  [MetadataApp] Métadonnées extraites : 18 taona.mp3 — titre='18 taona', artiste='Jeneraly', genre='Folk', durée=231s
2026-07-01 16:36:43 INFO  [MetadataApp] Métadonnées extraites : Lendrema.mp3 — titre='Lendrema', artiste='Mahaleo', genre='Folk', durée=491s
2026-07-01 16:36:43 INFO  [MetadataApp] Métadonnées extraites : 18 taona.mp3 — titre='18 taona', artiste='Jeneraly', genre='Folk', durée=231s
2026-07-01 16:36:43 INFO  [MetadataApp] Métadonnées extraites : Lendrema.mp3 — titre='Lendrema', artiste='Mahaleo', genre='Folk', durée=491s
2026-07-01 16:36:43 INFO  [MetadataApp] Métadonnées extraites : 18 taona.mp3 — titre='18 taona', artiste='Jeneraly', genre='Folk', durée=231s
2026-07-01 16:36:43 INFO  [MetadataApp] Métadonnées extraites : Lendrema.mp3 — titre='Lendrema', artiste='Mahaleo', genre='Folk', durée=491s
2026-07-01 16:36:43 INFO  [MetadataApp] Métadonnées extraites : 18 taona.mp3 — titre='18 taona', artiste='Jeneraly', genre='Folk', durée=231s
2026-07-01 16:36:43 INFO  [MetadataApp] Métadonnées extraites : Lendrema.mp3 — titre='Lendrema', artiste='Mahaleo', genre='Folk', durée=491s
2026-07-01 16:36:43 INFO  [MetadataApp] Métadonnées extraites : 18 taona.mp3 — titre='18 taona', artiste='Jeneraly', genre='Folk', durée=231s
2026-07-01 16:36:43 INFO  [MetadataApp] Métadonnées extraites : Lendrema.mp3 — titre='Lendrema', artiste='Mahaleo', genre='Folk', durée=491s
2026-07-01 16:36:43 INFO  [MetadataApp] Métadonnées extraites : 18 taona.mp3 — titre='18 taona', artiste='Jeneraly', genre='Folk', durée=231s
2026-07-01 16:36:43 INFO  [MetadataApp] Métadonnées extraites : Lendrema.mp3 — titre='Lendrema', artiste='Mahaleo', genre='Folk', durée=491s
2026-07-01 16:36:43 INFO  [MetadataApp] Métadonnées extraites : 18 taona.mp3 — titre='18 taona', artiste='Jeneraly', genre='Folk', durée=231s
2026-07-01 16:36:43 INFO  [MetadataApp] Métadonnées extraites : Lendrema.mp3 — titre='Lendrema', artiste='Mahaleo', genre='Folk', durée=491s
2026-07-01 16:36:43 INFO  [MetadataApp] Métadonnées extraites : 18 taona.mp3 — titre='18 taona', artiste='Jeneraly', genre='Folk', durée=231s
2026-07-01 16:36:43 INFO  [MetadataApp] Métadonnées extraites : Lendrema.mp3 — titre='Lendrema', artiste='Mahaleo', genre='Folk', durée=491s
2026-07-01 16:36:43 INFO  [MetadataApp] Métadonnées extraites : 18 taona.mp3 — titre='18 taona', artiste='Jeneraly', genre='Folk', durée=231s
2026-07-01 16:36:43 INFO  [MetadataApp] Métadonnées extraites : Lendrema.mp3 — titre='Lendrema', artiste='Mahaleo', genre='Folk', durée=491s
2026-07-01 16:36:43 INFO  [MetadataApp] Métadonnées extraites : 18 taona.mp3 — titre='18 taona', artiste='Jeneraly', genre='Folk', durée=231s
2026-07-01 16:36:43 INFO  [MetadataApp] Métadonnées extraites : Lendrema.mp3 — titre='Lendrema', artiste='Mahaleo', genre='Folk', durée=491s
2026-07-01 16:36:43 INFO  [MetadataApp] Métadonnées extraites : 18 taona.mp3 — titre='18 taona', artiste='Jeneraly', genre='Folk', durée=231s
2026-07-01 16:36:43 INFO  [MetadataApp] Métadonnées extraites : Lendrema.mp3 — titre='Lendrema', artiste='Mahaleo', genre='Folk', durée=491s
2026-07-01 16:36:43 INFO  [MetadataApp] Métadonnées extraites : 18 taona.mp3 — titre='18 taona', artiste='Jeneraly', genre='Folk', durée=231s
2026-07-01 16:36:43 INFO  [MetadataApp] Métadonnées extraites : Lendrema.mp3 — titre='Lendrema', artiste='Mahaleo', genre='Folk', durée=491s
2026-07-01 16:36:43 INFO  [MetadataApp] Métadonnées extraites : 18 taona.mp3 — titre='18 taona', artiste='Jeneraly', genre='Folk', durée=231s
2026-07-01 16:36:43 INFO  [MetadataApp] Métadonnées extraites : Lendrema.mp3 — titre='Lendrema', artiste='Mahaleo', genre='Folk', durée=491s
2026-07-01 16:36:43 INFO  [MetadataApp] Métadonnées extraites : 18 taona.mp3 — titre='18 taona', artiste='Jeneraly', genre='Folk', durée=231s
2026-07-01 16:36:43 INFO  [MetadataApp] Métadonnées extraites : Lendrema.mp3 — titre='Lendrema', artiste='Mahaleo', genre='Folk', durée=491s
2026-07-01 16:36:43 INFO  [MetadataApp] Métadonnées extraites : 18 taona.mp3 — titre='18 taona', artiste='Jeneraly', genre='Folk', durée=231s
2026-07-01 16:36:43 INFO  [MetadataApp] Métadonnées extraites : Lendrema.mp3 — titre='Lendrema', artiste='Mahaleo', genre='Folk', durée=491s
2026-07-01 16:36:43 INFO  [MetadataApp] Métadonnées extraites : 18 taona.mp3 — titre='18 taona', artiste='Jeneraly', genre='Folk', durée=231s
2026-07-01 16:36:43 INFO  [MetadataApp] Métadonnées extraites : Lendrema.mp3 — titre='Lendrema', artiste='Mahaleo', genre='Folk', durée=491s
2026-07-01 16:36:43 INFO  [MetadataApp] Métadonnées extraites : 18 taona.mp3 — titre='18 taona', artiste='Jeneraly', genre='Folk', durée=231s
2026-07-01 16:36:43 INFO  [MetadataApp] Métadonnées extraites : Lendrema.mp3 — titre='Lendrema', artiste='Mahaleo', genre='Folk', durée=491s
2026-07-01 16:36:43 INFO  [MetadataApp] Métadonnées extraites : 18 taona.mp3 — titre='18 taona', artiste='Jeneraly', genre='Folk', durée=231s
2026-07-01 16:36:43 INFO  [MetadataApp] Métadonnées extraites : Lendrema.mp3 — titre='Lendrema', artiste='Mahaleo', genre='Folk', durée=491s
2026-07-01 16:36:43 INFO  [MetadataApp] Métadonnées extraites : 18 taona.mp3 — titre='18 taona', artiste='Jeneraly', genre='Folk', durée=231s
2026-07-01 16:36:43 INFO  [MetadataApp] Métadonnées extraites : Lendrema.mp3 — titre='Lendrema', artiste='Mahaleo', genre='Folk', durée=491s
2026-07-01 16:36:43 INFO  [MetadataApp] Métadonnées extraites : 18 taona.mp3 — titre='18 taona', artiste='Jeneraly', genre='Folk', durée=231s
2026-07-01 16:36:43 INFO  [MetadataApp] Métadonnées extraites : Lendrema.mp3 — titre='Lendrema', artiste='Mahaleo', genre='Folk', durée=491s
2026-07-01 16:36:43 INFO  [MetadataApp] Métadonnées extraites : 18 taona.mp3 — titre='18 taona', artiste='Jeneraly', genre='Folk', durée=231s
2026-07-01 16:36:43 INFO  [MetadataApp] Métadonnées extraites : Lendrema.mp3 — titre='Lendrema', artiste='Mahaleo', genre='Folk', durée=491s
2026-07-01 16:36:43 INFO  [MetadataApp] Métadonnées extraites : 18 taona.mp3 — titre='18 taona', artiste='Jeneraly', genre='Folk', durée=231s
2026-07-01 16:36:43 INFO  [MetadataApp] Métadonnées extraites : Lendrema.mp3 — titre='Lendrema', artiste='Mahaleo', genre='Folk', durée=491s
2026-07-01 16:36:43 INFO  [MetadataApp] Métadonnées extraites : 18 taona.mp3 — titre='18 taona', artiste='Jeneraly', genre='Folk', durée=231s
2026-07-01 16:36:43 INFO  [MetadataApp] Métadonnées extraites : Lendrema.mp3 — titre='Lendrema', artiste='Mahaleo', genre='Folk', durée=491s
2026-07-01 16:36:43 INFO  [MetadataApp] Métadonnées extraites : 18 taona.mp3 — titre='18 taona', artiste='Jeneraly', genre='Folk', durée=231s
2026-07-01 16:36:43 INFO  [MetadataApp] Métadonnées extraites : Lendrema.mp3 — titre='Lendrema', artiste='Mahaleo', genre='Folk', durée=491s
2026-07-01 16:36:43 INFO  [MetadataApp] Métadonnées extraites : 18 taona.mp3 — titre='18 taona', artiste='Jeneraly', genre='Folk', durée=231s
2026-07-01 16:36:43 INFO  [MetadataApp] Métadonnées extraites : Lendrema.mp3 — titre='Lendrema', artiste='Mahaleo', genre='Folk', durée=491s
2026-07-01 16:36:43 INFO  [MetadataApp] Métadonnées extraites : 18 taona.mp3 — titre='18 taona', artiste='Jeneraly', genre='Folk', durée=231s
2026-07-01 16:36:43 INFO  [MetadataApp] Métadonnées extraites : Lendrema.mp3 — titre='Lendrema', artiste='Mahaleo', genre='Folk', durée=491s
2026-07-01 16:36:43 INFO  [MetadataApp] Métadonnées extraites : 18 taona.mp3 — titre='18 taona', artiste='Jeneraly', genre='Folk', durée=231s
2026-07-01 16:36:43 INFO  [MetadataApp] Métadonnées extraites : Lendrema.mp3 — titre='Lendrema', artiste='Mahaleo', genre='Folk', durée=491s
2026-07-01 16:36:43 INFO  [MetadataApp] Métadonnées extraites : 18 taona.mp3 — titre='18 taona', artiste='Jeneraly', genre='Folk', durée=231s
2026-07-01 16:36:43 INFO  [MetadataApp] Métadonnées extraites : Lendrema.mp3 — titre='Lendrema', artiste='Mahaleo', genre='Folk', durée=491s
2026-07-01 16:36:43 INFO  [MetadataApp] Métadonnées extraites : 18 taona.mp3 — titre='18 taona', artiste='Jeneraly', genre='Folk', durée=231s
2026-07-01 16:36:43 INFO  [MetadataApp] Métadonnées extraites : Lendrema.mp3 — titre='Lendrema', artiste='Mahaleo', genre='Folk', durée=491s
2026-07-01 16:36:43 INFO  [MetadataApp] Métadonnées extraites : 18 taona.mp3 — titre='18 taona', artiste='Jeneraly', genre='Folk', durée=231s
2026-07-01 16:36:43 INFO  [MetadataApp] Métadonnées extraites : Lendrema.mp3 — titre='Lendrema', artiste='Mahaleo', genre='Folk', durée=491s
2026-07-01 16:36:43 INFO  [MetadataApp] Métadonnées extraites : 18 taona.mp3 — titre='18 taona', artiste='Jeneraly', genre='Folk', durée=231s
2026-07-01 16:36:43 INFO  [MetadataApp] Métadonnées extraites : Lendrema.mp3 — titre='Lendrema', artiste='Mahaleo', genre='Folk', durée=491s
2026-07-01 16:36:43 INFO  [MetadataApp] Métadonnées extraites : 18 taona.mp3 — titre='18 taona', artiste='Jeneraly', genre='Folk', durée=231s
2026-07-01 16:36:43 INFO  [MetadataApp] Métadonnées extraites : Lendrema.mp3 — titre='Lendrema', artiste='Mahaleo', genre='Folk', durée=491s
2026-07-01 16:36:43 INFO  [MetadataApp] Métadonnées extraites : 18 taona.mp3 — titre='18 taona', artiste='Jeneraly', genre='Folk', durée=231s
2026-07-01 16:36:43 INFO  [MetadataApp] Métadonnées extraites : Lendrema.mp3 — titre='Lendrema', artiste='Mahaleo', genre='Folk', durée=491s
2026-07-01 16:36:43 INFO  [MetadataApp] Métadonnées extraites : 18 taona.mp3 — titre='18 taona', artiste='Jeneraly', genre='Folk', durée=231s
2026-07-01 16:36:43 INFO  [MetadataApp] Métadonnées extraites : Lendrema.mp3 — titre='Lendrema', artiste='Mahaleo', genre='Folk', durée=491s
2026-07-01 16:36:43 INFO  [MetadataApp] Métadonnées extraites : 18 taona.mp3 — titre='18 taona', artiste='Jeneraly', genre='Folk', durée=231s
2026-07-01 16:36:43 INFO  [MetadataApp] Métadonnées extraites : Lendrema.mp3 — titre='Lendrema', artiste='Mahaleo', genre='Folk', durée=491s
2026-07-01 16:36:43 INFO  [MetadataApp] Métadonnées extraites : 18 taona.mp3 — titre='18 taona', artiste='Jeneraly', genre='Folk', durée=231s
2026-07-01 16:36:43 INFO  [MetadataApp] Métadonnées extraites : Lendrema.mp3 — titre='Lendrema', artiste='Mahaleo', genre='Folk', durée=491s
2026-07-01 16:36:43 INFO  [MetadataApp] Métadonnées extraites : 18 taona.mp3 — titre='18 taona', artiste='Jeneraly', genre='Folk', durée=231s
2026-07-01 16:36:43 INFO  [MetadataApp] Métadonnées extraites : Lendrema.mp3 — titre='Lendrema', artiste='Mahaleo', genre='Folk', durée=491s
2026-07-01 16:36:43 INFO  [MetadataApp] Métadonnées extraites : 18 taona.mp3 — titre='18 taona', artiste='Jeneraly', genre='Folk', durée=231s
2026-07-01 16:36:43 INFO  [MetadataApp] Métadonnées extraites : Lendrema.mp3 — titre='Lendrema', artiste='Mahaleo', genre='Folk', durée=491s
2026-07-01 16:36:43 INFO  [MetadataApp] Métadonnées extraites : 18 taona.mp3 — titre='18 taona', artiste='Jeneraly', genre='Folk', durée=231s
2026-07-01 16:36:43 INFO  [MetadataApp] Métadonnées extraites : Lendrema.mp3 — titre='Lendrema', artiste='Mahaleo', genre='Folk', durée=491s
2026-07-01 16:36:43 INFO  [MetadataApp] Métadonnées extraites : 18 taona.mp3 — titre='18 taona', artiste='Jeneraly', genre='Folk', durée=231s
2026-07-01 16:36:43 INFO  [MetadataApp] Métadonnées extraites : Lendrema.mp3 — titre='Lendrema', artiste='Mahaleo', genre='Folk', durée=491s
2026-07-01 16:36:43 INFO  [MetadataApp] Métadonnées extraites : 18 taona.mp3 — titre='18 taona', artiste='Jeneraly', genre='Folk', durée=231s
2026-07-01 16:36:43 INFO  [MetadataApp] Métadonnées extraites : Lendrema.mp3 — titre='Lendrema', artiste='Mahaleo', genre='Folk', durée=491s
2026-07-01 16:36:43 INFO  [MetadataApp] Métadonnées extraites : 18 taona.mp3 — titre='18 taona', artiste='Jeneraly', genre='Folk', durée=231s
2026-07-01 16:36:43 INFO  [MetadataApp] Métadonnées extraites : Lendrema.mp3 — titre='Lendrema', artiste='Mahaleo', genre='Folk', durée=491s
2026-07-01 16:36:43 INFO  [MetadataApp] Métadonnées extraites : 18 taona.mp3 — titre='18 taona', artiste='Jeneraly', genre='Folk', durée=231s
2026-07-01 16:36:43 INFO  [MetadataApp] Métadonnées extraites : Lendrema.mp3 — titre='Lendrema', artiste='Mahaleo', genre='Folk', durée=491s
2026-07-01 16:36:43 INFO  [MetadataApp] Métadonnées extraites : 18 taona.mp3 — titre='18 taona', artiste='Jeneraly', genre='Folk', durée=231s
2026-07-01 16:36:43 INFO  [MetadataApp] Métadonnées extraites : Lendrema.mp3 — titre='Lendrema', artiste='Mahaleo', genre='Folk', durée=491s
2026-07-01 16:36:43 INFO  [MetadataApp] Métadonnées extraites : 18 taona.mp3 — titre='18 taona', artiste='Jeneraly', genre='Folk', durée=231s
2026-07-01 16:36:43 INFO  [MetadataApp] Métadonnées extraites : Lendrema.mp3 — titre='Lendrema', artiste='Mahaleo', genre='Folk', durée=491s
2026-07-01 16:36:43 INFO  [MetadataApp] Métadonnées extraites : 18 taona.mp3 — titre='18 taona', artiste='Jeneraly', genre='Folk', durée=231s
2026-07-01 16:36:43 INFO  [MetadataApp] Métadonnées extraites : Lendrema.mp3 — titre='Lendrema', artiste='Mahaleo', genre='Folk', durée=491s
2026-07-01 16:36:43 INFO  [MetadataApp] Métadonnées extraites : 18 taona.mp3 — titre='18 taona', artiste='Jeneraly', genre='Folk', durée=231s
2026-07-01 16:36:43 INFO  [MetadataApp] Métadonnées extraites : Lendrema.mp3 — titre='Lendrema', artiste='Mahaleo', genre='Folk', durée=491s
2026-07-01 16:36:43 INFO  [MetadataApp] Métadonnées extraites : 18 taona.mp3 — titre='18 taona', artiste='Jeneraly', genre='Folk', durée=231s
2026-07-01 16:36:44 INFO  [MetadataApp] Métadonnées extraites : Lendrema.mp3 — titre='Lendrema', artiste='Mahaleo', genre='Folk', durée=491s
2026-07-01 16:36:44 INFO  [MetadataApp] Métadonnées extraites : 18 taona.mp3 — titre='18 taona', artiste='Jeneraly', genre='Folk', durée=231s
2026-07-01 16:36:44 INFO  [MetadataApp] Métadonnées extraites : Lendrema.mp3 — titre='Lendrema', artiste='Mahaleo', genre='Folk', durée=491s
2026-07-01 16:36:44 INFO  [MetadataApp] Métadonnées extraites : 18 taona.mp3 — titre='18 taona', artiste='Jeneraly', genre='Folk', durée=231s
2026-07-01 16:36:44 INFO  [MetadataApp] Métadonnées extraites : Lendrema.mp3 — titre='Lendrema', artiste='Mahaleo', genre='Folk', durée=491s
2026-07-01 16:36:44 INFO  [MetadataApp] Métadonnées extraites : 18 taona.mp3 — titre='18 taona', artiste='Jeneraly', genre='Folk', durée=231s
2026-07-01 16:36:44 INFO  [MetadataApp] Métadonnées extraites : Lendrema.mp3 — titre='Lendrema', artiste='Mahaleo', genre='Folk', durée=491s
2026-07-01 16:36:44 INFO  [MetadataApp] Métadonnées extraites : 18 taona.mp3 — titre='18 taona', artiste='Jeneraly', genre='Folk', durée=231s
2026-07-01 16:36:44 INFO  [MetadataApp] Métadonnées extraites : Lendrema.mp3 — titre='Lendrema', artiste='Mahaleo', genre='Folk', durée=491s
2026-07-01 16:36:44 INFO  [MetadataApp] Métadonnées extraites : 18 taona.mp3 — titre='18 taona', artiste='Jeneraly', genre='Folk', durée=231s
2026-07-01 16:36:44 INFO  [MetadataApp] Métadonnées extraites : Lendrema.mp3 — titre='Lendrema', artiste='Mahaleo', genre='Folk', durée=491s
2026-07-01 16:36:44 INFO  [MetadataApp] Métadonnées extraites : 18 taona.mp3 — titre='18 taona', artiste='Jeneraly', genre='Folk', durée=231s
2026-07-01 16:36:44 INFO  [MetadataApp] Métadonnées extraites : Lendrema.mp3 — titre='Lendrema', artiste='Mahaleo', genre='Folk', durée=491s
2026-07-01 16:36:44 INFO  [MetadataApp] Métadonnées extraites : 18 taona.mp3 — titre='18 taona', artiste='Jeneraly', genre='Folk', durée=231s
2026-07-01 16:36:44 INFO  [MetadataApp] Métadonnées extraites : Lendrema.mp3 — titre='Lendrema', artiste='Mahaleo', genre='Folk', durée=491s
2026-07-01 16:36:44 INFO  [MetadataApp] Métadonnées extraites : 18 taona.mp3 — titre='18 taona', artiste='Jeneraly', genre='Folk', durée=231s
2026-07-01 16:36:44 INFO  [MetadataApp] Métadonnées extraites : Lendrema.mp3 — titre='Lendrema', artiste='Mahaleo', genre='Folk', durée=491s
2026-07-01 16:36:44 INFO  [MetadataApp] Métadonnées extraites : 18 taona.mp3 — titre='18 taona', artiste='Jeneraly', genre='Folk', durée=231s
2026-07-01 16:36:44 INFO  [MetadataApp] Métadonnées extraites : Lendrema.mp3 — titre='Lendrema', artiste='Mahaleo', genre='Folk', durée=491s
2026-07-01 16:36:44 INFO  [MetadataApp] Métadonnées extraites : 18 taona.mp3 — titre='18 taona', artiste='Jeneraly', genre='Folk', durée=231s
2026-07-01 16:36:44 INFO  [MetadataApp] Métadonnées extraites : Lendrema.mp3 — titre='Lendrema', artiste='Mahaleo', genre='Folk', durée=491s
2026-07-01 16:36:44 INFO  [MetadataApp] Métadonnées extraites : 18 taona.mp3 — titre='18 taona', artiste='Jeneraly', genre='Folk', durée=231s
2026-07-01 16:36:44 INFO  [MetadataApp] Métadonnées extraites : Lendrema.mp3 — titre='Lendrema', artiste='Mahaleo', genre='Folk', durée=491s
2026-07-01 16:36:44 INFO  [MetadataApp] Métadonnées extraites : 18 taona.mp3 — titre='18 taona', artiste='Jeneraly', genre='Folk', durée=231s
2026-07-01 16:36:44 INFO  [MetadataApp] Métadonnées extraites : Lendrema.mp3 — titre='Lendrema', artiste='Mahaleo', genre='Folk', durée=491s
2026-07-01 16:36:44 INFO  [MetadataApp] Métadonnées extraites : 18 taona.mp3 — titre='18 taona', artiste='Jeneraly', genre='Folk', durée=231s
2026-07-01 16:36:44 INFO  [MetadataApp] Métadonnées extraites : Lendrema.mp3 — titre='Lendrema', artiste='Mahaleo', genre='Folk', durée=491s
2026-07-01 16:36:44 INFO  [MetadataApp] Métadonnées extraites : 18 taona.mp3 — titre='18 taona', artiste='Jeneraly', genre='Folk', durée=231s
2026-07-01 16:36:44 INFO  [MetadataApp] Métadonnées extraites : Lendrema.mp3 — titre='Lendrema', artiste='Mahaleo', genre='Folk', durée=491s
2026-07-01 16:36:44 INFO  [MetadataApp] Métadonnées extraites : 18 taona.mp3 — titre='18 taona', artiste='Jeneraly', genre='Folk', durée=231s
2026-07-01 16:36:44 INFO  [MetadataApp] Métadonnées extraites : Lendrema.mp3 — titre='Lendrema', artiste='Mahaleo', genre='Folk', durée=491s
2026-07-01 16:36:44 INFO  [MetadataApp] Métadonnées extraites : 18 taona.mp3 — titre='18 taona', artiste='Jeneraly', genre='Folk', durée=231s
2026-07-01 16:36:44 INFO  [MetadataApp] Métadonnées extraites : Lendrema.mp3 — titre='Lendrema', artiste='Mahaleo', genre='Folk', durée=491s
2026-07-01 16:36:44 INFO  [MetadataApp] Métadonnées extraites : 18 taona.mp3 — titre='18 taona', artiste='Jeneraly', genre='Folk', durée=231s
2026-07-01 16:36:44 INFO  [MetadataApp] Métadonnées extraites : Lendrema.mp3 — titre='Lendrema', artiste='Mahaleo', genre='Folk', durée=491s
2026-07-01 16:36:44 INFO  [MetadataApp] Métadonnées extraites : 18 taona.mp3 — titre='18 taona', artiste='Jeneraly', genre='Folk', durée=231s
2026-07-01 16:36:44 INFO  [MetadataApp] Métadonnées extraites : Lendrema.mp3 — titre='Lendrema', artiste='Mahaleo', genre='Folk', durée=491s
2026-07-01 16:36:44 INFO  [MetadataApp] Métadonnées extraites : 18 taona.mp3 — titre='18 taona', artiste='Jeneraly', genre='Folk', durée=231s
2026-07-01 16:36:44 INFO  [MetadataApp] Métadonnées extraites : Lendrema.mp3 — titre='Lendrema', artiste='Mahaleo', genre='Folk', durée=491s
2026-07-01 16:36:44 INFO  [MetadataApp] Métadonnées extraites : 18 taona.mp3 — titre='18 taona', artiste='Jeneraly', genre='Folk', durée=231s
2026-07-01 16:36:44 INFO  [MetadataApp] Métadonnées extraites : Lendrema.mp3 — titre='Lendrema', artiste='Mahaleo', genre='Folk', durée=491s
2026-07-01 16:36:44 INFO  [MetadataApp] Métadonnées extraites : 18 taona.mp3 — titre='18 taona', artiste='Jeneraly', genre='Folk', durée=231s
2026-07-01 16:36:44 INFO  [MetadataApp] Métadonnées extraites : Lendrema.mp3 — titre='Lendrema', artiste='Mahaleo', genre='Folk', durée=491s
2026-07-01 16:36:44 INFO  [MetadataApp] Métadonnées extraites : 18 taona.mp3 — titre='18 taona', artiste='Jeneraly', genre='Folk', durée=231s
2026-07-01 16:36:44 INFO  [MetadataApp] Métadonnées extraites : Lendrema.mp3 — titre='Lendrema', artiste='Mahaleo', genre='Folk', durée=491s
2026-07-01 16:36:44 INFO  [MetadataApp] Métadonnées extraites : 18 taona.mp3 — titre='18 taona', artiste='Jeneraly', genre='Folk', durée=231s
2026-07-01 16:36:44 INFO  [MetadataApp] Métadonnées extraites : Lendrema.mp3 — titre='Lendrema', artiste='Mahaleo', genre='Folk', durée=491s
2026-07-01 16:36:44 INFO  [MetadataApp] Métadonnées extraites : 18 taona.mp3 — titre='18 taona', artiste='Jeneraly', genre='Folk', durée=231s
2026-07-01 16:36:44 INFO  [MetadataApp] Métadonnées extraites : Lendrema.mp3 — titre='Lendrema', artiste='Mahaleo', genre='Folk', durée=491s
2026-07-01 16:36:44 INFO  [MetadataApp] Métadonnées extraites : 18 taona.mp3 — titre='18 taona', artiste='Jeneraly', genre='Folk', durée=231s
2026-07-01 16:36:44 INFO  [MetadataApp] Métadonnées extraites : Lendrema.mp3 — titre='Lendrema', artiste='Mahaleo', genre='Folk', durée=491s
2026-07-01 16:36:44 INFO  [MetadataApp] Métadonnées extraites : 18 taona.mp3 — titre='18 taona', artiste='Jeneraly', genre='Folk', durée=231s
2026-07-01 16:36:44 INFO  [MetadataApp] Métadonnées extraites : Lendrema.mp3 — titre='Lendrema', artiste='Mahaleo', genre='Folk', durée=491s
2026-07-01 16:36:44 INFO  [MetadataApp] Métadonnées extraites : 18 taona.mp3 — titre='18 taona', artiste='Jeneraly', genre='Folk', durée=231s
2026-07-01 16:36:44 INFO  [MetadataApp] Métadonnées extraites : Lendrema.mp3 — titre='Lendrema', artiste='Mahaleo', genre='Folk', durée=491s
2026-07-01 16:36:44 INFO  [MetadataApp] Métadonnées extraites : 18 taona.mp3 — titre='18 taona', artiste='Jeneraly', genre='Folk', durée=231s
2026-07-01 16:36:44 INFO  [MetadataApp] Métadonnées extraites : Lendrema.mp3 — titre='Lendrema', artiste='Mahaleo', genre='Folk', durée=491s
2026-07-01 16:36:44 INFO  [MetadataApp] Métadonnées extraites : 18 taona.mp3 — titre='18 taona', artiste='Jeneraly', genre='Folk', durée=231s
2026-07-01 16:36:44 INFO  [MetadataApp] Métadonnées extraites : Lendrema.mp3 — titre='Lendrema', artiste='Mahaleo', genre='Folk', durée=491s
2026-07-01 16:36:44 INFO  [MetadataApp] Métadonnées extraites : 18 taona.mp3 — titre='18 taona', artiste='Jeneraly', genre='Folk', durée=231s
2026-07-01 16:36:44 INFO  [MetadataApp] Métadonnées extraites : Lendrema.mp3 — titre='Lendrema', artiste='Mahaleo', genre='Folk', durée=491s
2026-07-01 16:36:44 INFO  [MetadataApp] Métadonnées extraites : 18 taona.mp3 — titre='18 taona', artiste='Jeneraly', genre='Folk', durée=231s
2026-07-01 16:36:44 INFO  [MetadataApp] Métadonnées extraites : Lendrema.mp3 — titre='Lendrema', artiste='Mahaleo', genre='Folk', durée=491s
2026-07-01 16:36:44 INFO  [MetadataApp] Métadonnées extraites : 18 taona.mp3 — titre='18 taona', artiste='Jeneraly', genre='Folk', durée=231s
2026-07-01 16:36:44 INFO  [MetadataApp] Métadonnées extraites : Lendrema.mp3 — titre='Lendrema', artiste='Mahaleo', genre='Folk', durée=491s
2026-07-01 16:36:44 INFO  [MetadataApp] Métadonnées extraites : 18 taona.mp3 — titre='18 taona', artiste='Jeneraly', genre='Folk', durée=231s
2026-07-01 16:36:44 INFO  [MetadataApp] Métadonnées extraites : Lendrema.mp3 — titre='Lendrema', artiste='Mahaleo', genre='Folk', durée=491s
2026-07-01 16:36:44 INFO  [MetadataApp] Métadonnées extraites : 18 taona.mp3 — titre='18 taona', artiste='Jeneraly', genre='Folk', durée=231s
2026-07-01 16:36:44 INFO  [MetadataApp] Métadonnées extraites : Lendrema.mp3 — titre='Lendrema', artiste='Mahaleo', genre='Folk', durée=491s
2026-07-01 16:36:44 INFO  [MetadataApp] Métadonnées extraites : 18 taona.mp3 — titre='18 taona', artiste='Jeneraly', genre='Folk', durée=231s
2026-07-01 16:36:44 INFO  [MetadataApp] Métadonnées extraites : Lendrema.mp3 — titre='Lendrema', artiste='Mahaleo', genre='Folk', durée=491s
2026-07-01 16:36:44 INFO  [MetadataApp] Métadonnées extraites : 18 taona.mp3 — titre='18 taona', artiste='Jeneraly', genre='Folk', durée=231s
2026-07-01 16:36:44 INFO  [MetadataApp] Métadonnées extraites : Lendrema.mp3 — titre='Lendrema', artiste='Mahaleo', genre='Folk', durée=491s
2026-07-01 16:36:44 INFO  [MetadataApp] Métadonnées extraites : 18 taona.mp3 — titre='18 taona', artiste='Jeneraly', genre='Folk', durée=231s
2026-07-01 16:36:44 INFO  [MetadataApp] Métadonnées extraites : Lendrema.mp3 — titre='Lendrema', artiste='Mahaleo', genre='Folk', durée=491s
2026-07-01 16:36:44 INFO  [MetadataApp] Métadonnées extraites : 18 taona.mp3 — titre='18 taona', artiste='Jeneraly', genre='Folk', durée=231s
2026-07-01 16:36:44 INFO  [MetadataApp] Métadonnées extraites : Lendrema.mp3 — titre='Lendrema', artiste='Mahaleo', genre='Folk', durée=491s
2026-07-01 16:36:44 INFO  [MetadataApp] Métadonnées extraites : 18 taona.mp3 — titre='18 taona', artiste='Jeneraly', genre='Folk', durée=231s
2026-07-01 16:36:44 INFO  [MetadataApp] Métadonnées extraites : Lendrema.mp3 — titre='Lendrema', artiste='Mahaleo', genre='Folk', durée=491s
2026-07-01 16:36:44 INFO  [MetadataApp] Métadonnées extraites : 18 taona.mp3 — titre='18 taona', artiste='Jeneraly', genre='Folk', durée=231s
2026-07-01 16:36:44 INFO  [MetadataApp] Métadonnées extraites : Lendrema.mp3 — titre='Lendrema', artiste='Mahaleo', genre='Folk', durée=491s
2026-07-01 16:36:44 INFO  [MetadataApp] Métadonnées extraites : 18 taona.mp3 — titre='18 taona', artiste='Jeneraly', genre='Folk', durée=231s
2026-07-01 16:36:44 INFO  [MetadataApp] Métadonnées extraites : Lendrema.mp3 — titre='Lendrema', artiste='Mahaleo', genre='Folk', durée=491s
2026-07-01 16:36:44 INFO  [MetadataApp] Métadonnées extraites : 18 taona.mp3 — titre='18 taona', artiste='Jeneraly', genre='Folk', durée=231s
2026-07-01 16:36:44 INFO  [MetadataApp] Métadonnées extraites : Lendrema.mp3 — titre='Lendrema', artiste='Mahaleo', genre='Folk', durée=491s
2026-07-01 16:36:44 INFO  [MetadataApp] Métadonnées extraites : 18 taona.mp3 — titre='18 taona', artiste='Jeneraly', genre='Folk', durée=231s
2026-07-01 16:36:44 INFO  [MetadataApp] Métadonnées extraites : Lendrema.mp3 — titre='Lendrema', artiste='Mahaleo', genre='Folk', durée=491s
2026-07-01 16:36:44 INFO  [MetadataApp] Métadonnées extraites : 18 taona.mp3 — titre='18 taona', artiste='Jeneraly', genre='Folk', durée=231s
2026-07-01 16:36:44 INFO  [MetadataApp] Métadonnées extraites : Lendrema.mp3 — titre='Lendrema', artiste='Mahaleo', genre='Folk', durée=491s
2026-07-01 16:36:44 INFO  [MetadataApp] Métadonnées extraites : 18 taona.mp3 — titre='18 taona', artiste='Jeneraly', genre='Folk', durée=231s
2026-07-01 16:36:44 INFO  [MetadataApp] Métadonnées extraites : Lendrema.mp3 — titre='Lendrema', artiste='Mahaleo', genre='Folk', durée=491s
2026-07-01 16:36:44 INFO  [MetadataApp] Métadonnées extraites : 18 taona.mp3 — titre='18 taona', artiste='Jeneraly', genre='Folk', durée=231s
2026-07-01 16:36:44 INFO  [MetadataApp] Métadonnées extraites : Lendrema.mp3 — titre='Lendrema', artiste='Mahaleo', genre='Folk', durée=491s
2026-07-01 16:36:44 INFO  [MetadataApp] Métadonnées extraites : 18 taona.mp3 — titre='18 taona', artiste='Jeneraly', genre='Folk', durée=231s
2026-07-01 16:36:44 INFO  [MetadataApp] Métadonnées extraites : Lendrema.mp3 — titre='Lendrema', artiste='Mahaleo', genre='Folk', durée=491s
2026-07-01 16:36:44 INFO  [MetadataApp] Métadonnées extraites : 18 taona.mp3 — titre='18 taona', artiste='Jeneraly', genre='Folk', durée=231s
2026-07-01 16:36:44 INFO  [MetadataApp] Métadonnées extraites : Lendrema.mp3 — titre='Lendrema', artiste='Mahaleo', genre='Folk', durée=491s
2026-07-01 16:36:44 INFO  [MetadataApp] Métadonnées extraites : 18 taona.mp3 — titre='18 taona', artiste='Jeneraly', genre='Folk', durée=231s
2026-07-01 16:36:44 INFO  [MetadataApp] Métadonnées extraites : Lendrema.mp3 — titre='Lendrema', artiste='Mahaleo', genre='Folk', durée=491s
2026-07-01 16:36:44 INFO  [MetadataApp] Métadonnées extraites : 18 taona.mp3 — titre='18 taona', artiste='Jeneraly', genre='Folk', durée=231s
2026-07-01 16:36:44 INFO  [MetadataApp] Métadonnées extraites : Lendrema.mp3 — titre='Lendrema', artiste='Mahaleo', genre='Folk', durée=491s
2026-07-01 16:36:44 INFO  [MetadataApp] Métadonnées extraites : 18 taona.mp3 — titre='18 taona', artiste='Jeneraly', genre='Folk', durée=231s
2026-07-01 16:36:44 INFO  [MetadataApp] Métadonnées extraites : Lendrema.mp3 — titre='Lendrema', artiste='Mahaleo', genre='Folk', durée=491s
2026-07-01 16:36:44 INFO  [MetadataApp] Métadonnées extraites : 18 taona.mp3 — titre='18 taona', artiste='Jeneraly', genre='Folk', durée=231s
2026-07-01 16:36:44 INFO  [MetadataApp] Métadonnées extraites : Lendrema.mp3 — titre='Lendrema', artiste='Mahaleo', genre='Folk', durée=491s
2026-07-01 16:36:44 INFO  [MetadataApp] Métadonnées extraites : 18 taona.mp3 — titre='18 taona', artiste='Jeneraly', genre='Folk', durée=231s
2026-07-01 16:36:44 INFO  [MetadataApp] Métadonnées extraites : Lendrema.mp3 — titre='Lendrema', artiste='Mahaleo', genre='Folk', durée=491s
2026-07-01 16:36:44 INFO  [MetadataApp] Métadonnées extraites : 18 taona.mp3 — titre='18 taona', artiste='Jeneraly', genre='Folk', durée=231s
2026-07-01 16:36:44 INFO  [MetadataApp] Métadonnées extraites : Lendrema.mp3 — titre='Lendrema', artiste='Mahaleo', genre='Folk', durée=491s
2026-07-01 16:36:44 INFO  [MetadataApp] Métadonnées extraites : 18 taona.mp3 — titre='18 taona', artiste='Jeneraly', genre='Folk', durée=231s
2026-07-01 16:36:44 INFO  [MetadataApp] Métadonnées extraites : Lendrema.mp3 — titre='Lendrema', artiste='Mahaleo', genre='Folk', durée=491s
2026-07-01 16:36:44 INFO  [MetadataApp] Métadonnées extraites : 18 taona.mp3 — titre='18 taona', artiste='Jeneraly', genre='Folk', durée=231s
2026-07-01 16:36:44 INFO  [MetadataApp] Métadonnées extraites : Lendrema.mp3 — titre='Lendrema', artiste='Mahaleo', genre='Folk', durée=491s
2026-07-01 16:36:44 INFO  [MetadataApp] Métadonnées extraites : 18 taona.mp3 — titre='18 taona', artiste='Jeneraly', genre='Folk', durée=231s
2026-07-01 16:36:44 INFO  [MetadataApp] Métadonnées extraites : Lendrema.mp3 — titre='Lendrema', artiste='Mahaleo', genre='Folk', durée=491s
2026-07-01 16:36:44 INFO  [MetadataApp] Métadonnées extraites : 18 taona.mp3 — titre='18 taona', artiste='Jeneraly', genre='Folk', durée=231s
2026-07-01 16:36:44 INFO  [MetadataApp] Métadonnées extraites : Lendrema.mp3 — titre='Lendrema', artiste='Mahaleo', genre='Folk', durée=491s
2026-07-01 16:36:44 INFO  [MetadataApp] Métadonnées extraites : 18 taona.mp3 — titre='18 taona', artiste='Jeneraly', genre='Folk', durée=231s
2026-07-01 16:36:44 INFO  [MetadataApp] Métadonnées extraites : Lendrema.mp3 — titre='Lendrema', artiste='Mahaleo', genre='Folk', durée=491s
2026-07-01 16:36:44 INFO  [MetadataApp] Métadonnées extraites : 18 taona.mp3 — titre='18 taona', artiste='Jeneraly', genre='Folk', durée=231s
2026-07-01 16:36:44 INFO  [MetadataApp] Métadonnées extraites : Lendrema.mp3 — titre='Lendrema', artiste='Mahaleo', genre='Folk', durée=491s
2026-07-01 16:36:44 INFO  [MetadataApp] Métadonnées extraites : 18 taona.mp3 — titre='18 taona', artiste='Jeneraly', genre='Folk', durée=231s
2026-07-01 16:36:44 INFO  [MetadataApp] Métadonnées extraites : Lendrema.mp3 — titre='Lendrema', artiste='Mahaleo', genre='Folk', durée=491s
2026-07-01 16:36:44 INFO  [MetadataApp] Métadonnées extraites : 18 taona.mp3 — titre='18 taona', artiste='Jeneraly', genre='Folk', durée=231s
2026-07-01 16:36:44 INFO  [MetadataApp] Métadonnées extraites : Lendrema.mp3 — titre='Lendrema', artiste='Mahaleo', genre='Folk', durée=491s
2026-07-01 16:36:44 INFO  [MetadataApp] Métadonnées extraites : 18 taona.mp3 — titre='18 taona', artiste='Jeneraly', genre='Folk', durée=231s
2026-07-01 16:36:44 INFO  [MetadataApp] Métadonnées extraites : Lendrema.mp3 — titre='Lendrema', artiste='Mahaleo', genre='Folk', durée=491s
2026-07-01 16:36:44 INFO  [MetadataApp] Métadonnées extraites : 18 taona.mp3 — titre='18 taona', artiste='Jeneraly', genre='Folk', durée=231s
2026-07-01 16:36:44 INFO  [MetadataApp] Métadonnées extraites : Lendrema.mp3 — titre='Lendrema', artiste='Mahaleo', genre='Folk', durée=491s
2026-07-01 16:36:44 INFO  [MetadataApp] Métadonnées extraites : 18 taona.mp3 — titre='18 taona', artiste='Jeneraly', genre='Folk', durée=231s
2026-07-01 16:36:44 INFO  [MetadataApp] Métadonnées extraites : Lendrema.mp3 — titre='Lendrema', artiste='Mahaleo', genre='Folk', durée=491s
2026-07-01 16:36:44 INFO  [MetadataApp] Métadonnées extraites : 18 taona.mp3 — titre='18 taona', artiste='Jeneraly', genre='Folk', durée=231s
2026-07-01 16:36:44 INFO  [MetadataApp] Métadonnées extraites : Lendrema.mp3 — titre='Lendrema', artiste='Mahaleo', genre='Folk', durée=491s
2026-07-01 16:36:44 INFO  [MetadataApp] Métadonnées extraites : 18 taona.mp3 — titre='18 taona', artiste='Jeneraly', genre='Folk', durée=231s
2026-07-01 16:36:44 INFO  [MetadataApp] Métadonnées extraites : Lendrema.mp3 — titre='Lendrema', artiste='Mahaleo', genre='Folk', durée=491s
2026-07-01 16:36:44 INFO  [MetadataApp] Métadonnées extraites : 18 taona.mp3 — titre='18 taona', artiste='Jeneraly', genre='Folk', durée=231s
2026-07-01 16:36:44 INFO  [MetadataApp] Métadonnées extraites : Lendrema.mp3 — titre='Lendrema', artiste='Mahaleo', genre='Folk', durée=491s
2026-07-01 16:36:44 INFO  [MetadataApp] Métadonnées extraites : 18 taona.mp3 — titre='18 taona', artiste='Jeneraly', genre='Folk', durée=231s
2026-07-01 16:36:44 INFO  [MetadataApp] Métadonnées extraites : Lendrema.mp3 — titre='Lendrema', artiste='Mahaleo', genre='Folk', durée=491s
2026-07-01 16:36:44 INFO  [MetadataApp] Métadonnées extraites : 18 taona.mp3 — titre='18 taona', artiste='Jeneraly', genre='Folk', durée=231s
2026-07-01 16:36:44 INFO  [MetadataApp] Métadonnées extraites : Lendrema.mp3 — titre='Lendrema', artiste='Mahaleo', genre='Folk', durée=491s
2026-07-01 16:36:44 INFO  [MetadataApp] Métadonnées extraites : 18 taona.mp3 — titre='18 taona', artiste='Jeneraly', genre='Folk', durée=231s
2026-07-01 16:36:44 INFO  [MetadataApp] Métadonnées extraites : Lendrema.mp3 — titre='Lendrema', artiste='Mahaleo', genre='Folk', durée=491s
2026-07-01 16:36:44 INFO  [MetadataApp] Métadonnées extraites : 18 taona.mp3 — titre='18 taona', artiste='Jeneraly', genre='Folk', durée=231s
2026-07-01 16:36:44 INFO  [MetadataApp] Métadonnées extraites : Lendrema.mp3 — titre='Lendrema', artiste='Mahaleo', genre='Folk', durée=491s
2026-07-01 16:36:44 INFO  [MetadataApp] Métadonnées extraites : 18 taona.mp3 — titre='18 taona', artiste='Jeneraly', genre='Folk', durée=231s
2026-07-01 16:36:44 INFO  [MetadataApp] Métadonnées extraites : Lendrema.mp3 — titre='Lendrema', artiste='Mahaleo', genre='Folk', durée=491s
2026-07-01 16:36:44 INFO  [MetadataApp] Métadonnées extraites : 18 taona.mp3 — titre='18 taona', artiste='Jeneraly', genre='Folk', durée=231s
2026-07-01 16:36:44 INFO  [MetadataApp] Métadonnées extraites : Lendrema.mp3 — titre='Lendrema', artiste='Mahaleo', genre='Folk', durée=491s
2026-07-01 16:36:44 INFO  [MetadataApp] Métadonnées extraites : 18 taona.mp3 — titre='18 taona', artiste='Jeneraly', genre='Folk', durée=231s
2026-07-01 16:36:44 INFO  [MetadataApp] Métadonnées extraites : Lendrema.mp3 — titre='Lendrema', artiste='Mahaleo', genre='Folk', durée=491s
2026-07-01 16:36:44 INFO  [MetadataApp] Métadonnées extraites : 18 taona.mp3 — titre='18 taona', artiste='Jeneraly', genre='Folk', durée=231s
2026-07-01 16:36:44 INFO  [MetadataApp] Métadonnées extraites : Lendrema.mp3 — titre='Lendrema', artiste='Mahaleo', genre='Folk', durée=491s
2026-07-01 16:36:44 INFO  [MetadataApp] Métadonnées extraites : 18 taona.mp3 — titre='18 taona', artiste='Jeneraly', genre='Folk', durée=231s
2026-07-01 16:36:44 INFO  [MetadataApp] Métadonnées extraites : Lendrema.mp3 — titre='Lendrema', artiste='Mahaleo', genre='Folk', durée=491s
2026-07-01 16:36:44 INFO  [MetadataApp] Métadonnées extraites : 18 taona.mp3 — titre='18 taona', artiste='Jeneraly', genre='Folk', durée=231s
2026-07-01 16:36:44 INFO  [MetadataApp] Métadonnées extraites : Lendrema.mp3 — titre='Lendrema', artiste='Mahaleo', genre='Folk', durée=491s
2026-07-01 16:36:44 INFO  [MetadataApp] Métadonnées extraites : 18 taona.mp3 — titre='18 taona', artiste='Jeneraly', genre='Folk', durée=231s
2026-07-01 16:36:44 INFO  [MetadataApp] Métadonnées extraites : Lendrema.mp3 — titre='Lendrema', artiste='Mahaleo', genre='Folk', durée=491s
2026-07-01 16:36:44 INFO  [MetadataApp] Métadonnées extraites : 18 taona.mp3 — titre='18 taona', artiste='Jeneraly', genre='Folk', durée=231s
2026-07-01 16:36:44 INFO  [MetadataApp] Métadonnées extraites : Lendrema.mp3 — titre='Lendrema', artiste='Mahaleo', genre='Folk', durée=491s
2026-07-01 16:36:44 INFO  [MetadataApp] Métadonnées extraites : 18 taona.mp3 — titre='18 taona', artiste='Jeneraly', genre='Folk', durée=231s
2026-07-01 16:36:44 INFO  [MetadataApp] Métadonnées extraites : Lendrema.mp3 — titre='Lendrema', artiste='Mahaleo', genre='Folk', durée=491s
2026-07-01 16:36:44 INFO  [MetadataApp] Métadonnées extraites : 18 taona.mp3 — titre='18 taona', artiste='Jeneraly', genre='Folk', durée=231s
2026-07-01 16:36:44 INFO  [MetadataApp] Métadonnées extraites : Lendrema.mp3 — titre='Lendrema', artiste='Mahaleo', genre='Folk', durée=491s
2026-07-01 16:36:44 INFO  [MetadataApp] Métadonnées extraites : 18 taona.mp3 — titre='18 taona', artiste='Jeneraly', genre='Folk', durée=231s
2026-07-01 16:36:44 INFO  [MetadataApp] Métadonnées extraites : Lendrema.mp3 — titre='Lendrema', artiste='Mahaleo', genre='Folk', durée=491s
2026-07-01 16:36:44 INFO  [MetadataApp] Métadonnées extraites : 18 taona.mp3 — titre='18 taona', artiste='Jeneraly', genre='Folk', durée=231s
2026-07-01 16:36:44 INFO  [MetadataApp] Métadonnées extraites : Lendrema.mp3 — titre='Lendrema', artiste='Mahaleo', genre='Folk', durée=491s
2026-07-01 16:36:44 INFO  [MetadataApp] Métadonnées extraites : 18 taona.mp3 — titre='18 taona', artiste='Jeneraly', genre='Folk', durée=231s
2026-07-01 16:36:44 INFO  [MetadataApp] Métadonnées extraites : Lendrema.mp3 — titre='Lendrema', artiste='Mahaleo', genre='Folk', durée=491s
2026-07-01 16:36:44 INFO  [MetadataApp] Métadonnées extraites : 18 taona.mp3 — titre='18 taona', artiste='Jeneraly', genre='Folk', durée=231s
2026-07-01 16:36:44 INFO  [MetadataApp] Métadonnées extraites : Lendrema.mp3 — titre='Lendrema', artiste='Mahaleo', genre='Folk', durée=491s
2026-07-01 16:36:44 INFO  [MetadataApp] Métadonnées extraites : 18 taona.mp3 — titre='18 taona', artiste='Jeneraly', genre='Folk', durée=231s
2026-07-01 16:36:44 INFO  [MetadataApp] Métadonnées extraites : Lendrema.mp3 — titre='Lendrema', artiste='Mahaleo', genre='Folk', durée=491s
2026-07-01 16:36:44 INFO  [MetadataApp] Métadonnées extraites : 18 taona.mp3 — titre='18 taona', artiste='Jeneraly', genre='Folk', durée=231s
2026-07-01 16:36:44 INFO  [MetadataApp] Métadonnées extraites : Lendrema.mp3 — titre='Lendrema', artiste='Mahaleo', genre='Folk', durée=491s
2026-07-01 16:36:44 INFO  [MetadataApp] Métadonnées extraites : 18 taona.mp3 — titre='18 taona', artiste='Jeneraly', genre='Folk', durée=231s
2026-07-01 16:36:44 INFO  [MetadataApp] Métadonnées extraites : Lendrema.mp3 — titre='Lendrema', artiste='Mahaleo', genre='Folk', durée=491s
2026-07-01 16:36:44 INFO  [MetadataApp] Métadonnées extraites : 18 taona.mp3 — titre='18 taona', artiste='Jeneraly', genre='Folk', durée=231s
2026-07-01 16:36:44 INFO  [MetadataApp] Métadonnées extraites : Lendrema.mp3 — titre='Lendrema', artiste='Mahaleo', genre='Folk', durée=491s
2026-07-01 16:36:44 INFO  [MetadataApp] Métadonnées extraites : 18 taona.mp3 — titre='18 taona', artiste='Jeneraly', genre='Folk', durée=231s
2026-07-01 16:36:44 INFO  [MetadataApp] Métadonnées extraites : Lendrema.mp3 — titre='Lendrema', artiste='Mahaleo', genre='Folk', durée=491s
2026-07-01 16:36:44 INFO  [MetadataApp] Métadonnées extraites : 18 taona.mp3 — titre='18 taona', artiste='Jeneraly', genre='Folk', durée=231s
2026-07-01 16:36:44 INFO  [MetadataApp] Métadonnées extraites : Lendrema.mp3 — titre='Lendrema', artiste='Mahaleo', genre='Folk', durée=491s
2026-07-01 16:36:44 INFO  [MetadataApp] Métadonnées extraites : 18 taona.mp3 — titre='18 taona', artiste='Jeneraly', genre='Folk', durée=231s
2026-07-01 16:36:44 INFO  [MetadataApp] Métadonnées extraites : Lendrema.mp3 — titre='Lendrema', artiste='Mahaleo', genre='Folk', durée=491s
2026-07-01 16:36:44 INFO  [MetadataApp] Métadonnées extraites : 18 taona.mp3 — titre='18 taona', artiste='Jeneraly', genre='Folk', durée=231s
2026-07-01 16:36:44 INFO  [MetadataApp] Métadonnées extraites : Lendrema.mp3 — titre='Lendrema', artiste='Mahaleo', genre='Folk', durée=491s
2026-07-01 16:36:44 INFO  [MetadataApp] Métadonnées extraites : 18 taona.mp3 — titre='18 taona', artiste='Jeneraly', genre='Folk', durée=231s
2026-07-01 16:36:44 INFO  [MetadataApp] Métadonnées extraites : Lendrema.mp3 — titre='Lendrema', artiste='Mahaleo', genre='Folk', durée=491s
2026-07-01 16:36:44 INFO  [MetadataApp] Métadonnées extraites : 18 taona.mp3 — titre='18 taona', artiste='Jeneraly', genre='Folk', durée=231s
2026-07-01 16:36:44 INFO  [MetadataApp] Métadonnées extraites : Lendrema.mp3 — titre='Lendrema', artiste='Mahaleo', genre='Folk', durée=491s
2026-07-01 16:36:44 INFO  [MetadataApp] Métadonnées extraites : 18 taona.mp3 — titre='18 taona', artiste='Jeneraly', genre='Folk', durée=231s
2026-07-01 16:36:44 INFO  [MetadataApp] Métadonnées extraites : Lendrema.mp3 — titre='Lendrema', artiste='Mahaleo', genre='Folk', durée=491s
2026-07-01 16:36:44 INFO  [MetadataApp] Métadonnées extraites : 18 taona.mp3 — titre='18 taona', artiste='Jeneraly', genre='Folk', durée=231s
2026-07-01 16:36:44 INFO  [MetadataApp] Métadonnées extraites : Lendrema.mp3 — titre='Lendrema', artiste='Mahaleo', genre='Folk', durée=491s
2026-07-01 16:36:44 INFO  [MetadataApp] Métadonnées extraites : 18 taona.mp3 — titre='18 taona', artiste='Jeneraly', genre='Folk', durée=231s
2026-07-01 16:36:44 INFO  [MetadataApp] Métadonnées extraites : Lendrema.mp3 — titre='Lendrema', artiste='Mahaleo', genre='Folk', durée=491s
2026-07-01 16:36:44 INFO  [MetadataApp] Métadonnées extraites : 18 taona.mp3 — titre='18 taona', artiste='Jeneraly', genre='Folk', durée=231s
2026-07-01 16:36:44 INFO  [MetadataApp] Métadonnées extraites : Lendrema.mp3 — titre='Lendrema', artiste='Mahaleo', genre='Folk', durée=491s
2026-07-01 16:36:44 INFO  [MetadataApp] Métadonnées extraites : 18 taona.mp3 — titre='18 taona', artiste='Jeneraly', genre='Folk', durée=231s
2026-07-01 16:36:44 INFO  [MetadataApp] Métadonnées extraites : Lendrema.mp3 — titre='Lendrema', artiste='Mahaleo', genre='Folk', durée=491s
2026-07-01 16:36:44 INFO  [MetadataApp] Métadonnées extraites : 18 taona.mp3 — titre='18 taona', artiste='Jeneraly', genre='Folk', durée=231s
2026-07-01 16:36:44 INFO  [MetadataApp] Métadonnées extraites : Lendrema.mp3 — titre='Lendrema', artiste='Mahaleo', genre='Folk', durée=491s
2026-07-01 16:36:44 INFO  [MetadataApp] Métadonnées extraites : 18 taona.mp3 — titre='18 taona', artiste='Jeneraly', genre='Folk', durée=231s
2026-07-01 16:36:44 INFO  [MetadataApp] Métadonnées extraites : Lendrema.mp3 — titre='Lendrema', artiste='Mahaleo', genre='Folk', durée=491s
2026-07-01 16:36:44 INFO  [MetadataApp] Métadonnées extraites : 18 taona.mp3 — titre='18 taona', artiste='Jeneraly', genre='Folk', durée=231s
2026-07-01 16:36:44 INFO  [MetadataApp] Métadonnées extraites : Lendrema.mp3 — titre='Lendrema', artiste='Mahaleo', genre='Folk', durée=491s
2026-07-01 16:36:44 INFO  [MetadataApp] Métadonnées extraites : 18 taona.mp3 — titre='18 taona', artiste='Jeneraly', genre='Folk', durée=231s
2026-07-01 16:36:44 INFO  [MetadataApp] Métadonnées extraites : Lendrema.mp3 — titre='Lendrema', artiste='Mahaleo', genre='Folk', durée=491s
2026-07-01 16:36:44 INFO  [MetadataApp] Métadonnées extraites : 18 taona.mp3 — titre='18 taona', artiste='Jeneraly', genre='Folk', durée=231s
2026-07-01 16:36:44 INFO  [MetadataApp] Métadonnées extraites : Lendrema.mp3 — titre='Lendrema', artiste='Mahaleo', genre='Folk', durée=491s
2026-07-01 16:36:44 INFO  [MetadataApp] Métadonnées extraites : 18 taona.mp3 — titre='18 taona', artiste='Jeneraly', genre='Folk', durée=231s
2026-07-01 16:36:44 INFO  [MetadataApp] Métadonnées extraites : Lendrema.mp3 — titre='Lendrema', artiste='Mahaleo', genre='Folk', durée=491s
2026-07-01 16:36:44 INFO  [MetadataApp] Métadonnées extraites : 18 taona.mp3 — titre='18 taona', artiste='Jeneraly', genre='Folk', durée=231s
2026-07-01 16:36:44 INFO  [MetadataApp] Métadonnées extraites : Lendrema.mp3 — titre='Lendrema', artiste='Mahaleo', genre='Folk', durée=491s
2026-07-01 16:36:44 INFO  [MetadataApp] Métadonnées extraites : 18 taona.mp3 — titre='18 taona', artiste='Jeneraly', genre='Folk', durée=231s
2026-07-01 16:36:44 INFO  [MetadataApp] Métadonnées extraites : Lendrema.mp3 — titre='Lendrema', artiste='Mahaleo', genre='Folk', durée=491s
2026-07-01 16:36:44 INFO  [MetadataApp] Métadonnées extraites : 18 taona.mp3 — titre='18 taona', artiste='Jeneraly', genre='Folk', durée=231s
2026-07-01 16:36:44 INFO  [MetadataApp] Métadonnées extraites : Lendrema.mp3 — titre='Lendrema', artiste='Mahaleo', genre='Folk', durée=491s
2026-07-01 16:36:44 INFO  [MetadataApp] Métadonnées extraites : 18 taona.mp3 — titre='18 taona', artiste='Jeneraly', genre='Folk', durée=231s
2026-07-01 16:36:44 INFO  [MetadataApp] Métadonnées extraites : Lendrema.mp3 — titre='Lendrema', artiste='Mahaleo', genre='Folk', durée=491s
2026-07-01 16:36:44 INFO  [MetadataApp] Métadonnées extraites : 18 taona.mp3 — titre='18 taona', artiste='Jeneraly', genre='Folk', durée=231s
2026-07-01 16:36:44 INFO  [MetadataApp] Métadonnées extraites : Lendrema.mp3 — titre='Lendrema', artiste='Mahaleo', genre='Folk', durée=491s
2026-07-01 16:36:44 INFO  [MetadataApp] Métadonnées extraites : 18 taona.mp3 — titre='18 taona', artiste='Jeneraly', genre='Folk', durée=231s
2026-07-01 16:36:44 INFO  [MetadataApp] Métadonnées extraites : Lendrema.mp3 — titre='Lendrema', artiste='Mahaleo', genre='Folk', durée=491s
2026-07-01 16:36:44 INFO  [MetadataApp] Métadonnées extraites : 18 taona.mp3 — titre='18 taona', artiste='Jeneraly', genre='Folk', durée=231s
2026-07-01 16:36:44 INFO  [MetadataApp] Métadonnées extraites : Lendrema.mp3 — titre='Lendrema', artiste='Mahaleo', genre='Folk', durée=491s
2026-07-01 16:36:44 INFO  [MetadataApp] Métadonnées extraites : 18 taona.mp3 — titre='18 taona', artiste='Jeneraly', genre='Folk', durée=231s
2026-07-01 16:36:44 INFO  [MetadataApp] Métadonnées extraites : Lendrema.mp3 — titre='Lendrema', artiste='Mahaleo', genre='Folk', durée=491s
2026-07-01 16:36:44 INFO  [MetadataApp] Métadonnées extraites : 18 taona.mp3 — titre='18 taona', artiste='Jeneraly', genre='Folk', durée=231s
2026-07-01 16:36:44 INFO  [MetadataApp] Métadonnées extraites : Lendrema.mp3 — titre='Lendrema', artiste='Mahaleo', genre='Folk', durée=491s
2026-07-01 16:36:44 INFO  [MetadataApp] Métadonnées extraites : 18 taona.mp3 — titre='18 taona', artiste='Jeneraly', genre='Folk', durée=231s
2026-07-01 16:36:44 INFO  [MetadataApp] Métadonnées extraites : Lendrema.mp3 — titre='Lendrema', artiste='Mahaleo', genre='Folk', durée=491s
2026-07-01 16:36:44 INFO  [MetadataApp] Métadonnées extraites : 18 taona.mp3 — titre='18 taona', artiste='Jeneraly', genre='Folk', durée=231s
2026-07-01 16:36:44 INFO  [MetadataApp] Métadonnées extraites : Lendrema.mp3 — titre='Lendrema', artiste='Mahaleo', genre='Folk', durée=491s
2026-07-01 16:36:44 INFO  [MetadataApp] Métadonnées extraites : 18 taona.mp3 — titre='18 taona', artiste='Jeneraly', genre='Folk', durée=231s
2026-07-01 16:36:44 INFO  [MetadataApp] Métadonnées extraites : Lendrema.mp3 — titre='Lendrema', artiste='Mahaleo', genre='Folk', durée=491s
2026-07-01 16:36:44 INFO  [MetadataApp] Métadonnées extraites : 18 taona.mp3 — titre='18 taona', artiste='Jeneraly', genre='Folk', durée=231s
2026-07-01 16:36:44 INFO  [MetadataApp] Métadonnées extraites : Lendrema.mp3 — titre='Lendrema', artiste='Mahaleo', genre='Folk', durée=491s
2026-07-01 16:36:44 INFO  [MetadataApp] Métadonnées extraites : 18 taona.mp3 — titre='18 taona', artiste='Jeneraly', genre='Folk', durée=231s
2026-07-01 16:36:44 INFO  [MetadataApp] Métadonnées extraites : Lendrema.mp3 — titre='Lendrema', artiste='Mahaleo', genre='Folk', durée=491s
2026-07-01 16:36:44 INFO  [MetadataApp] Métadonnées extraites : 18 taona.mp3 — titre='18 taona', artiste='Jeneraly', genre='Folk', durée=231s
2026-07-01 16:36:44 INFO  [MetadataApp] Métadonnées extraites : Lendrema.mp3 — titre='Lendrema', artiste='Mahaleo', genre='Folk', durée=491s
2026-07-01 16:36:44 INFO  [MetadataApp] Métadonnées extraites : 18 taona.mp3 — titre='18 taona', artiste='Jeneraly', genre='Folk', durée=231s
2026-07-01 16:36:44 INFO  [MetadataApp] Métadonnées extraites : Lendrema.mp3 — titre='Lendrema', artiste='Mahaleo', genre='Folk', durée=491s
2026-07-01 16:36:44 INFO  [MetadataApp] Métadonnées extraites : 18 taona.mp3 — titre='18 taona', artiste='Jeneraly', genre='Folk', durée=231s
2026-07-01 16:36:44 INFO  [MetadataApp] Métadonnées extraites : Lendrema.mp3 — titre='Lendrema', artiste='Mahaleo', genre='Folk', durée=491s
2026-07-01 16:36:44 INFO  [MetadataApp] Métadonnées extraites : 18 taona.mp3 — titre='18 taona', artiste='Jeneraly', genre='Folk', durée=231s
2026-07-01 16:36:45 INFO  [MetadataApp] Métadonnées extraites : Lendrema.mp3 — titre='Lendrema', artiste='Mahaleo', genre='Folk', durée=491s
2026-07-01 16:36:45 INFO  [MetadataApp] Métadonnées extraites : 18 taona.mp3 — titre='18 taona', artiste='Jeneraly', genre='Folk', durée=231s
2026-07-01 16:36:45 INFO  [MetadataApp] Métadonnées extraites : Lendrema.mp3 — titre='Lendrema', artiste='Mahaleo', genre='Folk', durée=491s
2026-07-01 16:36:45 INFO  [MetadataApp] Métadonnées extraites : 18 taona.mp3 — titre='18 taona', artiste='Jeneraly', genre='Folk', durée=231s
2026-07-01 16:36:45 INFO  [MetadataApp] Métadonnées extraites : Lendrema.mp3 — titre='Lendrema', artiste='Mahaleo', genre='Folk', durée=491s
2026-07-01 16:36:45 INFO  [MetadataApp] Métadonnées extraites : 18 taona.mp3 — titre='18 taona', artiste='Jeneraly', genre='Folk', durée=231s
2026-07-01 16:36:45 INFO  [MetadataApp] Métadonnées extraites : Lendrema.mp3 — titre='Lendrema', artiste='Mahaleo', genre='Folk', durée=491s
2026-07-01 16:36:45 INFO  [MetadataApp] Métadonnées extraites : 18 taona.mp3 — titre='18 taona', artiste='Jeneraly', genre='Folk', durée=231s
2026-07-01 16:36:45 INFO  [MetadataApp] Métadonnées extraites : Lendrema.mp3 — titre='Lendrema', artiste='Mahaleo', genre='Folk', durée=491s
2026-07-01 16:36:45 INFO  [MetadataApp] Métadonnées extraites : 18 taona.mp3 — titre='18 taona', artiste='Jeneraly', genre='Folk', durée=231s
2026-07-01 16:36:45 INFO  [MetadataApp] Métadonnées extraites : Lendrema.mp3 — titre='Lendrema', artiste='Mahaleo', genre='Folk', durée=491s
2026-07-01 16:36:45 INFO  [MetadataApp] Métadonnées extraites : 18 taona.mp3 — titre='18 taona', artiste='Jeneraly', genre='Folk', durée=231s
2026-07-01 16:36:45 INFO  [MetadataApp] Métadonnées extraites : Lendrema.mp3 — titre='Lendrema', artiste='Mahaleo', genre='Folk', durée=491s
2026-07-01 16:36:45 INFO  [MetadataApp] Métadonnées extraites : 18 taona.mp3 — titre='18 taona', artiste='Jeneraly', genre='Folk', durée=231s
2026-07-01 16:36:45 INFO  [MetadataApp] Métadonnées extraites : Lendrema.mp3 — titre='Lendrema', artiste='Mahaleo', genre='Folk', durée=491s
2026-07-01 16:36:45 INFO  [MetadataApp] Métadonnées extraites : 18 taona.mp3 — titre='18 taona', artiste='Jeneraly', genre='Folk', durée=231s
2026-07-01 16:36:45 INFO  [MetadataApp] Métadonnées extraites : Lendrema.mp3 — titre='Lendrema', artiste='Mahaleo', genre='Folk', durée=491s
2026-07-01 16:36:45 INFO  [MetadataApp] Métadonnées extraites : 18 taona.mp3 — titre='18 taona', artiste='Jeneraly', genre='Folk', durée=231s
2026-07-01 16:36:45 INFO  [MetadataApp] Métadonnées extraites : Lendrema.mp3 — titre='Lendrema', artiste='Mahaleo', genre='Folk', durée=491s
2026-07-01 16:36:45 INFO  [MetadataApp] Métadonnées extraites : 18 taona.mp3 — titre='18 taona', artiste='Jeneraly', genre='Folk', durée=231s
2026-07-01 16:36:45 INFO  [MetadataApp] Métadonnées extraites : Lendrema.mp3 — titre='Lendrema', artiste='Mahaleo', genre='Folk', durée=491s
2026-07-01 16:36:45 INFO  [MetadataApp] Métadonnées extraites : 18 taona.mp3 — titre='18 taona', artiste='Jeneraly', genre='Folk', durée=231s
2026-07-01 16:36:45 INFO  [MetadataApp] Métadonnées extraites : Lendrema.mp3 — titre='Lendrema', artiste='Mahaleo', genre='Folk', durée=491s
2026-07-01 16:36:45 INFO  [MetadataApp] Métadonnées extraites : 18 taona.mp3 — titre='18 taona', artiste='Jeneraly', genre='Folk', durée=231s
2026-07-01 16:36:45 INFO  [MetadataApp] Métadonnées extraites : Lendrema.mp3 — titre='Lendrema', artiste='Mahaleo', genre='Folk', durée=491s
2026-07-01 16:36:45 INFO  [MetadataApp] Métadonnées extraites : 18 taona.mp3 — titre='18 taona', artiste='Jeneraly', genre='Folk', durée=231s
2026-07-01 16:36:45 INFO  [MetadataApp] Métadonnées extraites : Lendrema.mp3 — titre='Lendrema', artiste='Mahaleo', genre='Folk', durée=491s
2026-07-01 16:36:45 INFO  [MetadataApp] Métadonnées extraites : 18 taona.mp3 — titre='18 taona', artiste='Jeneraly', genre='Folk', durée=231s
2026-07-01 16:36:45 INFO  [MetadataApp] Métadonnées extraites : Lendrema.mp3 — titre='Lendrema', artiste='Mahaleo', genre='Folk', durée=491s
2026-07-01 16:36:45 INFO  [MetadataApp] Métadonnées extraites : 18 taona.mp3 — titre='18 taona', artiste='Jeneraly', genre='Folk', durée=231s
2026-07-01 16:36:45 INFO  [MetadataApp] Métadonnées extraites : Lendrema.mp3 — titre='Lendrema', artiste='Mahaleo', genre='Folk', durée=491s
2026-07-01 16:36:45 INFO  [MetadataApp] Métadonnées extraites : 18 taona.mp3 — titre='18 taona', artiste='Jeneraly', genre='Folk', durée=231s
2026-07-01 16:36:45 INFO  [MetadataApp] Métadonnées extraites : Lendrema.mp3 — titre='Lendrema', artiste='Mahaleo', genre='Folk', durée=491s
2026-07-01 16:36:45 INFO  [MetadataApp] Métadonnées extraites : 18 taona.mp3 — titre='18 taona', artiste='Jeneraly', genre='Folk', durée=231s
2026-07-01 16:36:45 INFO  [MetadataApp] Métadonnées extraites : Lendrema.mp3 — titre='Lendrema', artiste='Mahaleo', genre='Folk', durée=491s
2026-07-01 16:36:45 INFO  [MetadataApp] Métadonnées extraites : 18 taona.mp3 — titre='18 taona', artiste='Jeneraly', genre='Folk', durée=231s
2026-07-01 16:36:45 INFO  [MetadataApp] Métadonnées extraites : Lendrema.mp3 — titre='Lendrema', artiste='Mahaleo', genre='Folk', durée=491s
2026-07-01 16:36:45 INFO  [MetadataApp] Métadonnées extraites : 18 taona.mp3 — titre='18 taona', artiste='Jeneraly', genre='Folk', durée=231s
2026-07-01 16:36:45 INFO  [MetadataApp] Métadonnées extraites : Lendrema.mp3 — titre='Lendrema', artiste='Mahaleo', genre='Folk', durée=491s
2026-07-01 16:36:45 INFO  [MetadataApp] Métadonnées extraites : 18 taona.mp3 — titre='18 taona', artiste='Jeneraly', genre='Folk', durée=231s
2026-07-01 16:36:45 INFO  [MetadataApp] Métadonnées extraites : Lendrema.mp3 — titre='Lendrema', artiste='Mahaleo', genre='Folk', durée=491s
2026-07-01 16:36:45 INFO  [MetadataApp] Métadonnées extraites : 18 taona.mp3 — titre='18 taona', artiste='Jeneraly', genre='Folk', durée=231s
2026-07-01 16:36:45 INFO  [MetadataApp] Métadonnées extraites : Lendrema.mp3 — titre='Lendrema', artiste='Mahaleo', genre='Folk', durée=491s
2026-07-01 16:36:45 INFO  [MetadataApp] Métadonnées extraites : 18 taona.mp3 — titre='18 taona', artiste='Jeneraly', genre='Folk', durée=231s
2026-07-01 16:36:45 INFO  [MetadataApp] Métadonnées extraites : Lendrema.mp3 — titre='Lendrema', artiste='Mahaleo', genre='Folk', durée=491s
2026-07-01 16:36:45 INFO  [MetadataApp] Métadonnées extraites : 18 taona.mp3 — titre='18 taona', artiste='Jeneraly', genre='Folk', durée=231s
2026-07-01 16:36:45 INFO  [MetadataApp] Métadonnées extraites : Lendrema.mp3 — titre='Lendrema', artiste='Mahaleo', genre='Folk', durée=491s
2026-07-01 16:36:45 INFO  [MetadataApp] Métadonnées extraites : 18 taona.mp3 — titre='18 taona', artiste='Jeneraly', genre='Folk', durée=231s
2026-07-01 16:36:45 INFO  [MetadataApp] Métadonnées extraites : Lendrema.mp3 — titre='Lendrema', artiste='Mahaleo', genre='Folk', durée=491s
2026-07-01 16:36:45 INFO  [MetadataApp] Métadonnées extraites : 18 taona.mp3 — titre='18 taona', artiste='Jeneraly', genre='Folk', durée=231s
2026-07-01 16:36:45 INFO  [MetadataApp] Métadonnées extraites : Lendrema.mp3 — titre='Lendrema', artiste='Mahaleo', genre='Folk', durée=491s
2026-07-01 16:36:45 INFO  [MetadataApp] Métadonnées extraites : 18 taona.mp3 — titre='18 taona', artiste='Jeneraly', genre='Folk', durée=231s
2026-07-01 16:36:45 INFO  [MetadataApp] Métadonnées extraites : Lendrema.mp3 — titre='Lendrema', artiste='Mahaleo', genre='Folk', durée=491s
2026-07-01 16:36:45 INFO  [MetadataApp] Métadonnées extraites : 18 taona.mp3 — titre='18 taona', artiste='Jeneraly', genre='Folk', durée=231s
2026-07-01 16:36:45 INFO  [MetadataApp] Métadonnées extraites : Lendrema.mp3 — titre='Lendrema', artiste='Mahaleo', genre='Folk', durée=491s
2026-07-01 16:36:45 INFO  [MetadataApp] Métadonnées extraites : 18 taona.mp3 — titre='18 taona', artiste='Jeneraly', genre='Folk', durée=231s
2026-07-01 16:36:45 INFO  [MetadataApp] Métadonnées extraites : Lendrema.mp3 — titre='Lendrema', artiste='Mahaleo', genre='Folk', durée=491s
2026-07-01 16:36:45 INFO  [MetadataApp] Métadonnées extraites : 18 taona.mp3 — titre='18 taona', artiste='Jeneraly', genre='Folk', durée=231s
2026-07-01 16:36:45 INFO  [MetadataApp] Métadonnées extraites : Lendrema.mp3 — titre='Lendrema', artiste='Mahaleo', genre='Folk', durée=491s
2026-07-01 16:36:45 INFO  [MetadataApp] Métadonnées extraites : 18 taona.mp3 — titre='18 taona', artiste='Jeneraly', genre='Folk', durée=231s
2026-07-01 16:36:45 INFO  [MetadataApp] Métadonnées extraites : Lendrema.mp3 — titre='Lendrema', artiste='Mahaleo', genre='Folk', durée=491s
2026-07-01 16:36:45 INFO  [MetadataApp] Métadonnées extraites : 18 taona.mp3 — titre='18 taona', artiste='Jeneraly', genre='Folk', durée=231s
2026-07-01 16:36:45 INFO  [MetadataApp] Métadonnées extraites : Lendrema.mp3 — titre='Lendrema', artiste='Mahaleo', genre='Folk', durée=491s
2026-07-01 16:36:45 INFO  [MetadataApp] Métadonnées extraites : 18 taona.mp3 — titre='18 taona', artiste='Jeneraly', genre='Folk', durée=231s
2026-07-01 16:36:45 INFO  [MetadataApp] Métadonnées extraites : Lendrema.mp3 — titre='Lendrema', artiste='Mahaleo', genre='Folk', durée=491s
2026-07-01 16:36:45 INFO  [MetadataApp] Métadonnées extraites : 18 taona.mp3 — titre='18 taona', artiste='Jeneraly', genre='Folk', durée=231s
2026-07-01 16:36:45 INFO  [MetadataApp] Métadonnées extraites : Lendrema.mp3 — titre='Lendrema', artiste='Mahaleo', genre='Folk', durée=491s
2026-07-01 16:36:45 INFO  [MetadataApp] Métadonnées extraites : 18 taona.mp3 — titre='18 taona', artiste='Jeneraly', genre='Folk', durée=231s
2026-07-01 16:36:45 INFO  [MetadataApp] Métadonnées extraites : Lendrema.mp3 — titre='Lendrema', artiste='Mahaleo', genre='Folk', durée=491s
2026-07-01 16:36:45 INFO  [MetadataApp] Métadonnées extraites : 18 taona.mp3 — titre='18 taona', artiste='Jeneraly', genre='Folk', durée=231s
2026-07-01 16:36:45 INFO  [MetadataApp] Métadonnées extraites : Lendrema.mp3 — titre='Lendrema', artiste='Mahaleo', genre='Folk', durée=491s
2026-07-01 16:36:45 INFO  [MetadataApp] Métadonnées extraites : 18 taona.mp3 — titre='18 taona', artiste='Jeneraly', genre='Folk', durée=231s
2026-07-01 16:36:45 INFO  [MetadataApp] Métadonnées extraites : Lendrema.mp3 — titre='Lendrema', artiste='Mahaleo', genre='Folk', durée=491s
2026-07-01 16:36:45 INFO  [MetadataApp] Métadonnées extraites : 18 taona.mp3 — titre='18 taona', artiste='Jeneraly', genre='Folk', durée=231s
2026-07-01 16:36:45 INFO  [MetadataApp] Métadonnées extraites : Lendrema.mp3 — titre='Lendrema', artiste='Mahaleo', genre='Folk', durée=491s
2026-07-01 16:36:45 INFO  [MetadataApp] Métadonnées extraites : 18 taona.mp3 — titre='18 taona', artiste='Jeneraly', genre='Folk', durée=231s
2026-07-01 16:36:45 INFO  [MetadataApp] Métadonnées extraites : Lendrema.mp3 — titre='Lendrema', artiste='Mahaleo', genre='Folk', durée=491s
2026-07-01 16:36:45 INFO  [MetadataApp] Métadonnées extraites : 18 taona.mp3 — titre='18 taona', artiste='Jeneraly', genre='Folk', durée=231s
2026-07-01 16:36:45 INFO  [MetadataApp] Métadonnées extraites : Lendrema.mp3 — titre='Lendrema', artiste='Mahaleo', genre='Folk', durée=491s
2026-07-01 16:36:45 INFO  [MetadataApp] Métadonnées extraites : 18 taona.mp3 — titre='18 taona', artiste='Jeneraly', genre='Folk', durée=231s
2026-07-01 16:36:45 INFO  [MetadataApp] Métadonnées extraites : Lendrema.mp3 — titre='Lendrema', artiste='Mahaleo', genre='Folk', durée=491s
2026-07-01 16:36:45 INFO  [MetadataApp] Métadonnées extraites : 18 taona.mp3 — titre='18 taona', artiste='Jeneraly', genre='Folk', durée=231s
2026-07-01 16:36:45 INFO  [MetadataApp] Métadonnées extraites : Lendrema.mp3 — titre='Lendrema', artiste='Mahaleo', genre='Folk', durée=491s
2026-07-01 16:36:45 INFO  [MetadataApp] Métadonnées extraites : 18 taona.mp3 — titre='18 taona', artiste='Jeneraly', genre='Folk', durée=231s
2026-07-01 16:36:45 INFO  [MetadataApp] Métadonnées extraites : Lendrema.mp3 — titre='Lendrema', artiste='Mahaleo', genre='Folk', durée=491s
2026-07-01 16:36:45 INFO  [MetadataApp] Métadonnées extraites : 18 taona.mp3 — titre='18 taona', artiste='Jeneraly', genre='Folk', durée=231s
2026-07-01 16:36:45 INFO  [MetadataApp] Métadonnées extraites : Lendrema.mp3 — titre='Lendrema', artiste='Mahaleo', genre='Folk', durée=491s
2026-07-01 16:36:45 INFO  [MetadataApp] Métadonnées extraites : 18 taona.mp3 — titre='18 taona', artiste='Jeneraly', genre='Folk', durée=231s
2026-07-01 16:36:45 INFO  [MetadataApp] Métadonnées extraites : Lendrema.mp3 — titre='Lendrema', artiste='Mahaleo', genre='Folk', durée=491s
2026-07-01 16:36:45 INFO  [MetadataApp] Métadonnées extraites : 18 taona.mp3 — titre='18 taona', artiste='Jeneraly', genre='Folk', durée=231s
2026-07-01 16:36:45 INFO  [MetadataApp] Métadonnées extraites : Lendrema.mp3 — titre='Lendrema', artiste='Mahaleo', genre='Folk', durée=491s
2026-07-01 16:36:45 INFO  [MetadataApp] Métadonnées extraites : 18 taona.mp3 — titre='18 taona', artiste='Jeneraly', genre='Folk', durée=231s
2026-07-01 16:36:45 INFO  [MetadataApp] Métadonnées extraites : Lendrema.mp3 — titre='Lendrema', artiste='Mahaleo', genre='Folk', durée=491s
2026-07-01 16:36:45 INFO  [MetadataApp] Métadonnées extraites : 18 taona.mp3 — titre='18 taona', artiste='Jeneraly', genre='Folk', durée=231s
2026-07-01 16:36:45 INFO  [MetadataApp] Métadonnées extraites : Lendrema.mp3 — titre='Lendrema', artiste='Mahaleo', genre='Folk', durée=491s
2026-07-01 16:36:45 INFO  [MetadataApp] Métadonnées extraites : 18 taona.mp3 — titre='18 taona', artiste='Jeneraly', genre='Folk', durée=231s
2026-07-01 16:36:45 INFO  [MetadataApp] Métadonnées extraites : Lendrema.mp3 — titre='Lendrema', artiste='Mahaleo', genre='Folk', durée=491s
2026-07-01 16:36:45 INFO  [MetadataApp] Métadonnées extraites : 18 taona.mp3 — titre='18 taona', artiste='Jeneraly', genre='Folk', durée=231s
2026-07-01 16:36:45 INFO  [MetadataApp] Métadonnées extraites : Lendrema.mp3 — titre='Lendrema', artiste='Mahaleo', genre='Folk', durée=491s
2026-07-01 16:36:45 INFO  [MetadataApp] Métadonnées extraites : 18 taona.mp3 — titre='18 taona', artiste='Jeneraly', genre='Folk', durée=231s
2026-07-01 16:36:45 INFO  [MetadataApp] Métadonnées extraites : Lendrema.mp3 — titre='Lendrema', artiste='Mahaleo', genre='Folk', durée=491s
2026-07-01 16:36:45 INFO  [MetadataApp] Métadonnées extraites : 18 taona.mp3 — titre='18 taona', artiste='Jeneraly', genre='Folk', durée=231s
2026-07-01 16:36:45 INFO  [MetadataApp] Métadonnées extraites : Lendrema.mp3 — titre='Lendrema', artiste='Mahaleo', genre='Folk', durée=491s
2026-07-01 16:36:45 INFO  [MetadataApp] Métadonnées extraites : 18 taona.mp3 — titre='18 taona', artiste='Jeneraly', genre='Folk', durée=231s
2026-07-01 16:36:45 INFO  [MetadataApp] Métadonnées extraites : Lendrema.mp3 — titre='Lendrema', artiste='Mahaleo', genre='Folk', durée=491s
2026-07-01 16:36:45 INFO  [MetadataApp] Métadonnées extraites : 18 taona.mp3 — titre='18 taona', artiste='Jeneraly', genre='Folk', durée=231s
2026-07-01 16:36:45 INFO  [MetadataApp] Métadonnées extraites : Lendrema.mp3 — titre='Lendrema', artiste='Mahaleo', genre='Folk', durée=491s
2026-07-01 16:36:45 INFO  [MetadataApp] Métadonnées extraites : 18 taona.mp3 — titre='18 taona', artiste='Jeneraly', genre='Folk', durée=231s
2026-07-01 16:36:45 INFO  [MetadataApp] Métadonnées extraites : Lendrema.mp3 — titre='Lendrema', artiste='Mahaleo', genre='Folk', durée=491s
2026-07-01 16:36:45 INFO  [MetadataApp] Métadonnées extraites : 18 taona.mp3 — titre='18 taona', artiste='Jeneraly', genre='Folk', durée=231s
2026-07-01 16:36:45 INFO  [MetadataApp] Métadonnées extraites : Lendrema.mp3 — titre='Lendrema', artiste='Mahaleo', genre='Folk', durée=491s
2026-07-01 16:36:45 INFO  [MetadataApp] Métadonnées extraites : 18 taona.mp3 — titre='18 taona', artiste='Jeneraly', genre='Folk', durée=231s
2026-07-01 16:36:45 INFO  [MetadataApp] Métadonnées extraites : Lendrema.mp3 — titre='Lendrema', artiste='Mahaleo', genre='Folk', durée=491s
2026-07-01 16:36:45 INFO  [MetadataApp] Métadonnées extraites : 18 taona.mp3 — titre='18 taona', artiste='Jeneraly', genre='Folk', durée=231s
2026-07-01 16:36:45 INFO  [MetadataApp] Métadonnées extraites : Lendrema.mp3 — titre='Lendrema', artiste='Mahaleo', genre='Folk', durée=491s
2026-07-01 16:36:45 INFO  [MetadataApp] Métadonnées extraites : 18 taona.mp3 — titre='18 taona', artiste='Jeneraly', genre='Folk', durée=231s
2026-07-01 16:36:45 INFO  [MetadataApp] Métadonnées extraites : Lendrema.mp3 — titre='Lendrema', artiste='Mahaleo', genre='Folk', durée=491s
2026-07-01 16:36:45 INFO  [MetadataApp] Métadonnées extraites : 18 taona.mp3 — titre='18 taona', artiste='Jeneraly', genre='Folk', durée=231s
2026-07-01 16:36:45 INFO  [MetadataApp] Métadonnées extraites : Lendrema.mp3 — titre='Lendrema', artiste='Mahaleo', genre='Folk', durée=491s
2026-07-01 16:36:45 INFO  [MetadataApp] Métadonnées extraites : 18 taona.mp3 — titre='18 taona', artiste='Jeneraly', genre='Folk', durée=231s
2026-07-01 16:36:45 INFO  [MetadataApp] Métadonnées extraites : Lendrema.mp3 — titre='Lendrema', artiste='Mahaleo', genre='Folk', durée=491s
2026-07-01 16:36:45 INFO  [MetadataApp] Métadonnées extraites : 18 taona.mp3 — titre='18 taona', artiste='Jeneraly', genre='Folk', durée=231s
2026-07-01 16:36:45 INFO  [MetadataApp] Métadonnées extraites : Lendrema.mp3 — titre='Lendrema', artiste='Mahaleo', genre='Folk', durée=491s
2026-07-01 16:36:45 INFO  [MetadataApp] Métadonnées extraites : 18 taona.mp3 — titre='18 taona', artiste='Jeneraly', genre='Folk', durée=231s
2026-07-01 16:36:45 INFO  [MetadataApp] Métadonnées extraites : Lendrema.mp3 — titre='Lendrema', artiste='Mahaleo', genre='Folk', durée=491s
2026-07-01 16:36:45 INFO  [MetadataApp] Métadonnées extraites : 18 taona.mp3 — titre='18 taona', artiste='Jeneraly', genre='Folk', durée=231s
2026-07-01 16:36:45 INFO  [MetadataApp] Métadonnées extraites : Lendrema.mp3 — titre='Lendrema', artiste='Mahaleo', genre='Folk', durée=491s
2026-07-01 16:36:45 INFO  [MetadataApp] Métadonnées extraites : 18 taona.mp3 — titre='18 taona', artiste='Jeneraly', genre='Folk', durée=231s
2026-07-01 16:36:45 INFO  [MetadataApp] Métadonnées extraites : Lendrema.mp3 — titre='Lendrema', artiste='Mahaleo', genre='Folk', durée=491s
2026-07-01 16:36:45 INFO  [MetadataApp] Métadonnées extraites : 18 taona.mp3 — titre='18 taona', artiste='Jeneraly', genre='Folk', durée=231s
2026-07-01 16:36:45 INFO  [MetadataApp] Métadonnées extraites : Lendrema.mp3 — titre='Lendrema', artiste='Mahaleo', genre='Folk', durée=491s
2026-07-01 16:36:45 INFO  [MetadataApp] Métadonnées extraites : 18 taona.mp3 — titre='18 taona', artiste='Jeneraly', genre='Folk', durée=231s
2026-07-01 16:36:45 INFO  [MetadataApp] Métadonnées extraites : Lendrema.mp3 — titre='Lendrema', artiste='Mahaleo', genre='Folk', durée=491s
2026-07-01 16:36:45 INFO  [MetadataApp] Métadonnées extraites : 18 taona.mp3 — titre='18 taona', artiste='Jeneraly', genre='Folk', durée=231s
2026-07-01 16:36:45 INFO  [MetadataApp] Métadonnées extraites : Lendrema.mp3 — titre='Lendrema', artiste='Mahaleo', genre='Folk', durée=491s
2026-07-01 16:36:45 INFO  [MetadataApp] Métadonnées extraites : 18 taona.mp3 — titre='18 taona', artiste='Jeneraly', genre='Folk', durée=231s
2026-07-01 16:36:45 INFO  [MetadataApp] Métadonnées extraites : Lendrema.mp3 — titre='Lendrema', artiste='Mahaleo', genre='Folk', durée=491s
2026-07-01 16:36:45 INFO  [MetadataApp] Métadonnées extraites : 18 taona.mp3 — titre='18 taona', artiste='Jeneraly', genre='Folk', durée=231s
2026-07-01 16:36:45 INFO  [MetadataApp] Métadonnées extraites : Lendrema.mp3 — titre='Lendrema', artiste='Mahaleo', genre='Folk', durée=491s
2026-07-01 16:36:45 INFO  [MetadataApp] Métadonnées extraites : 18 taona.mp3 — titre='18 taona', artiste='Jeneraly', genre='Folk', durée=231s
2026-07-01 16:36:45 INFO  [MetadataApp] Métadonnées extraites : Lendrema.mp3 — titre='Lendrema', artiste='Mahaleo', genre='Folk', durée=491s
2026-07-01 16:36:45 INFO  [MetadataApp] Métadonnées extraites : 18 taona.mp3 — titre='18 taona', artiste='Jeneraly', genre='Folk', durée=231s
2026-07-01 16:36:45 INFO  [MetadataApp] Métadonnées extraites : Lendrema.mp3 — titre='Lendrema', artiste='Mahaleo', genre='Folk', durée=491s
2026-07-01 16:36:45 INFO  [MetadataApp] Métadonnées extraites : 18 taona.mp3 — titre='18 taona', artiste='Jeneraly', genre='Folk', durée=231s
2026-07-01 16:36:45 INFO  [MetadataApp] Métadonnées extraites : Lendrema.mp3 — titre='Lendrema', artiste='Mahaleo', genre='Folk', durée=491s
2026-07-01 16:36:54 INFO  [MetadataApp] Métadonnées extraites : 18 taona.mp3 — titre='18 taona', artiste='Jeneraly', genre='Folk', durée=231s
2026-07-01 16:36:54 INFO  [MetadataApp] Métadonnées extraites : Lendrema.mp3 — titre='Lendrema', artiste='Mahaleo', genre='Folk', durée=491s
