2026-07-01 08:33:01 INFO  [UploaderApp] Blacklist chargée : 1 artistes, 1 genres
2026-07-01 08:33:01 INFO  [UploaderApp] P3 Uploader démarré — API=http://localhost:8090 | en attente sur 'queue.metadata'
2026-07-01 08:57:40 INFO  [UploaderApp] Blacklist chargée : 1 artistes, 1 genres
2026-07-01 08:57:40 INFO  [UploaderApp] P3 Uploader démarré — API=http://localhost:8090 | en attente sur 'queue.metadata'
2026-07-01 09:04:35 WARN  [UploaderApp] Fichier blacklisté ignoré et supprimé : Ankino.mp3 (Artiste: Bodo, Genre: Pop)
2026-07-01 09:04:35 INFO  [UploaderApp] Uploadé puis supprimé du répertoire : Antanambao.MP3 (HTTP 201)
2026-07-01 09:04:35 INFO  [UploaderApp] Uploadé puis supprimé du répertoire : IAO.MP3 (HTTP 201)
2026-07-01 09:13:53 INFO  [UploaderApp] Blacklist chargée : 1 artistes, 1 genres
2026-07-01 09:13:53 INFO  [UploaderApp] Durée maximale chargée : 300 secondes
2026-07-01 09:13:53 INFO  [UploaderApp] P3 Uploader démarré — API=http://localhost:8090 | en attente sur 'queue.metadata'
2026-07-01 09:15:39 WARN  [UploaderApp] Fichier blacklisté ignoré (conservé dans le répertoire) : Ankino.mp3 (Artiste: Bodo, Genre: Pop)
2026-07-01 09:15:39 INFO  [UploaderApp] Uploadé puis supprimé du répertoire : Antanambao.MP3 (HTTP 201)
2026-07-01 09:15:39 INFO  [UploaderApp] Uploadé puis supprimé du répertoire : IAO.MP3 (HTTP 201)
2026-07-01 09:16:28 INFO  [UploaderApp] Uploadé puis supprimé du répertoire : Kerchak - Femmes.mp3 (HTTP 201)
2026-07-01 09:16:28 INFO  [UploaderApp] Uploadé puis supprimé du répertoire : Kerchak - Peur feat. @ZiakCC (Clip Officiel).mp3 (HTTP 201)
2026-07-01 09:29:54 INFO  [UploaderApp] Blacklist chargée : 1 artistes, 1 genres
2026-07-01 09:29:54 INFO  [UploaderApp] Durée maximale chargée : 300 secondes
2026-07-01 09:29:54 INFO  [UploaderApp] P3 Uploader démarré — API=http://localhost:8090 | en attente sur 'queue.metadata'
2026-07-01 09:30:00 WARN  [UploaderApp] Fichier blacklisté ignoré (conservé dans le répertoire) : Ankino.mp3 (Artiste: Bodo, Genre: Pop)
2026-07-01 09:30:01 INFO  [UploaderApp] Uploadé puis supprimé du répertoire : Antanambao.MP3 (HTTP 201)
2026-07-01 09:30:01 INFO  [UploaderApp] Uploadé puis supprimé du répertoire : IAO.MP3 (HTTP 201)
2026-07-01 09:30:01 INFO  [UploaderApp] Uploadé puis supprimé du répertoire : Kerchak - Femmes.mp3 (HTTP 201)
2026-07-01 09:30:01 INFO  [UploaderApp] Uploadé puis supprimé du répertoire : Kerchak - Peur feat. @ZiakCC (Clip Officiel).mp3 (HTTP 201)
2026-07-01 09:33:09 WARN  [UploaderApp] Fichier blacklisté ignoré (conservé dans le répertoire) : Ankino.mp3 (Artiste: Bodo, Genre: Pop)
2026-07-01 09:33:09 INFO  [UploaderApp] Uploadé puis supprimé du répertoire : Antanambao.MP3 (HTTP 201)
2026-07-01 09:33:09 INFO  [UploaderApp] Uploadé puis supprimé du répertoire : IAO.MP3 (HTTP 201)
2026-07-01 09:34:19 WARN  [UploaderApp] Fichier blacklisté ignoré (conservé dans le répertoire) : Ankino.mp3 (Artiste: Bodo, Genre: Pop)
2026-07-01 09:34:19 INFO  [UploaderApp] Uploadé puis supprimé du répertoire : Antanambao.MP3 (HTTP 201)
2026-07-01 09:34:19 INFO  [UploaderApp] Uploadé puis supprimé du répertoire : IAO.MP3 (HTTP 201)
2026-07-01 09:37:20 INFO  [UploaderApp] P3 Uploader démarré — API=http://localhost:8090 | en attente sur 'queue.metadata'
2026-07-01 09:38:17 WARN  [UploaderApp] Fichier trop long ignoré (conservé dans le répertoire) : Kerchak - Femmes.mp3 (Durée: 132s, Max: 10s)
2026-07-01 09:38:17 WARN  [UploaderApp] Fichier trop long ignoré (conservé dans le répertoire) : Kerchak - Peur feat. @ZiakCC (Clip Officiel).mp3 (Durée: 191s, Max: 10s)
2026-07-01 09:40:16 WARN  [UploaderApp] Fichier blacklisté ignoré (conservé dans le répertoire) : Ankino.mp3 (Artiste: Bodo, Genre: Pop)
2026-07-01 09:40:16 INFO  [UploaderApp] Uploadé puis supprimé du répertoire : Antanambao.MP3 (HTTP 201)
2026-07-01 09:40:16 INFO  [UploaderApp] Uploadé puis supprimé du répertoire : IAO.MP3 (HTTP 201)
2026-07-01 09:44:56 INFO  [UploaderApp] Uploadé puis supprimé du répertoire : Kerchak - Femmes.mp3 (HTTP 201)
2026-07-01 09:44:56 INFO  [UploaderApp] Uploadé puis supprimé du répertoire : Kerchak - Peur feat. @ZiakCC (Clip Officiel).mp3 (HTTP 201)
2026-07-01 09:50:56 WARN  [UploaderApp] Fichier blacklisté ignoré (conservé dans le répertoire) : Ankino.mp3 (Artiste: Bodo, Genre: Pop)
2026-07-01 09:50:56 INFO  [UploaderApp] Uploadé puis supprimé du répertoire : Antanambao.MP3 (HTTP 201)
2026-07-01 09:50:56 INFO  [UploaderApp] Uploadé puis supprimé du répertoire : IAO.MP3 (HTTP 201)
2026-07-01 09:52:36 INFO  [UploaderApp] Uploadé puis supprimé du répertoire : Kerchak - Femmes.mp3 (HTTP 201)
2026-07-01 09:52:36 INFO  [UploaderApp] Uploadé puis supprimé du répertoire : Kerchak - Peur feat. @ZiakCC (Clip Officiel) - Copie.mp3 (HTTP 201)
2026-07-01 09:52:36 INFO  [UploaderApp] Uploadé puis supprimé du répertoire : Kerchak - Peur feat. @ZiakCC (Clip Officiel).mp3 (HTTP 201)
2026-07-01 09:56:46 INFO  [UploaderApp] Uploadé puis supprimé du répertoire : Kerchak - Femmes.mp3 (HTTP 201)
2026-07-01 09:56:46 INFO  [UploaderApp] Uploadé puis supprimé du répertoire : Kerchak - Peur feat. @ZiakCC (Clip Officiel) - Copie.mp3 (HTTP 201)
2026-07-01 10:05:56 WARN  [UploaderApp] Fichier blacklisté ignoré (conservé dans le répertoire) : Ankino.mp3 (Artiste: Bodo, Genre: Pop)
2026-07-01 10:05:56 WARN  [UploaderApp] Fichier trop long ignoré (conservé dans le répertoire) : Antanambao.MP3 (Durée: 175s, Max: 10s)
2026-07-01 10:05:56 WARN  [UploaderApp] Fichier trop long ignoré (conservé dans le répertoire) : IAO.MP3 (Durée: 229s, Max: 10s)
2026-07-01 10:08:45 INFO  [UploaderApp] P3 Uploader démarré — API=http://localhost:8090 | en attente sur 'queue.metadata'
2026-07-01 10:13:08 INFO  [UploaderApp] P3 Uploader démarré — API=http://localhost:8090 | en attente sur 'queue.metadata'
2026-07-01 10:13:10 WARN  [UploaderApp] Fichier blacklisté ignoré (conservé dans le répertoire) : Ankino.mp3 (Artiste: Bodo, Genre: Pop)
2026-07-01 10:13:10 ERROR [UploaderApp] Échec d'envoi de C:\Users\ttcho\OneDrive\ITU\S6\Naina_Playlist\.\repertoire\Antanambao.MP3 — envoyé en DLQ, fichier conservé : null
2026-07-01 10:13:10 ERROR [UploaderApp] Échec d'envoi de C:\Users\ttcho\OneDrive\ITU\S6\Naina_Playlist\.\repertoire\IAO.MP3 — envoyé en DLQ, fichier conservé : null
2026-07-01 10:13:10 WARN  [UploaderApp] Fichier blacklisté ignoré (conservé dans le répertoire) : Ankino.mp3 (Artiste: Bodo, Genre: Pop)
2026-07-01 10:13:10 ERROR [UploaderApp] Échec d'envoi de C:\Users\ttcho\OneDrive\ITU\S6\Naina_Playlist\.\repertoire\Antanambao.MP3 — envoyé en DLQ, fichier conservé : null
2026-07-01 10:13:10 ERROR [UploaderApp] Échec d'envoi de C:\Users\ttcho\OneDrive\ITU\S6\Naina_Playlist\.\repertoire\IAO.MP3 — envoyé en DLQ, fichier conservé : null
2026-07-01 10:13:10 WARN  [UploaderApp] Fichier blacklisté ignoré (conservé dans le répertoire) : Ankino.mp3 (Artiste: Bodo, Genre: Pop)
2026-07-01 10:13:10 ERROR [UploaderApp] Échec d'envoi de C:\Users\ttcho\OneDrive\ITU\S6\Naina_Playlist\.\repertoire\Antanambao.MP3 — envoyé en DLQ, fichier conservé : null
2026-07-01 10:13:11 ERROR [UploaderApp] Échec d'envoi de C:\Users\ttcho\OneDrive\ITU\S6\Naina_Playlist\.\repertoire\IAO.MP3 — envoyé en DLQ, fichier conservé : null
2026-07-01 10:13:11 WARN  [UploaderApp] Fichier blacklisté ignoré (conservé dans le répertoire) : Ankino.mp3 (Artiste: Bodo, Genre: Pop)
2026-07-01 10:13:11 ERROR [UploaderApp] Échec d'envoi de C:\Users\ttcho\OneDrive\ITU\S6\Naina_Playlist\.\repertoire\Antanambao.MP3 — envoyé en DLQ, fichier conservé : null
2026-07-01 10:13:11 ERROR [UploaderApp] Échec d'envoi de C:\Users\ttcho\OneDrive\ITU\S6\Naina_Playlist\.\repertoire\IAO.MP3 — envoyé en DLQ, fichier conservé : null
2026-07-01 10:13:11 WARN  [UploaderApp] Fichier blacklisté ignoré (conservé dans le répertoire) : Ankino.mp3 (Artiste: Bodo, Genre: Pop)
2026-07-01 10:13:11 ERROR [UploaderApp] Échec d'envoi de C:\Users\ttcho\OneDrive\ITU\S6\Naina_Playlist\.\repertoire\Antanambao.MP3 — envoyé en DLQ, fichier conservé : null
2026-07-01 10:13:11 ERROR [UploaderApp] Échec d'envoi de C:\Users\ttcho\OneDrive\ITU\S6\Naina_Playlist\.\repertoire\IAO.MP3 — envoyé en DLQ, fichier conservé : null
2026-07-01 10:13:11 WARN  [UploaderApp] Fichier blacklisté ignoré (conservé dans le répertoire) : Ankino.mp3 (Artiste: Bodo, Genre: Pop)
2026-07-01 10:13:11 ERROR [UploaderApp] Échec d'envoi de C:\Users\ttcho\OneDrive\ITU\S6\Naina_Playlist\.\repertoire\Antanambao.MP3 — envoyé en DLQ, fichier conservé : null
2026-07-01 10:13:11 ERROR [UploaderApp] Échec d'envoi de C:\Users\ttcho\OneDrive\ITU\S6\Naina_Playlist\.\repertoire\IAO.MP3 — envoyé en DLQ, fichier conservé : null
2026-07-01 10:13:11 WARN  [UploaderApp] Fichier blacklisté ignoré (conservé dans le répertoire) : Ankino.mp3 (Artiste: Bodo, Genre: Pop)
2026-07-01 10:13:11 ERROR [UploaderApp] Échec d'envoi de C:\Users\ttcho\OneDrive\ITU\S6\Naina_Playlist\.\repertoire\Antanambao.MP3 — envoyé en DLQ, fichier conservé : null
2026-07-01 10:13:11 ERROR [UploaderApp] Échec d'envoi de C:\Users\ttcho\OneDrive\ITU\S6\Naina_Playlist\.\repertoire\IAO.MP3 — envoyé en DLQ, fichier conservé : null
2026-07-01 10:13:11 WARN  [UploaderApp] Fichier blacklisté ignoré (conservé dans le répertoire) : Ankino.mp3 (Artiste: Bodo, Genre: Pop)
2026-07-01 10:13:11 ERROR [UploaderApp] Échec d'envoi de C:\Users\ttcho\OneDrive\ITU\S6\Naina_Playlist\.\repertoire\Antanambao.MP3 — envoyé en DLQ, fichier conservé : null
2026-07-01 10:13:11 ERROR [UploaderApp] Échec d'envoi de C:\Users\ttcho\OneDrive\ITU\S6\Naina_Playlist\.\repertoire\IAO.MP3 — envoyé en DLQ, fichier conservé : null
2026-07-01 10:13:11 WARN  [UploaderApp] Fichier blacklisté ignoré (conservé dans le répertoire) : Ankino.mp3 (Artiste: Bodo, Genre: Pop)
2026-07-01 10:13:11 ERROR [UploaderApp] Échec d'envoi de C:\Users\ttcho\OneDrive\ITU\S6\Naina_Playlist\.\repertoire\Antanambao.MP3 — envoyé en DLQ, fichier conservé : null
2026-07-01 10:13:11 ERROR [UploaderApp] Échec d'envoi de C:\Users\ttcho\OneDrive\ITU\S6\Naina_Playlist\.\repertoire\IAO.MP3 — envoyé en DLQ, fichier conservé : null
2026-07-01 10:13:11 WARN  [UploaderApp] Fichier blacklisté ignoré (conservé dans le répertoire) : Ankino.mp3 (Artiste: Bodo, Genre: Pop)
2026-07-01 10:13:11 ERROR [UploaderApp] Échec d'envoi de C:\Users\ttcho\OneDrive\ITU\S6\Naina_Playlist\.\repertoire\Antanambao.MP3 — envoyé en DLQ, fichier conservé : null
2026-07-01 10:13:11 ERROR [UploaderApp] Échec d'envoi de C:\Users\ttcho\OneDrive\ITU\S6\Naina_Playlist\.\repertoire\IAO.MP3 — envoyé en DLQ, fichier conservé : null
2026-07-01 10:13:11 WARN  [UploaderApp] Fichier blacklisté ignoré (conservé dans le répertoire) : Ankino.mp3 (Artiste: Bodo, Genre: Pop)
2026-07-01 10:13:11 ERROR [UploaderApp] Échec d'envoi de C:\Users\ttcho\OneDrive\ITU\S6\Naina_Playlist\.\repertoire\Antanambao.MP3 — envoyé en DLQ, fichier conservé : null
2026-07-01 10:13:11 ERROR [UploaderApp] Échec d'envoi de C:\Users\ttcho\OneDrive\ITU\S6\Naina_Playlist\.\repertoire\IAO.MP3 — envoyé en DLQ, fichier conservé : null
2026-07-01 10:13:12 WARN  [UploaderApp] Fichier blacklisté ignoré (conservé dans le répertoire) : Ankino.mp3 (Artiste: Bodo, Genre: Pop)
2026-07-01 10:13:12 ERROR [UploaderApp] Échec d'envoi de C:\Users\ttcho\OneDrive\ITU\S6\Naina_Playlist\.\repertoire\Antanambao.MP3 — envoyé en DLQ, fichier conservé : null
2026-07-01 10:13:12 ERROR [UploaderApp] Échec d'envoi de C:\Users\ttcho\OneDrive\ITU\S6\Naina_Playlist\.\repertoire\IAO.MP3 — envoyé en DLQ, fichier conservé : null
2026-07-01 10:13:12 WARN  [UploaderApp] Fichier blacklisté ignoré (conservé dans le répertoire) : Ankino.mp3 (Artiste: Bodo, Genre: Pop)
2026-07-01 10:13:12 ERROR [UploaderApp] Échec d'envoi de C:\Users\ttcho\OneDrive\ITU\S6\Naina_Playlist\.\repertoire\Antanambao.MP3 — envoyé en DLQ, fichier conservé : null
2026-07-01 10:13:12 ERROR [UploaderApp] Échec d'envoi de C:\Users\ttcho\OneDrive\ITU\S6\Naina_Playlist\.\repertoire\IAO.MP3 — envoyé en DLQ, fichier conservé : null
2026-07-01 10:13:12 WARN  [UploaderApp] Fichier blacklisté ignoré (conservé dans le répertoire) : Ankino.mp3 (Artiste: Bodo, Genre: Pop)
2026-07-01 10:13:12 ERROR [UploaderApp] Échec d'envoi de C:\Users\ttcho\OneDrive\ITU\S6\Naina_Playlist\.\repertoire\Antanambao.MP3 — envoyé en DLQ, fichier conservé : null
2026-07-01 10:13:12 ERROR [UploaderApp] Échec d'envoi de C:\Users\ttcho\OneDrive\ITU\S6\Naina_Playlist\.\repertoire\IAO.MP3 — envoyé en DLQ, fichier conservé : null
2026-07-01 10:13:12 WARN  [UploaderApp] Fichier blacklisté ignoré (conservé dans le répertoire) : Ankino.mp3 (Artiste: Bodo, Genre: Pop)
2026-07-01 10:13:12 ERROR [UploaderApp] Échec d'envoi de C:\Users\ttcho\OneDrive\ITU\S6\Naina_Playlist\.\repertoire\Antanambao.MP3 — envoyé en DLQ, fichier conservé : null
2026-07-01 10:13:12 ERROR [UploaderApp] Échec d'envoi de C:\Users\ttcho\OneDrive\ITU\S6\Naina_Playlist\.\repertoire\IAO.MP3 — envoyé en DLQ, fichier conservé : null
2026-07-01 10:13:12 WARN  [UploaderApp] Fichier blacklisté ignoré (conservé dans le répertoire) : Ankino.mp3 (Artiste: Bodo, Genre: Pop)
2026-07-01 10:13:12 ERROR [UploaderApp] Échec d'envoi de C:\Users\ttcho\OneDrive\ITU\S6\Naina_Playlist\.\repertoire\Antanambao.MP3 — envoyé en DLQ, fichier conservé : null
2026-07-01 10:13:12 ERROR [UploaderApp] Échec d'envoi de C:\Users\ttcho\OneDrive\ITU\S6\Naina_Playlist\.\repertoire\IAO.MP3 — envoyé en DLQ, fichier conservé : null
2026-07-01 10:13:12 WARN  [UploaderApp] Fichier blacklisté ignoré (conservé dans le répertoire) : Ankino.mp3 (Artiste: Bodo, Genre: Pop)
2026-07-01 10:13:12 ERROR [UploaderApp] Échec d'envoi de C:\Users\ttcho\OneDrive\ITU\S6\Naina_Playlist\.\repertoire\Antanambao.MP3 — envoyé en DLQ, fichier conservé : null
2026-07-01 10:13:12 ERROR [UploaderApp] Échec d'envoi de C:\Users\ttcho\OneDrive\ITU\S6\Naina_Playlist\.\repertoire\IAO.MP3 — envoyé en DLQ, fichier conservé : null
2026-07-01 10:13:12 WARN  [UploaderApp] Fichier blacklisté ignoré (conservé dans le répertoire) : Ankino.mp3 (Artiste: Bodo, Genre: Pop)
2026-07-01 10:13:13 ERROR [UploaderApp] Échec d'envoi de C:\Users\ttcho\OneDrive\ITU\S6\Naina_Playlist\.\repertoire\Antanambao.MP3 — envoyé en DLQ, fichier conservé : null
2026-07-01 10:13:13 ERROR [UploaderApp] Échec d'envoi de C:\Users\ttcho\OneDrive\ITU\S6\Naina_Playlist\.\repertoire\IAO.MP3 — envoyé en DLQ, fichier conservé : null
2026-07-01 10:13:13 WARN  [UploaderApp] Fichier blacklisté ignoré (conservé dans le répertoire) : Ankino.mp3 (Artiste: Bodo, Genre: Pop)
2026-07-01 10:13:13 ERROR [UploaderApp] Échec d'envoi de C:\Users\ttcho\OneDrive\ITU\S6\Naina_Playlist\.\repertoire\Antanambao.MP3 — envoyé en DLQ, fichier conservé : null
2026-07-01 10:13:13 ERROR [UploaderApp] Échec d'envoi de C:\Users\ttcho\OneDrive\ITU\S6\Naina_Playlist\.\repertoire\IAO.MP3 — envoyé en DLQ, fichier conservé : null
2026-07-01 10:13:13 WARN  [UploaderApp] Fichier blacklisté ignoré (conservé dans le répertoire) : Ankino.mp3 (Artiste: Bodo, Genre: Pop)
2026-07-01 10:13:13 ERROR [UploaderApp] Échec d'envoi de C:\Users\ttcho\OneDrive\ITU\S6\Naina_Playlist\.\repertoire\Antanambao.MP3 — envoyé en DLQ, fichier conservé : null
2026-07-01 10:13:13 ERROR [UploaderApp] Échec d'envoi de C:\Users\ttcho\OneDrive\ITU\S6\Naina_Playlist\.\repertoire\IAO.MP3 — envoyé en DLQ, fichier conservé : null
2026-07-01 10:13:13 WARN  [UploaderApp] Fichier blacklisté ignoré (conservé dans le répertoire) : Ankino.mp3 (Artiste: Bodo, Genre: Pop)
2026-07-01 10:13:13 ERROR [UploaderApp] Échec d'envoi de C:\Users\ttcho\OneDrive\ITU\S6\Naina_Playlist\.\repertoire\Antanambao.MP3 — envoyé en DLQ, fichier conservé : null
2026-07-01 10:13:13 ERROR [UploaderApp] Échec d'envoi de C:\Users\ttcho\OneDrive\ITU\S6\Naina_Playlist\.\repertoire\IAO.MP3 — envoyé en DLQ, fichier conservé : null
2026-07-01 10:13:13 WARN  [UploaderApp] Fichier blacklisté ignoré (conservé dans le répertoire) : Ankino.mp3 (Artiste: Bodo, Genre: Pop)
2026-07-01 10:13:13 ERROR [UploaderApp] Échec d'envoi de C:\Users\ttcho\OneDrive\ITU\S6\Naina_Playlist\.\repertoire\Antanambao.MP3 — envoyé en DLQ, fichier conservé : null
2026-07-01 10:13:13 ERROR [UploaderApp] Échec d'envoi de C:\Users\ttcho\OneDrive\ITU\S6\Naina_Playlist\.\repertoire\IAO.MP3 — envoyé en DLQ, fichier conservé : null
2026-07-01 10:13:13 WARN  [UploaderApp] Fichier blacklisté ignoré (conservé dans le répertoire) : Ankino.mp3 (Artiste: Bodo, Genre: Pop)
2026-07-01 10:13:13 ERROR [UploaderApp] Échec d'envoi de C:\Users\ttcho\OneDrive\ITU\S6\Naina_Playlist\.\repertoire\Antanambao.MP3 — envoyé en DLQ, fichier conservé : null
2026-07-01 10:13:13 ERROR [UploaderApp] Échec d'envoi de C:\Users\ttcho\OneDrive\ITU\S6\Naina_Playlist\.\repertoire\IAO.MP3 — envoyé en DLQ, fichier conservé : null
2026-07-01 10:13:13 WARN  [UploaderApp] Fichier blacklisté ignoré (conservé dans le répertoire) : Ankino.mp3 (Artiste: Bodo, Genre: Pop)
2026-07-01 10:13:13 ERROR [UploaderApp] Échec d'envoi de C:\Users\ttcho\OneDrive\ITU\S6\Naina_Playlist\.\repertoire\Antanambao.MP3 — envoyé en DLQ, fichier conservé : null
2026-07-01 10:13:13 ERROR [UploaderApp] Échec d'envoi de C:\Users\ttcho\OneDrive\ITU\S6\Naina_Playlist\.\repertoire\IAO.MP3 — envoyé en DLQ, fichier conservé : null
2026-07-01 10:13:14 WARN  [UploaderApp] Fichier blacklisté ignoré (conservé dans le répertoire) : Ankino.mp3 (Artiste: Bodo, Genre: Pop)
2026-07-01 10:13:14 ERROR [UploaderApp] Échec d'envoi de C:\Users\ttcho\OneDrive\ITU\S6\Naina_Playlist\.\repertoire\Antanambao.MP3 — envoyé en DLQ, fichier conservé : null
2026-07-01 10:13:14 ERROR [UploaderApp] Échec d'envoi de C:\Users\ttcho\OneDrive\ITU\S6\Naina_Playlist\.\repertoire\IAO.MP3 — envoyé en DLQ, fichier conservé : null
2026-07-01 10:13:14 WARN  [UploaderApp] Fichier blacklisté ignoré (conservé dans le répertoire) : Ankino.mp3 (Artiste: Bodo, Genre: Pop)
2026-07-01 10:13:14 ERROR [UploaderApp] Échec d'envoi de C:\Users\ttcho\OneDrive\ITU\S6\Naina_Playlist\.\repertoire\Antanambao.MP3 — envoyé en DLQ, fichier conservé : null
2026-07-01 10:13:14 ERROR [UploaderApp] Échec d'envoi de C:\Users\ttcho\OneDrive\ITU\S6\Naina_Playlist\.\repertoire\IAO.MP3 — envoyé en DLQ, fichier conservé : null
2026-07-01 10:13:22 WARN  [UploaderApp] Fichier blacklisté ignoré (conservé dans le répertoire) : Ankino.mp3 (Artiste: Bodo, Genre: Pop)
2026-07-01 10:13:22 INFO  [UploaderApp] Uploadé puis supprimé du répertoire : Antanambao.MP3 (HTTP 201)
2026-07-01 10:13:22 INFO  [UploaderApp] Uploadé puis supprimé du répertoire : IAO.MP3 (HTTP 201)
2026-07-01 10:13:32 WARN  [UploaderApp] Fichier blacklisté ignoré (conservé dans le répertoire) : Ankino.mp3 (Artiste: Bodo, Genre: Pop)
2026-07-01 10:13:42 WARN  [UploaderApp] Fichier blacklisté ignoré (conservé dans le répertoire) : Ankino.mp3 (Artiste: Bodo, Genre: Pop)
2026-07-01 10:13:52 WARN  [UploaderApp] Fichier blacklisté ignoré (conservé dans le répertoire) : Ankino.mp3 (Artiste: Bodo, Genre: Pop)
2026-07-01 10:14:02 WARN  [UploaderApp] Fichier blacklisté ignoré (conservé dans le répertoire) : Ankino.mp3 (Artiste: Bodo, Genre: Pop)
2026-07-01 10:14:12 WARN  [UploaderApp] Fichier blacklisté ignoré (conservé dans le répertoire) : Ankino.mp3 (Artiste: Bodo, Genre: Pop)
2026-07-01 10:14:22 WARN  [UploaderApp] Fichier blacklisté ignoré (conservé dans le répertoire) : Ankino.mp3 (Artiste: Bodo, Genre: Pop)
2026-07-01 10:14:32 WARN  [UploaderApp] Fichier blacklisté ignoré (conservé dans le répertoire) : Ankino.mp3 (Artiste: Bodo, Genre: Pop)
2026-07-01 10:14:42 WARN  [UploaderApp] Fichier blacklisté ignoré (conservé dans le répertoire) : Ankino.mp3 (Artiste: Bodo, Genre: Pop)
2026-07-01 10:14:52 WARN  [UploaderApp] Fichier blacklisté ignoré (conservé dans le répertoire) : Ankino.mp3 (Artiste: Bodo, Genre: Pop)
2026-07-01 10:15:02 WARN  [UploaderApp] Fichier blacklisté ignoré (conservé dans le répertoire) : Ankino.mp3 (Artiste: Bodo, Genre: Pop)
2026-07-01 10:15:02 WARN  [UploaderApp] Fichier trop long ignoré (conservé dans le répertoire) : Antanambao.MP3 (Durée: 175s, Max: 10s)
2026-07-01 10:15:02 WARN  [UploaderApp] Fichier trop long ignoré (conservé dans le répertoire) : IAO.MP3 (Durée: 229s, Max: 10s)
2026-07-01 10:15:12 WARN  [UploaderApp] Fichier blacklisté ignoré (conservé dans le répertoire) : Ankino.mp3 (Artiste: Bodo, Genre: Pop)
2026-07-01 10:15:12 WARN  [UploaderApp] Fichier trop long ignoré (conservé dans le répertoire) : Antanambao.MP3 (Durée: 175s, Max: 10s)
2026-07-01 10:15:12 WARN  [UploaderApp] Fichier trop long ignoré (conservé dans le répertoire) : IAO.MP3 (Durée: 229s, Max: 10s)
2026-07-01 10:15:22 WARN  [UploaderApp] Fichier blacklisté ignoré (conservé dans le répertoire) : Ankino.mp3 (Artiste: Bodo, Genre: Pop)
2026-07-01 10:15:22 WARN  [UploaderApp] Fichier trop long ignoré (conservé dans le répertoire) : Antanambao.MP3 (Durée: 175s, Max: 10s)
2026-07-01 10:15:22 WARN  [UploaderApp] Fichier trop long ignoré (conservé dans le répertoire) : IAO.MP3 (Durée: 229s, Max: 10s)
2026-07-01 10:15:32 WARN  [UploaderApp] Fichier blacklisté ignoré (conservé dans le répertoire) : Ankino.mp3 (Artiste: Bodo, Genre: Pop)
2026-07-01 10:15:32 INFO  [UploaderApp] Uploadé puis supprimé du répertoire : Antanambao.MP3 (HTTP 201)
2026-07-01 10:15:32 INFO  [UploaderApp] Uploadé puis supprimé du répertoire : IAO.MP3 (HTTP 201)
2026-07-01 10:15:42 WARN  [UploaderApp] Fichier blacklisté ignoré (conservé dans le répertoire) : Ankino.mp3 (Artiste: Bodo, Genre: Pop)
2026-07-01 10:15:52 WARN  [UploaderApp] Fichier blacklisté ignoré (conservé dans le répertoire) : Ankino.mp3 (Artiste: Bodo, Genre: Pop)
2026-07-01 10:16:02 WARN  [UploaderApp] Fichier blacklisté ignoré (conservé dans le répertoire) : Ankino.mp3 (Artiste: Bodo, Genre: Pop)
2026-07-01 10:16:12 WARN  [UploaderApp] Fichier blacklisté ignoré (conservé dans le répertoire) : Ankino.mp3 (Artiste: Bodo, Genre: Pop)
2026-07-01 10:16:22 WARN  [UploaderApp] Fichier blacklisté ignoré (conservé dans le répertoire) : Ankino.mp3 (Artiste: Bodo, Genre: Pop)
2026-07-01 10:16:32 WARN  [UploaderApp] Fichier blacklisté ignoré (conservé dans le répertoire) : Ankino.mp3 (Artiste: Bodo, Genre: Pop)
2026-07-01 10:16:42 WARN  [UploaderApp] Fichier blacklisté ignoré (conservé dans le répertoire) : Ankino.mp3 (Artiste: Bodo, Genre: Pop)
2026-07-01 10:16:52 WARN  [UploaderApp] Fichier blacklisté ignoré (conservé dans le répertoire) : Ankino.mp3 (Artiste: Bodo, Genre: Pop)
2026-07-01 10:17:02 WARN  [UploaderApp] Fichier blacklisté ignoré (conservé dans le répertoire) : Ankino.mp3 (Artiste: Bodo, Genre: Pop)
2026-07-01 10:17:12 WARN  [UploaderApp] Fichier blacklisté ignoré (conservé dans le répertoire) : Ankino.mp3 (Artiste: Bodo, Genre: Pop)
2026-07-01 10:17:22 WARN  [UploaderApp] Fichier blacklisté ignoré (conservé dans le répertoire) : Ankino.mp3 (Artiste: Bodo, Genre: Pop)
2026-07-01 10:17:32 WARN  [UploaderApp] Fichier blacklisté ignoré (conservé dans le répertoire) : Ankino.mp3 (Artiste: Bodo, Genre: Pop)
2026-07-01 10:17:42 WARN  [UploaderApp] Fichier blacklisté ignoré (conservé dans le répertoire) : Ankino.mp3 (Artiste: Bodo, Genre: Pop)
2026-07-01 10:17:52 WARN  [UploaderApp] Fichier blacklisté ignoré (conservé dans le répertoire) : Ankino.mp3 (Artiste: Bodo, Genre: Pop)
2026-07-01 10:18:02 WARN  [UploaderApp] Fichier blacklisté ignoré (conservé dans le répertoire) : Ankino.mp3 (Artiste: Bodo, Genre: Pop)
2026-07-01 10:18:12 WARN  [UploaderApp] Fichier blacklisté ignoré (conservé dans le répertoire) : Ankino.mp3 (Artiste: Bodo, Genre: Pop)
2026-07-01 10:18:22 WARN  [UploaderApp] Fichier blacklisté ignoré (conservé dans le répertoire) : Ankino.mp3 (Artiste: Bodo, Genre: Pop)
2026-07-01 10:18:32 WARN  [UploaderApp] Fichier blacklisté ignoré (conservé dans le répertoire) : Ankino.mp3 (Artiste: Bodo, Genre: Pop)
2026-07-01 10:18:42 WARN  [UploaderApp] Fichier blacklisté ignoré (conservé dans le répertoire) : Ankino.mp3 (Artiste: Bodo, Genre: Pop)
2026-07-01 10:18:52 WARN  [UploaderApp] Fichier blacklisté ignoré (conservé dans le répertoire) : Ankino.mp3 (Artiste: Bodo, Genre: Pop)
2026-07-01 10:19:02 WARN  [UploaderApp] Fichier blacklisté ignoré (conservé dans le répertoire) : Ankino.mp3 (Artiste: Bodo, Genre: Pop)
2026-07-01 10:19:12 WARN  [UploaderApp] Fichier blacklisté ignoré (conservé dans le répertoire) : Ankino.mp3 (Artiste: Bodo, Genre: Pop)
2026-07-01 10:19:22 WARN  [UploaderApp] Fichier blacklisté ignoré (conservé dans le répertoire) : Ankino.mp3 (Artiste: Bodo, Genre: Pop)
2026-07-01 10:19:32 WARN  [UploaderApp] Fichier blacklisté ignoré (conservé dans le répertoire) : Ankino.mp3 (Artiste: Bodo, Genre: Pop)
2026-07-01 10:19:42 WARN  [UploaderApp] Fichier blacklisté ignoré (conservé dans le répertoire) : Ankino.mp3 (Artiste: Bodo, Genre: Pop)
2026-07-01 10:19:52 WARN  [UploaderApp] Fichier blacklisté ignoré (conservé dans le répertoire) : Ankino.mp3 (Artiste: Bodo, Genre: Pop)
2026-07-01 10:20:02 WARN  [UploaderApp] Fichier blacklisté ignoré (conservé dans le répertoire) : Ankino.mp3 (Artiste: Bodo, Genre: Pop)
2026-07-01 10:20:12 WARN  [UploaderApp] Fichier blacklisté ignoré (conservé dans le répertoire) : Ankino.mp3 (Artiste: Bodo, Genre: Pop)
2026-07-01 10:20:22 WARN  [UploaderApp] Fichier blacklisté ignoré (conservé dans le répertoire) : Ankino.mp3 (Artiste: Bodo, Genre: Pop)
2026-07-01 10:20:32 WARN  [UploaderApp] Fichier blacklisté ignoré (conservé dans le répertoire) : Ankino.mp3 (Artiste: Bodo, Genre: Pop)
2026-07-01 10:20:42 WARN  [UploaderApp] Fichier blacklisté ignoré (conservé dans le répertoire) : Ankino.mp3 (Artiste: Bodo, Genre: Pop)
2026-07-01 10:20:52 WARN  [UploaderApp] Fichier blacklisté ignoré (conservé dans le répertoire) : Ankino.mp3 (Artiste: Bodo, Genre: Pop)
2026-07-01 10:21:02 WARN  [UploaderApp] Fichier blacklisté ignoré (conservé dans le répertoire) : Ankino.mp3 (Artiste: Bodo, Genre: Pop)
2026-07-01 10:21:12 WARN  [UploaderApp] Fichier blacklisté ignoré (conservé dans le répertoire) : Ankino.mp3 (Artiste: Bodo, Genre: Pop)
2026-07-01 10:21:22 WARN  [UploaderApp] Fichier blacklisté ignoré (conservé dans le répertoire) : Ankino.mp3 (Artiste: Bodo, Genre: Pop)
2026-07-01 10:21:32 WARN  [UploaderApp] Fichier blacklisté ignoré (conservé dans le répertoire) : Ankino.mp3 (Artiste: Bodo, Genre: Pop)
2026-07-01 10:21:42 WARN  [UploaderApp] Fichier blacklisté ignoré (conservé dans le répertoire) : Ankino.mp3 (Artiste: Bodo, Genre: Pop)
2026-07-01 10:21:52 WARN  [UploaderApp] Fichier blacklisté ignoré (conservé dans le répertoire) : Ankino.mp3 (Artiste: Bodo, Genre: Pop)
2026-07-01 10:22:02 WARN  [UploaderApp] Fichier blacklisté ignoré (conservé dans le répertoire) : Ankino.mp3 (Artiste: Bodo, Genre: Pop)
2026-07-01 10:22:12 WARN  [UploaderApp] Fichier blacklisté ignoré (conservé dans le répertoire) : Ankino.mp3 (Artiste: Bodo, Genre: Pop)
2026-07-01 10:22:22 WARN  [UploaderApp] Fichier blacklisté ignoré (conservé dans le répertoire) : Ankino.mp3 (Artiste: Bodo, Genre: Pop)
2026-07-01 10:22:32 WARN  [UploaderApp] Fichier blacklisté ignoré (conservé dans le répertoire) : Ankino.mp3 (Artiste: Bodo, Genre: Pop)
2026-07-01 10:22:42 WARN  [UploaderApp] Fichier blacklisté ignoré (conservé dans le répertoire) : Ankino.mp3 (Artiste: Bodo, Genre: Pop)
2026-07-01 10:22:52 WARN  [UploaderApp] Fichier blacklisté ignoré (conservé dans le répertoire) : Ankino.mp3 (Artiste: Bodo, Genre: Pop)
2026-07-01 10:23:02 WARN  [UploaderApp] Fichier blacklisté ignoré (conservé dans le répertoire) : Ankino.mp3 (Artiste: Bodo, Genre: Pop)
2026-07-01 10:23:12 WARN  [UploaderApp] Fichier blacklisté ignoré (conservé dans le répertoire) : Ankino.mp3 (Artiste: Bodo, Genre: Pop)
2026-07-01 10:23:22 WARN  [UploaderApp] Fichier blacklisté ignoré (conservé dans le répertoire) : Ankino.mp3 (Artiste: Bodo, Genre: Pop)
2026-07-01 10:23:32 WARN  [UploaderApp] Fichier blacklisté ignoré (conservé dans le répertoire) : Ankino.mp3 (Artiste: Bodo, Genre: Pop)
2026-07-01 10:23:42 WARN  [UploaderApp] Fichier blacklisté ignoré (conservé dans le répertoire) : Ankino.mp3 (Artiste: Bodo, Genre: Pop)
2026-07-01 10:23:52 WARN  [UploaderApp] Fichier blacklisté ignoré (conservé dans le répertoire) : Ankino.mp3 (Artiste: Bodo, Genre: Pop)
2026-07-01 10:24:02 WARN  [UploaderApp] Fichier blacklisté ignoré (conservé dans le répertoire) : Ankino.mp3 (Artiste: Bodo, Genre: Pop)
2026-07-01 10:24:12 WARN  [UploaderApp] Fichier blacklisté ignoré (conservé dans le répertoire) : Ankino.mp3 (Artiste: Bodo, Genre: Pop)
2026-07-01 10:24:22 WARN  [UploaderApp] Fichier blacklisté ignoré (conservé dans le répertoire) : Ankino.mp3 (Artiste: Bodo, Genre: Pop)
2026-07-01 10:24:32 WARN  [UploaderApp] Fichier blacklisté ignoré (conservé dans le répertoire) : Ankino.mp3 (Artiste: Bodo, Genre: Pop)
2026-07-01 10:24:42 WARN  [UploaderApp] Fichier blacklisté ignoré (conservé dans le répertoire) : Ankino.mp3 (Artiste: Bodo, Genre: Pop)
2026-07-01 10:24:52 WARN  [UploaderApp] Fichier blacklisté ignoré (conservé dans le répertoire) : Ankino.mp3 (Artiste: Bodo, Genre: Pop)
2026-07-01 10:25:02 WARN  [UploaderApp] Fichier blacklisté ignoré (conservé dans le répertoire) : Ankino.mp3 (Artiste: Bodo, Genre: Pop)
2026-07-01 10:25:12 WARN  [UploaderApp] Fichier blacklisté ignoré (conservé dans le répertoire) : Ankino.mp3 (Artiste: Bodo, Genre: Pop)
2026-07-01 10:25:22 WARN  [UploaderApp] Fichier blacklisté ignoré (conservé dans le répertoire) : Ankino.mp3 (Artiste: Bodo, Genre: Pop)
2026-07-01 10:25:32 WARN  [UploaderApp] Fichier blacklisté ignoré (conservé dans le répertoire) : Ankino.mp3 (Artiste: Bodo, Genre: Pop)
2026-07-01 10:25:42 WARN  [UploaderApp] Fichier blacklisté ignoré (conservé dans le répertoire) : Ankino.mp3 (Artiste: Bodo, Genre: Pop)
2026-07-01 10:25:52 WARN  [UploaderApp] Fichier blacklisté ignoré (conservé dans le répertoire) : Ankino.mp3 (Artiste: Bodo, Genre: Pop)
2026-07-01 10:26:02 WARN  [UploaderApp] Fichier blacklisté ignoré (conservé dans le répertoire) : Ankino.mp3 (Artiste: Bodo, Genre: Pop)
2026-07-01 10:26:12 WARN  [UploaderApp] Fichier blacklisté ignoré (conservé dans le répertoire) : Ankino.mp3 (Artiste: Bodo, Genre: Pop)
2026-07-01 10:26:22 WARN  [UploaderApp] Fichier blacklisté ignoré (conservé dans le répertoire) : Ankino.mp3 (Artiste: Bodo, Genre: Pop)
2026-07-01 10:26:32 WARN  [UploaderApp] Fichier blacklisté ignoré (conservé dans le répertoire) : Ankino.mp3 (Artiste: Bodo, Genre: Pop)
2026-07-01 10:26:42 WARN  [UploaderApp] Fichier blacklisté ignoré (conservé dans le répertoire) : Ankino.mp3 (Artiste: Bodo, Genre: Pop)
2026-07-01 10:26:52 WARN  [UploaderApp] Fichier blacklisté ignoré (conservé dans le répertoire) : Ankino.mp3 (Artiste: Bodo, Genre: Pop)
2026-07-01 10:27:02 WARN  [UploaderApp] Fichier blacklisté ignoré (conservé dans le répertoire) : Ankino.mp3 (Artiste: Bodo, Genre: Pop)
2026-07-01 10:27:12 WARN  [UploaderApp] Fichier blacklisté ignoré (conservé dans le répertoire) : Ankino.mp3 (Artiste: Bodo, Genre: Pop)
2026-07-01 10:27:22 WARN  [UploaderApp] Fichier blacklisté ignoré (conservé dans le répertoire) : Ankino.mp3 (Artiste: Bodo, Genre: Pop)
2026-07-01 10:27:32 WARN  [UploaderApp] Fichier blacklisté ignoré (conservé dans le répertoire) : Ankino.mp3 (Artiste: Bodo, Genre: Pop)
2026-07-01 10:27:42 WARN  [UploaderApp] Fichier blacklisté ignoré (conservé dans le répertoire) : Ankino.mp3 (Artiste: Bodo, Genre: Pop)
2026-07-01 10:27:52 WARN  [UploaderApp] Fichier blacklisté ignoré (conservé dans le répertoire) : Ankino.mp3 (Artiste: Bodo, Genre: Pop)
2026-07-01 10:28:02 WARN  [UploaderApp] Fichier blacklisté ignoré (conservé dans le répertoire) : Ankino.mp3 (Artiste: Bodo, Genre: Pop)
2026-07-01 10:28:12 WARN  [UploaderApp] Fichier blacklisté ignoré (conservé dans le répertoire) : Ankino.mp3 (Artiste: Bodo, Genre: Pop)
2026-07-01 10:28:22 WARN  [UploaderApp] Fichier blacklisté ignoré (conservé dans le répertoire) : Ankino.mp3 (Artiste: Bodo, Genre: Pop)
2026-07-01 10:28:32 WARN  [UploaderApp] Fichier blacklisté ignoré (conservé dans le répertoire) : Ankino.mp3 (Artiste: Bodo, Genre: Pop)
2026-07-01 10:28:52 WARN  [UploaderApp] Fichier trop long ignoré (conservé dans le répertoire) : Ankino.mp3 (Durée: 231s, Max: 10s)
2026-07-01 10:29:02 INFO  [UploaderApp] Uploadé puis supprimé du répertoire : Ankino.mp3 (HTTP 201)
2026-07-01 10:37:47 INFO  [UploaderApp] P3 Uploader démarré — API=http://localhost:8090 | en attente sur 'queue.metadata'
2026-07-01 10:38:25 WARN  [UploaderApp] Fichier blacklisté ignoré (conservé dans le répertoire) : Ankino.mp3 (Artiste: Bodo, Genre: Pop)
2026-07-01 10:38:25 INFO  [UploaderApp] Uploadé puis supprimé du répertoire : Antanambao.MP3 (HTTP 201)
2026-07-01 10:38:25 INFO  [UploaderApp] Uploadé puis supprimé du répertoire : IAO.MP3 (HTTP 201)
2026-07-01 10:38:34 WARN  [UploaderApp] Fichier blacklisté ignoré (conservé dans le répertoire) : Ankino.mp3 (Artiste: Bodo, Genre: Pop)
2026-07-01 10:38:44 WARN  [UploaderApp] Fichier blacklisté ignoré (conservé dans le répertoire) : Ankino.mp3 (Artiste: Bodo, Genre: Pop)
2026-07-01 10:38:54 WARN  [UploaderApp] Fichier blacklisté ignoré (conservé dans le répertoire) : Ankino.mp3 (Artiste: Bodo, Genre: Pop)
2026-07-01 10:39:04 WARN  [UploaderApp] Fichier blacklisté ignoré (conservé dans le répertoire) : Ankino.mp3 (Artiste: Bodo, Genre: Pop)
2026-07-01 10:39:14 WARN  [UploaderApp] Fichier blacklisté ignoré (conservé dans le répertoire) : Ankino.mp3 (Artiste: Bodo, Genre: Pop)
2026-07-01 10:39:24 WARN  [UploaderApp] Fichier blacklisté ignoré (conservé dans le répertoire) : Ankino.mp3 (Artiste: Bodo, Genre: Pop)
2026-07-01 10:39:34 WARN  [UploaderApp] Fichier blacklisté ignoré (conservé dans le répertoire) : Ankino.mp3 (Artiste: Bodo, Genre: Pop)
2026-07-01 10:39:44 WARN  [UploaderApp] Fichier blacklisté ignoré (conservé dans le répertoire) : Ankino.mp3 (Artiste: Bodo, Genre: Pop)
2026-07-01 10:39:54 WARN  [UploaderApp] Fichier blacklisté ignoré (conservé dans le répertoire) : Ankino.mp3 (Artiste: Bodo, Genre: Pop)
2026-07-01 10:40:04 WARN  [UploaderApp] Fichier blacklisté ignoré (conservé dans le répertoire) : Ankino.mp3 (Artiste: Bodo, Genre: Pop)
2026-07-01 10:40:14 WARN  [UploaderApp] Fichier blacklisté ignoré (conservé dans le répertoire) : Ankino.mp3 (Artiste: Bodo, Genre: Pop)
2026-07-01 10:40:24 WARN  [UploaderApp] Fichier blacklisté ignoré (conservé dans le répertoire) : Ankino.mp3 (Artiste: Bodo, Genre: Pop)
2026-07-01 10:40:34 WARN  [UploaderApp] Fichier blacklisté ignoré (conservé dans le répertoire) : Ankino.mp3 (Artiste: Bodo, Genre: Pop)
2026-07-01 10:40:44 WARN  [UploaderApp] Fichier blacklisté ignoré (conservé dans le répertoire) : Ankino.mp3 (Artiste: Bodo, Genre: Pop)
2026-07-01 10:40:54 WARN  [UploaderApp] Fichier blacklisté ignoré (conservé dans le répertoire) : Ankino.mp3 (Artiste: Bodo, Genre: Pop)
2026-07-01 10:41:04 WARN  [UploaderApp] Fichier blacklisté ignoré (conservé dans le répertoire) : Ankino.mp3 (Artiste: Bodo, Genre: Pop)
2026-07-01 10:41:14 WARN  [UploaderApp] Fichier blacklisté ignoré (conservé dans le répertoire) : Ankino.mp3 (Artiste: Bodo, Genre: Pop)
2026-07-01 10:41:24 WARN  [UploaderApp] Fichier blacklisté ignoré (conservé dans le répertoire) : Ankino.mp3 (Artiste: Bodo, Genre: Pop)
2026-07-01 10:41:34 WARN  [UploaderApp] Fichier blacklisté ignoré (conservé dans le répertoire) : Ankino.mp3 (Artiste: Bodo, Genre: Pop)
2026-07-01 10:41:44 WARN  [UploaderApp] Fichier blacklisté ignoré (conservé dans le répertoire) : Ankino.mp3 (Artiste: Bodo, Genre: Pop)
2026-07-01 10:41:54 WARN  [UploaderApp] Fichier blacklisté ignoré (conservé dans le répertoire) : Ankino.mp3 (Artiste: Bodo, Genre: Pop)
2026-07-01 10:42:04 WARN  [UploaderApp] Fichier blacklisté ignoré (conservé dans le répertoire) : Ankino.mp3 (Artiste: Bodo, Genre: Pop)
2026-07-01 10:42:14 WARN  [UploaderApp] Fichier blacklisté ignoré (conservé dans le répertoire) : Ankino.mp3 (Artiste: Bodo, Genre: Pop)
2026-07-01 10:42:24 WARN  [UploaderApp] Fichier blacklisté ignoré (conservé dans le répertoire) : Ankino.mp3 (Artiste: Bodo, Genre: Pop)
2026-07-01 10:42:34 WARN  [UploaderApp] Fichier blacklisté ignoré (conservé dans le répertoire) : Ankino.mp3 (Artiste: Bodo, Genre: Pop)
2026-07-01 10:42:44 WARN  [UploaderApp] Fichier blacklisté ignoré (conservé dans le répertoire) : Ankino.mp3 (Artiste: Bodo, Genre: Pop)
2026-07-01 10:42:54 WARN  [UploaderApp] Fichier blacklisté ignoré (conservé dans le répertoire) : Ankino.mp3 (Artiste: Bodo, Genre: Pop)
2026-07-01 10:43:04 WARN  [UploaderApp] Fichier blacklisté ignoré (conservé dans le répertoire) : Ankino.mp3 (Artiste: Bodo, Genre: Pop)
2026-07-01 10:43:14 WARN  [UploaderApp] Fichier blacklisté ignoré (conservé dans le répertoire) : Ankino.mp3 (Artiste: Bodo, Genre: Pop)
2026-07-01 10:43:24 WARN  [UploaderApp] Fichier blacklisté ignoré (conservé dans le répertoire) : Ankino.mp3 (Artiste: Bodo, Genre: Pop)
2026-07-01 10:43:34 WARN  [UploaderApp] Fichier blacklisté ignoré (conservé dans le répertoire) : Ankino.mp3 (Artiste: Bodo, Genre: Pop)
2026-07-01 10:43:44 WARN  [UploaderApp] Fichier blacklisté ignoré (conservé dans le répertoire) : Ankino.mp3 (Artiste: Bodo, Genre: Pop)
2026-07-01 10:43:54 WARN  [UploaderApp] Fichier blacklisté ignoré (conservé dans le répertoire) : Ankino.mp3 (Artiste: Bodo, Genre: Pop)
2026-07-01 10:44:04 WARN  [UploaderApp] Fichier blacklisté ignoré (conservé dans le répertoire) : Ankino.mp3 (Artiste: Bodo, Genre: Pop)
2026-07-01 10:44:14 WARN  [UploaderApp] Fichier blacklisté ignoré (conservé dans le répertoire) : Ankino.mp3 (Artiste: Bodo, Genre: Pop)
2026-07-01 10:44:24 WARN  [UploaderApp] Fichier blacklisté ignoré (conservé dans le répertoire) : Ankino.mp3 (Artiste: Bodo, Genre: Pop)
2026-07-01 10:44:34 WARN  [UploaderApp] Fichier blacklisté ignoré (conservé dans le répertoire) : Ankino.mp3 (Artiste: Bodo, Genre: Pop)
2026-07-01 10:44:44 WARN  [UploaderApp] Fichier blacklisté ignoré (conservé dans le répertoire) : Ankino.mp3 (Artiste: Bodo, Genre: Pop)
2026-07-01 10:44:54 WARN  [UploaderApp] Fichier blacklisté ignoré (conservé dans le répertoire) : Ankino.mp3 (Artiste: Bodo, Genre: Pop)
2026-07-01 10:45:04 WARN  [UploaderApp] Fichier blacklisté ignoré (conservé dans le répertoire) : Ankino.mp3 (Artiste: Bodo, Genre: Pop)
2026-07-01 10:45:14 WARN  [UploaderApp] Fichier blacklisté ignoré (conservé dans le répertoire) : Ankino.mp3 (Artiste: Bodo, Genre: Pop)
2026-07-01 10:45:24 WARN  [UploaderApp] Fichier blacklisté ignoré (conservé dans le répertoire) : Ankino.mp3 (Artiste: Bodo, Genre: Pop)
2026-07-01 10:45:34 WARN  [UploaderApp] Fichier blacklisté ignoré (conservé dans le répertoire) : Ankino.mp3 (Artiste: Bodo, Genre: Pop)
2026-07-01 10:45:44 WARN  [UploaderApp] Fichier blacklisté ignoré (conservé dans le répertoire) : Ankino.mp3 (Artiste: Bodo, Genre: Pop)
2026-07-01 10:45:54 WARN  [UploaderApp] Fichier blacklisté ignoré (conservé dans le répertoire) : Ankino.mp3 (Artiste: Bodo, Genre: Pop)
2026-07-01 10:46:04 WARN  [UploaderApp] Fichier blacklisté ignoré (conservé dans le répertoire) : Ankino.mp3 (Artiste: Bodo, Genre: Pop)
2026-07-01 10:46:14 WARN  [UploaderApp] Fichier blacklisté ignoré (conservé dans le répertoire) : Ankino.mp3 (Artiste: Bodo, Genre: Pop)
2026-07-01 10:46:24 WARN  [UploaderApp] Fichier blacklisté ignoré (conservé dans le répertoire) : Ankino.mp3 (Artiste: Bodo, Genre: Pop)
2026-07-01 10:46:34 WARN  [UploaderApp] Fichier blacklisté ignoré (conservé dans le répertoire) : Ankino.mp3 (Artiste: Bodo, Genre: Pop)
2026-07-01 10:46:44 WARN  [UploaderApp] Fichier blacklisté ignoré (conservé dans le répertoire) : Ankino.mp3 (Artiste: Bodo, Genre: Pop)
2026-07-01 10:46:54 WARN  [UploaderApp] Fichier blacklisté ignoré (conservé dans le répertoire) : Ankino.mp3 (Artiste: Bodo, Genre: Pop)
2026-07-01 10:47:04 WARN  [UploaderApp] Fichier blacklisté ignoré (conservé dans le répertoire) : Ankino.mp3 (Artiste: Bodo, Genre: Pop)
2026-07-01 10:47:14 WARN  [UploaderApp] Fichier blacklisté ignoré (conservé dans le répertoire) : Ankino.mp3 (Artiste: Bodo, Genre: Pop)
2026-07-01 10:47:24 WARN  [UploaderApp] Fichier blacklisté ignoré (conservé dans le répertoire) : Ankino.mp3 (Artiste: Bodo, Genre: Pop)
2026-07-01 10:47:34 WARN  [UploaderApp] Fichier blacklisté ignoré (conservé dans le répertoire) : Ankino.mp3 (Artiste: Bodo, Genre: Pop)
2026-07-01 10:47:44 WARN  [UploaderApp] Fichier blacklisté ignoré (conservé dans le répertoire) : Ankino.mp3 (Artiste: Bodo, Genre: Pop)
2026-07-01 10:47:54 WARN  [UploaderApp] Fichier blacklisté ignoré (conservé dans le répertoire) : Ankino.mp3 (Artiste: Bodo, Genre: Pop)
2026-07-01 10:48:04 WARN  [UploaderApp] Fichier blacklisté ignoré (conservé dans le répertoire) : Ankino.mp3 (Artiste: Bodo, Genre: Pop)
2026-07-01 10:48:14 WARN  [UploaderApp] Fichier blacklisté ignoré (conservé dans le répertoire) : Ankino.mp3 (Artiste: Bodo, Genre: Pop)
2026-07-01 10:48:24 WARN  [UploaderApp] Fichier blacklisté ignoré (conservé dans le répertoire) : Ankino.mp3 (Artiste: Bodo, Genre: Pop)
2026-07-01 10:48:34 WARN  [UploaderApp] Fichier blacklisté ignoré (conservé dans le répertoire) : Ankino.mp3 (Artiste: Bodo, Genre: Pop)
2026-07-01 10:48:44 WARN  [UploaderApp] Fichier blacklisté ignoré (conservé dans le répertoire) : Ankino.mp3 (Artiste: Bodo, Genre: Pop)
2026-07-01 10:48:54 WARN  [UploaderApp] Fichier blacklisté ignoré (conservé dans le répertoire) : Ankino.mp3 (Artiste: Bodo, Genre: Pop)
2026-07-01 10:49:04 WARN  [UploaderApp] Fichier blacklisté ignoré (conservé dans le répertoire) : Ankino.mp3 (Artiste: Bodo, Genre: Pop)
2026-07-01 10:49:14 WARN  [UploaderApp] Fichier blacklisté ignoré (conservé dans le répertoire) : Ankino.mp3 (Artiste: Bodo, Genre: Pop)
2026-07-01 10:49:24 WARN  [UploaderApp] Fichier blacklisté ignoré (conservé dans le répertoire) : Ankino.mp3 (Artiste: Bodo, Genre: Pop)
2026-07-01 10:49:34 WARN  [UploaderApp] Fichier blacklisté ignoré (conservé dans le répertoire) : Ankino.mp3 (Artiste: Bodo, Genre: Pop)
2026-07-01 10:49:44 WARN  [UploaderApp] Fichier blacklisté ignoré (conservé dans le répertoire) : Ankino.mp3 (Artiste: Bodo, Genre: Pop)
2026-07-01 10:49:54 WARN  [UploaderApp] Fichier blacklisté ignoré (conservé dans le répertoire) : Ankino.mp3 (Artiste: Bodo, Genre: Pop)
2026-07-01 10:50:04 WARN  [UploaderApp] Fichier blacklisté ignoré (conservé dans le répertoire) : Ankino.mp3 (Artiste: Bodo, Genre: Pop)
2026-07-01 10:50:14 WARN  [UploaderApp] Fichier blacklisté ignoré (conservé dans le répertoire) : Ankino.mp3 (Artiste: Bodo, Genre: Pop)
2026-07-01 10:50:24 WARN  [UploaderApp] Fichier blacklisté ignoré (conservé dans le répertoire) : Ankino.mp3 (Artiste: Bodo, Genre: Pop)
2026-07-01 10:50:34 WARN  [UploaderApp] Fichier blacklisté ignoré (conservé dans le répertoire) : Ankino.mp3 (Artiste: Bodo, Genre: Pop)
2026-07-01 10:50:44 WARN  [UploaderApp] Fichier blacklisté ignoré (conservé dans le répertoire) : Ankino.mp3 (Artiste: Bodo, Genre: Pop)
2026-07-01 10:50:54 WARN  [UploaderApp] Fichier blacklisté ignoré (conservé dans le répertoire) : Ankino.mp3 (Artiste: Bodo, Genre: Pop)
2026-07-01 10:51:04 WARN  [UploaderApp] Fichier blacklisté ignoré (conservé dans le répertoire) : Ankino.mp3 (Artiste: Bodo, Genre: Pop)
2026-07-01 10:51:14 WARN  [UploaderApp] Fichier blacklisté ignoré (conservé dans le répertoire) : Ankino.mp3 (Artiste: Bodo, Genre: Pop)
2026-07-01 10:51:24 WARN  [UploaderApp] Fichier blacklisté ignoré (conservé dans le répertoire) : Ankino.mp3 (Artiste: Bodo, Genre: Pop)
2026-07-01 10:51:34 WARN  [UploaderApp] Fichier blacklisté ignoré (conservé dans le répertoire) : Ankino.mp3 (Artiste: Bodo, Genre: Pop)
2026-07-01 10:51:44 WARN  [UploaderApp] Fichier blacklisté ignoré (conservé dans le répertoire) : Ankino.mp3 (Artiste: Bodo, Genre: Pop)
2026-07-01 10:51:54 WARN  [UploaderApp] Fichier blacklisté ignoré (conservé dans le répertoire) : Ankino.mp3 (Artiste: Bodo, Genre: Pop)
2026-07-01 10:52:04 WARN  [UploaderApp] Fichier blacklisté ignoré (conservé dans le répertoire) : Ankino.mp3 (Artiste: Bodo, Genre: Pop)
2026-07-01 10:52:14 WARN  [UploaderApp] Fichier blacklisté ignoré (conservé dans le répertoire) : Ankino.mp3 (Artiste: Bodo, Genre: Pop)
2026-07-01 10:52:24 WARN  [UploaderApp] Fichier blacklisté ignoré (conservé dans le répertoire) : Ankino.mp3 (Artiste: Bodo, Genre: Pop)
2026-07-01 10:52:34 WARN  [UploaderApp] Fichier blacklisté ignoré (conservé dans le répertoire) : Ankino.mp3 (Artiste: Bodo, Genre: Pop)
2026-07-01 10:52:44 WARN  [UploaderApp] Fichier blacklisté ignoré (conservé dans le répertoire) : Ankino.mp3 (Artiste: Bodo, Genre: Pop)
2026-07-01 10:52:54 WARN  [UploaderApp] Fichier blacklisté ignoré (conservé dans le répertoire) : Ankino.mp3 (Artiste: Bodo, Genre: Pop)
2026-07-01 10:53:04 WARN  [UploaderApp] Fichier blacklisté ignoré (conservé dans le répertoire) : Ankino.mp3 (Artiste: Bodo, Genre: Pop)
2026-07-01 10:53:14 WARN  [UploaderApp] Fichier blacklisté ignoré (conservé dans le répertoire) : Ankino.mp3 (Artiste: Bodo, Genre: Pop)
2026-07-01 10:53:24 WARN  [UploaderApp] Fichier blacklisté ignoré (conservé dans le répertoire) : Ankino.mp3 (Artiste: Bodo, Genre: Pop)
2026-07-01 10:53:34 WARN  [UploaderApp] Fichier blacklisté ignoré (conservé dans le répertoire) : Ankino.mp3 (Artiste: Bodo, Genre: Pop)
2026-07-01 10:53:44 WARN  [UploaderApp] Fichier blacklisté ignoré (conservé dans le répertoire) : Ankino.mp3 (Artiste: Bodo, Genre: Pop)
2026-07-01 10:53:54 WARN  [UploaderApp] Fichier blacklisté ignoré (conservé dans le répertoire) : Ankino.mp3 (Artiste: Bodo, Genre: Pop)
2026-07-01 14:21:14 INFO  [UploaderApp] Uploadé puis supprimé du répertoire : 18 taona.mp3 (HTTP 201)
2026-07-01 14:21:14 INFO  [UploaderApp] Uploadé puis supprimé du répertoire : Fiainana kely.mp3 (HTTP 201)
2026-07-01 14:21:14 INFO  [UploaderApp] Uploadé puis supprimé du répertoire : Fitiavana mamiratra.mp3 (HTTP 201)
2026-07-01 14:21:14 INFO  [UploaderApp] Uploadé puis supprimé du répertoire : Hay ve.mp3 (HTTP 201)
2026-07-01 14:21:14 WARN  [UploaderApp] Fichier trop long ignoré (conservé dans le répertoire) : Lendrema.mp3 (Durée: 491s, Max: 300s)
2026-07-01 14:21:14 INFO  [UploaderApp] Uploadé puis supprimé du répertoire : Mama.MP3 (HTTP 201)
2026-07-01 14:21:15 INFO  [UploaderApp] Uploadé puis supprimé du répertoire : Manahy aho.MP3 (HTTP 201)
2026-07-01 14:21:15 INFO  [UploaderApp] Uploadé puis supprimé du répertoire : Misy antony.mp3 (HTTP 201)
2026-07-01 14:21:15 WARN  [UploaderApp] Fichier trop long ignoré (conservé dans le répertoire) : Ny itiavako anao.mp3 (Durée: 301s, Max: 300s)
2026-07-01 14:21:15 WARN  [UploaderApp] Fichier trop long ignoré (conservé dans le répertoire) : Ny tena fitia.mp3 (Durée: 346s, Max: 300s)
2026-07-01 14:21:15 INFO  [UploaderApp] Uploadé puis supprimé du répertoire : Rakojavona.MP3 (HTTP 201)
2026-07-01 14:21:15 INFO  [UploaderApp] Uploadé puis supprimé du répertoire : Tambazako.mp3 (HTTP 201)
2026-07-01 14:21:24 WARN  [UploaderApp] Fichier trop long ignoré (conservé dans le répertoire) : Lendrema.mp3 (Durée: 491s, Max: 300s)
2026-07-01 14:21:24 WARN  [UploaderApp] Fichier trop long ignoré (conservé dans le répertoire) : Ny itiavako anao.mp3 (Durée: 301s, Max: 300s)
2026-07-01 14:21:24 WARN  [UploaderApp] Fichier trop long ignoré (conservé dans le répertoire) : Ny tena fitia.mp3 (Durée: 346s, Max: 300s)
2026-07-01 14:21:34 WARN  [UploaderApp] Fichier trop long ignoré (conservé dans le répertoire) : Lendrema.mp3 (Durée: 491s, Max: 300s)
2026-07-01 14:21:34 WARN  [UploaderApp] Fichier trop long ignoré (conservé dans le répertoire) : Ny itiavako anao.mp3 (Durée: 301s, Max: 300s)
2026-07-01 14:21:34 WARN  [UploaderApp] Fichier trop long ignoré (conservé dans le répertoire) : Ny tena fitia.mp3 (Durée: 346s, Max: 300s)
2026-07-01 14:21:44 WARN  [UploaderApp] Fichier trop long ignoré (conservé dans le répertoire) : Lendrema.mp3 (Durée: 491s, Max: 300s)
2026-07-01 14:21:44 WARN  [UploaderApp] Fichier trop long ignoré (conservé dans le répertoire) : Ny itiavako anao.mp3 (Durée: 301s, Max: 300s)
2026-07-01 14:21:44 WARN  [UploaderApp] Fichier trop long ignoré (conservé dans le répertoire) : Ny tena fitia.mp3 (Durée: 346s, Max: 300s)
2026-07-01 14:33:44 WARN  [UploaderApp] Fichier blacklisté ignoré (conservé dans le répertoire) : 18 taona.mp3 (Artiste: Jeneraly, Genre: Folk)
2026-07-01 14:33:44 INFO  [UploaderApp] Uploadé puis supprimé du répertoire : Fiainana kely.mp3 (HTTP 201)
2026-07-01 14:33:44 INFO  [UploaderApp] Uploadé puis supprimé du répertoire : Fitiavana mamiratra.mp3 (HTTP 201)
2026-07-01 14:33:44 INFO  [UploaderApp] Uploadé puis supprimé du répertoire : Hay ve.mp3 (HTTP 201)
2026-07-01 14:33:44 WARN  [UploaderApp] Fichier trop long ignoré (conservé dans le répertoire) : Lendrema.mp3 (Durée: 491s, Max: 360s)
2026-07-01 14:33:44 INFO  [UploaderApp] Uploadé puis supprimé du répertoire : Mama.MP3 (HTTP 201)
2026-07-01 14:33:44 INFO  [UploaderApp] Uploadé puis supprimé du répertoire : Manahy aho.MP3 (HTTP 201)
2026-07-01 14:33:44 INFO  [UploaderApp] Uploadé puis supprimé du répertoire : Misy antony.mp3 (HTTP 201)
2026-07-01 14:33:44 INFO  [UploaderApp] Uploadé puis supprimé du répertoire : Ny itiavako anao.mp3 (HTTP 201)
2026-07-01 14:33:44 INFO  [UploaderApp] Uploadé puis supprimé du répertoire : Ny tena fitia.mp3 (HTTP 201)
2026-07-01 14:33:44 INFO  [UploaderApp] Uploadé puis supprimé du répertoire : Rakojavona.MP3 (HTTP 201)
2026-07-01 14:33:45 INFO  [UploaderApp] Uploadé puis supprimé du répertoire : Tambazako.mp3 (HTTP 201)
2026-07-01 14:33:54 WARN  [UploaderApp] Fichier blacklisté ignoré (conservé dans le répertoire) : 18 taona.mp3 (Artiste: Jeneraly, Genre: Folk)
2026-07-01 14:33:54 WARN  [UploaderApp] Fichier trop long ignoré (conservé dans le répertoire) : Lendrema.mp3 (Durée: 491s, Max: 360s)
2026-07-01 14:34:04 WARN  [UploaderApp] Fichier blacklisté ignoré (conservé dans le répertoire) : 18 taona.mp3 (Artiste: Jeneraly, Genre: Folk)
2026-07-01 14:34:04 WARN  [UploaderApp] Fichier trop long ignoré (conservé dans le répertoire) : Lendrema.mp3 (Durée: 491s, Max: 360s)
2026-07-01 14:34:14 WARN  [UploaderApp] Fichier blacklisté ignoré (conservé dans le répertoire) : 18 taona.mp3 (Artiste: Jeneraly, Genre: Folk)
2026-07-01 14:34:14 WARN  [UploaderApp] Fichier trop long ignoré (conservé dans le répertoire) : Lendrema.mp3 (Durée: 491s, Max: 360s)
2026-07-01 14:34:24 WARN  [UploaderApp] Fichier blacklisté ignoré (conservé dans le répertoire) : 18 taona.mp3 (Artiste: Jeneraly, Genre: Folk)
2026-07-01 14:34:24 WARN  [UploaderApp] Fichier trop long ignoré (conservé dans le répertoire) : Lendrema.mp3 (Durée: 491s, Max: 360s)
2026-07-01 14:34:34 WARN  [UploaderApp] Fichier blacklisté ignoré (conservé dans le répertoire) : 18 taona.mp3 (Artiste: Jeneraly, Genre: Folk)
2026-07-01 14:34:34 WARN  [UploaderApp] Fichier trop long ignoré (conservé dans le répertoire) : Lendrema.mp3 (Durée: 491s, Max: 360s)
2026-07-01 14:34:44 WARN  [UploaderApp] Fichier blacklisté ignoré (conservé dans le répertoire) : 18 taona.mp3 (Artiste: Jeneraly, Genre: Folk)
2026-07-01 14:34:44 WARN  [UploaderApp] Fichier trop long ignoré (conservé dans le répertoire) : Lendrema.mp3 (Durée: 491s, Max: 360s)
2026-07-01 14:34:54 WARN  [UploaderApp] Fichier blacklisté ignoré (conservé dans le répertoire) : 18 taona.mp3 (Artiste: Jeneraly, Genre: Folk)
2026-07-01 14:34:54 WARN  [UploaderApp] Fichier trop long ignoré (conservé dans le répertoire) : Lendrema.mp3 (Durée: 491s, Max: 360s)
2026-07-01 14:35:04 WARN  [UploaderApp] Fichier blacklisté ignoré (conservé dans le répertoire) : 18 taona.mp3 (Artiste: Jeneraly, Genre: Folk)
2026-07-01 14:35:04 WARN  [UploaderApp] Fichier trop long ignoré (conservé dans le répertoire) : Lendrema.mp3 (Durée: 491s, Max: 360s)
2026-07-01 14:35:14 WARN  [UploaderApp] Fichier blacklisté ignoré (conservé dans le répertoire) : 18 taona.mp3 (Artiste: Jeneraly, Genre: Folk)
2026-07-01 14:35:14 WARN  [UploaderApp] Fichier trop long ignoré (conservé dans le répertoire) : Lendrema.mp3 (Durée: 491s, Max: 360s)
2026-07-01 14:35:24 WARN  [UploaderApp] Fichier blacklisté ignoré (conservé dans le répertoire) : 18 taona.mp3 (Artiste: Jeneraly, Genre: Folk)
2026-07-01 14:35:24 WARN  [UploaderApp] Fichier trop long ignoré (conservé dans le répertoire) : Lendrema.mp3 (Durée: 491s, Max: 360s)
2026-07-01 14:35:34 WARN  [UploaderApp] Fichier blacklisté ignoré (conservé dans le répertoire) : 18 taona.mp3 (Artiste: Jeneraly, Genre: Folk)
2026-07-01 14:35:34 WARN  [UploaderApp] Fichier trop long ignoré (conservé dans le répertoire) : Lendrema.mp3 (Durée: 491s, Max: 360s)
2026-07-01 14:35:44 WARN  [UploaderApp] Fichier blacklisté ignoré (conservé dans le répertoire) : 18 taona.mp3 (Artiste: Jeneraly, Genre: Folk)
2026-07-01 14:35:44 WARN  [UploaderApp] Fichier trop long ignoré (conservé dans le répertoire) : Lendrema.mp3 (Durée: 491s, Max: 360s)
2026-07-01 14:35:54 WARN  [UploaderApp] Fichier blacklisté ignoré (conservé dans le répertoire) : 18 taona.mp3 (Artiste: Jeneraly, Genre: Folk)
2026-07-01 14:35:54 WARN  [UploaderApp] Fichier trop long ignoré (conservé dans le répertoire) : Lendrema.mp3 (Durée: 491s, Max: 360s)
2026-07-01 14:36:04 WARN  [UploaderApp] Fichier blacklisté ignoré (conservé dans le répertoire) : 18 taona.mp3 (Artiste: Jeneraly, Genre: Folk)
2026-07-01 14:36:04 WARN  [UploaderApp] Fichier trop long ignoré (conservé dans le répertoire) : Lendrema.mp3 (Durée: 491s, Max: 360s)
2026-07-01 14:36:14 WARN  [UploaderApp] Fichier blacklisté ignoré (conservé dans le répertoire) : 18 taona.mp3 (Artiste: Jeneraly, Genre: Folk)
2026-07-01 14:36:14 WARN  [UploaderApp] Fichier trop long ignoré (conservé dans le répertoire) : Lendrema.mp3 (Durée: 491s, Max: 360s)
2026-07-01 14:36:24 WARN  [UploaderApp] Fichier blacklisté ignoré (conservé dans le répertoire) : 18 taona.mp3 (Artiste: Jeneraly, Genre: Folk)
2026-07-01 14:36:24 WARN  [UploaderApp] Fichier trop long ignoré (conservé dans le répertoire) : Lendrema.mp3 (Durée: 491s, Max: 360s)
2026-07-01 14:36:34 WARN  [UploaderApp] Fichier blacklisté ignoré (conservé dans le répertoire) : 18 taona.mp3 (Artiste: Jeneraly, Genre: Folk)
2026-07-01 14:36:34 WARN  [UploaderApp] Fichier trop long ignoré (conservé dans le répertoire) : Lendrema.mp3 (Durée: 491s, Max: 360s)
2026-07-01 14:36:44 WARN  [UploaderApp] Fichier blacklisté ignoré (conservé dans le répertoire) : 18 taona.mp3 (Artiste: Jeneraly, Genre: Folk)
2026-07-01 14:36:44 WARN  [UploaderApp] Fichier trop long ignoré (conservé dans le répertoire) : Lendrema.mp3 (Durée: 491s, Max: 360s)
2026-07-01 14:36:54 WARN  [UploaderApp] Fichier blacklisté ignoré (conservé dans le répertoire) : 18 taona.mp3 (Artiste: Jeneraly, Genre: Folk)
2026-07-01 14:36:54 WARN  [UploaderApp] Fichier trop long ignoré (conservé dans le répertoire) : Lendrema.mp3 (Durée: 491s, Max: 360s)
2026-07-01 14:37:04 WARN  [UploaderApp] Fichier blacklisté ignoré (conservé dans le répertoire) : 18 taona.mp3 (Artiste: Jeneraly, Genre: Folk)
2026-07-01 14:37:04 WARN  [UploaderApp] Fichier trop long ignoré (conservé dans le répertoire) : Lendrema.mp3 (Durée: 491s, Max: 360s)
2026-07-01 14:37:14 WARN  [UploaderApp] Fichier blacklisté ignoré (conservé dans le répertoire) : 18 taona.mp3 (Artiste: Jeneraly, Genre: Folk)
2026-07-01 14:37:14 WARN  [UploaderApp] Fichier trop long ignoré (conservé dans le répertoire) : Lendrema.mp3 (Durée: 491s, Max: 360s)
2026-07-01 14:37:24 WARN  [UploaderApp] Fichier blacklisté ignoré (conservé dans le répertoire) : 18 taona.mp3 (Artiste: Jeneraly, Genre: Folk)
2026-07-01 14:37:24 WARN  [UploaderApp] Fichier trop long ignoré (conservé dans le répertoire) : Lendrema.mp3 (Durée: 491s, Max: 360s)
2026-07-01 14:37:34 WARN  [UploaderApp] Fichier blacklisté ignoré (conservé dans le répertoire) : 18 taona.mp3 (Artiste: Jeneraly, Genre: Folk)
2026-07-01 14:37:34 WARN  [UploaderApp] Fichier trop long ignoré (conservé dans le répertoire) : Lendrema.mp3 (Durée: 491s, Max: 360s)
2026-07-01 14:37:44 WARN  [UploaderApp] Fichier blacklisté ignoré (conservé dans le répertoire) : 18 taona.mp3 (Artiste: Jeneraly, Genre: Folk)
2026-07-01 14:37:44 WARN  [UploaderApp] Fichier trop long ignoré (conservé dans le répertoire) : Lendrema.mp3 (Durée: 491s, Max: 360s)
2026-07-01 14:37:54 WARN  [UploaderApp] Fichier blacklisté ignoré (conservé dans le répertoire) : 18 taona.mp3 (Artiste: Jeneraly, Genre: Folk)
2026-07-01 14:37:54 WARN  [UploaderApp] Fichier trop long ignoré (conservé dans le répertoire) : Lendrema.mp3 (Durée: 491s, Max: 360s)
2026-07-01 14:38:04 WARN  [UploaderApp] Fichier blacklisté ignoré (conservé dans le répertoire) : 18 taona.mp3 (Artiste: Jeneraly, Genre: Folk)
2026-07-01 14:38:04 WARN  [UploaderApp] Fichier trop long ignoré (conservé dans le répertoire) : Lendrema.mp3 (Durée: 491s, Max: 360s)
2026-07-01 14:38:14 WARN  [UploaderApp] Fichier blacklisté ignoré (conservé dans le répertoire) : 18 taona.mp3 (Artiste: Jeneraly, Genre: Folk)
2026-07-01 14:38:14 WARN  [UploaderApp] Fichier trop long ignoré (conservé dans le répertoire) : Lendrema.mp3 (Durée: 491s, Max: 360s)
2026-07-01 14:38:24 WARN  [UploaderApp] Fichier blacklisté ignoré (conservé dans le répertoire) : 18 taona.mp3 (Artiste: Jeneraly, Genre: Folk)
2026-07-01 14:38:24 WARN  [UploaderApp] Fichier trop long ignoré (conservé dans le répertoire) : Lendrema.mp3 (Durée: 491s, Max: 360s)
2026-07-01 14:38:34 WARN  [UploaderApp] Fichier blacklisté ignoré (conservé dans le répertoire) : 18 taona.mp3 (Artiste: Jeneraly, Genre: Folk)
2026-07-01 14:38:34 WARN  [UploaderApp] Fichier trop long ignoré (conservé dans le répertoire) : Lendrema.mp3 (Durée: 491s, Max: 360s)
2026-07-01 14:38:44 WARN  [UploaderApp] Fichier blacklisté ignoré (conservé dans le répertoire) : 18 taona.mp3 (Artiste: Jeneraly, Genre: Folk)
2026-07-01 14:38:44 WARN  [UploaderApp] Fichier trop long ignoré (conservé dans le répertoire) : Lendrema.mp3 (Durée: 491s, Max: 360s)
2026-07-01 14:38:54 WARN  [UploaderApp] Fichier blacklisté ignoré (conservé dans le répertoire) : 18 taona.mp3 (Artiste: Jeneraly, Genre: Folk)
2026-07-01 14:38:54 WARN  [UploaderApp] Fichier trop long ignoré (conservé dans le répertoire) : Lendrema.mp3 (Durée: 491s, Max: 360s)
2026-07-01 14:39:04 WARN  [UploaderApp] Fichier blacklisté ignoré (conservé dans le répertoire) : 18 taona.mp3 (Artiste: Jeneraly, Genre: Folk)
2026-07-01 14:39:04 WARN  [UploaderApp] Fichier trop long ignoré (conservé dans le répertoire) : Lendrema.mp3 (Durée: 491s, Max: 360s)
2026-07-01 14:39:14 WARN  [UploaderApp] Fichier blacklisté ignoré (conservé dans le répertoire) : 18 taona.mp3 (Artiste: Jeneraly, Genre: Folk)
2026-07-01 14:39:14 WARN  [UploaderApp] Fichier trop long ignoré (conservé dans le répertoire) : Lendrema.mp3 (Durée: 491s, Max: 360s)
2026-07-01 14:39:24 WARN  [UploaderApp] Fichier blacklisté ignoré (conservé dans le répertoire) : 18 taona.mp3 (Artiste: Jeneraly, Genre: Folk)
2026-07-01 14:39:24 WARN  [UploaderApp] Fichier trop long ignoré (conservé dans le répertoire) : Lendrema.mp3 (Durée: 491s, Max: 360s)
2026-07-01 14:39:34 WARN  [UploaderApp] Fichier blacklisté ignoré (conservé dans le répertoire) : 18 taona.mp3 (Artiste: Jeneraly, Genre: Folk)
2026-07-01 14:39:34 WARN  [UploaderApp] Fichier trop long ignoré (conservé dans le répertoire) : Lendrema.mp3 (Durée: 491s, Max: 360s)
2026-07-01 14:39:44 WARN  [UploaderApp] Fichier blacklisté ignoré (conservé dans le répertoire) : 18 taona.mp3 (Artiste: Jeneraly, Genre: Folk)
2026-07-01 14:39:44 WARN  [UploaderApp] Fichier trop long ignoré (conservé dans le répertoire) : Lendrema.mp3 (Durée: 491s, Max: 360s)
2026-07-01 14:39:54 WARN  [UploaderApp] Fichier blacklisté ignoré (conservé dans le répertoire) : 18 taona.mp3 (Artiste: Jeneraly, Genre: Folk)
2026-07-01 14:39:54 WARN  [UploaderApp] Fichier trop long ignoré (conservé dans le répertoire) : Lendrema.mp3 (Durée: 491s, Max: 360s)
2026-07-01 14:40:04 WARN  [UploaderApp] Fichier blacklisté ignoré (conservé dans le répertoire) : 18 taona.mp3 (Artiste: Jeneraly, Genre: Folk)
2026-07-01 14:40:04 WARN  [UploaderApp] Fichier trop long ignoré (conservé dans le répertoire) : Lendrema.mp3 (Durée: 491s, Max: 360s)
2026-07-01 14:40:14 WARN  [UploaderApp] Fichier blacklisté ignoré (conservé dans le répertoire) : 18 taona.mp3 (Artiste: Jeneraly, Genre: Folk)
2026-07-01 14:40:14 WARN  [UploaderApp] Fichier trop long ignoré (conservé dans le répertoire) : Lendrema.mp3 (Durée: 491s, Max: 360s)
2026-07-01 14:40:24 WARN  [UploaderApp] Fichier blacklisté ignoré (conservé dans le répertoire) : 18 taona.mp3 (Artiste: Jeneraly, Genre: Folk)
2026-07-01 14:40:24 WARN  [UploaderApp] Fichier trop long ignoré (conservé dans le répertoire) : Lendrema.mp3 (Durée: 491s, Max: 360s)
2026-07-01 14:40:34 WARN  [UploaderApp] Fichier blacklisté ignoré (conservé dans le répertoire) : 18 taona.mp3 (Artiste: Jeneraly, Genre: Folk)
2026-07-01 14:40:34 WARN  [UploaderApp] Fichier trop long ignoré (conservé dans le répertoire) : Lendrema.mp3 (Durée: 491s, Max: 360s)
2026-07-01 14:40:44 WARN  [UploaderApp] Fichier blacklisté ignoré (conservé dans le répertoire) : 18 taona.mp3 (Artiste: Jeneraly, Genre: Folk)
2026-07-01 14:40:44 WARN  [UploaderApp] Fichier trop long ignoré (conservé dans le répertoire) : Lendrema.mp3 (Durée: 491s, Max: 360s)
2026-07-01 14:40:54 WARN  [UploaderApp] Fichier blacklisté ignoré (conservé dans le répertoire) : 18 taona.mp3 (Artiste: Jeneraly, Genre: Folk)
2026-07-01 14:40:54 WARN  [UploaderApp] Fichier trop long ignoré (conservé dans le répertoire) : Lendrema.mp3 (Durée: 491s, Max: 360s)
2026-07-01 14:41:04 WARN  [UploaderApp] Fichier blacklisté ignoré (conservé dans le répertoire) : 18 taona.mp3 (Artiste: Jeneraly, Genre: Folk)
2026-07-01 14:41:04 WARN  [UploaderApp] Fichier trop long ignoré (conservé dans le répertoire) : Lendrema.mp3 (Durée: 491s, Max: 360s)
2026-07-01 14:41:14 WARN  [UploaderApp] Fichier blacklisté ignoré (conservé dans le répertoire) : 18 taona.mp3 (Artiste: Jeneraly, Genre: Folk)
2026-07-01 14:41:14 WARN  [UploaderApp] Fichier trop long ignoré (conservé dans le répertoire) : Lendrema.mp3 (Durée: 491s, Max: 360s)
2026-07-01 14:41:24 WARN  [UploaderApp] Fichier blacklisté ignoré (conservé dans le répertoire) : 18 taona.mp3 (Artiste: Jeneraly, Genre: Folk)
2026-07-01 14:41:24 WARN  [UploaderApp] Fichier trop long ignoré (conservé dans le répertoire) : Lendrema.mp3 (Durée: 491s, Max: 360s)
2026-07-01 14:41:34 WARN  [UploaderApp] Fichier blacklisté ignoré (conservé dans le répertoire) : 18 taona.mp3 (Artiste: Jeneraly, Genre: Folk)
2026-07-01 14:41:34 WARN  [UploaderApp] Fichier trop long ignoré (conservé dans le répertoire) : Lendrema.mp3 (Durée: 491s, Max: 360s)
2026-07-01 14:41:44 WARN  [UploaderApp] Fichier blacklisté ignoré (conservé dans le répertoire) : 18 taona.mp3 (Artiste: Jeneraly, Genre: Folk)
2026-07-01 14:41:44 WARN  [UploaderApp] Fichier trop long ignoré (conservé dans le répertoire) : Lendrema.mp3 (Durée: 491s, Max: 360s)
2026-07-01 14:41:54 WARN  [UploaderApp] Fichier blacklisté ignoré (conservé dans le répertoire) : 18 taona.mp3 (Artiste: Jeneraly, Genre: Folk)
2026-07-01 14:41:54 WARN  [UploaderApp] Fichier trop long ignoré (conservé dans le répertoire) : Lendrema.mp3 (Durée: 491s, Max: 360s)
2026-07-01 14:42:04 WARN  [UploaderApp] Fichier blacklisté ignoré (conservé dans le répertoire) : 18 taona.mp3 (Artiste: Jeneraly, Genre: Folk)
2026-07-01 14:42:04 WARN  [UploaderApp] Fichier trop long ignoré (conservé dans le répertoire) : Lendrema.mp3 (Durée: 491s, Max: 360s)
2026-07-01 14:42:14 WARN  [UploaderApp] Fichier blacklisté ignoré (conservé dans le répertoire) : 18 taona.mp3 (Artiste: Jeneraly, Genre: Folk)
2026-07-01 14:42:14 WARN  [UploaderApp] Fichier trop long ignoré (conservé dans le répertoire) : Lendrema.mp3 (Durée: 491s, Max: 360s)
2026-07-01 14:42:24 WARN  [UploaderApp] Fichier blacklisté ignoré (conservé dans le répertoire) : 18 taona.mp3 (Artiste: Jeneraly, Genre: Folk)
2026-07-01 14:42:24 WARN  [UploaderApp] Fichier trop long ignoré (conservé dans le répertoire) : Lendrema.mp3 (Durée: 491s, Max: 360s)
2026-07-01 14:42:34 WARN  [UploaderApp] Fichier blacklisté ignoré (conservé dans le répertoire) : 18 taona.mp3 (Artiste: Jeneraly, Genre: Folk)
2026-07-01 14:42:34 WARN  [UploaderApp] Fichier trop long ignoré (conservé dans le répertoire) : Lendrema.mp3 (Durée: 491s, Max: 360s)
2026-07-01 14:42:44 WARN  [UploaderApp] Fichier blacklisté ignoré (conservé dans le répertoire) : 18 taona.mp3 (Artiste: Jeneraly, Genre: Folk)
2026-07-01 14:42:44 WARN  [UploaderApp] Fichier trop long ignoré (conservé dans le répertoire) : Lendrema.mp3 (Durée: 491s, Max: 360s)
2026-07-01 14:42:54 WARN  [UploaderApp] Fichier blacklisté ignoré (conservé dans le répertoire) : 18 taona.mp3 (Artiste: Jeneraly, Genre: Folk)
2026-07-01 14:42:54 WARN  [UploaderApp] Fichier trop long ignoré (conservé dans le répertoire) : Lendrema.mp3 (Durée: 491s, Max: 360s)
2026-07-01 14:43:04 WARN  [UploaderApp] Fichier blacklisté ignoré (conservé dans le répertoire) : 18 taona.mp3 (Artiste: Jeneraly, Genre: Folk)
2026-07-01 14:43:04 WARN  [UploaderApp] Fichier trop long ignoré (conservé dans le répertoire) : Lendrema.mp3 (Durée: 491s, Max: 360s)
2026-07-01 14:43:14 WARN  [UploaderApp] Fichier blacklisté ignoré (conservé dans le répertoire) : 18 taona.mp3 (Artiste: Jeneraly, Genre: Folk)
2026-07-01 14:43:14 WARN  [UploaderApp] Fichier trop long ignoré (conservé dans le répertoire) : Lendrema.mp3 (Durée: 491s, Max: 360s)
2026-07-01 14:43:24 WARN  [UploaderApp] Fichier blacklisté ignoré (conservé dans le répertoire) : 18 taona.mp3 (Artiste: Jeneraly, Genre: Folk)
2026-07-01 14:43:24 WARN  [UploaderApp] Fichier trop long ignoré (conservé dans le répertoire) : Lendrema.mp3 (Durée: 491s, Max: 360s)
2026-07-01 14:43:34 WARN  [UploaderApp] Fichier blacklisté ignoré (conservé dans le répertoire) : 18 taona.mp3 (Artiste: Jeneraly, Genre: Folk)
2026-07-01 14:43:34 WARN  [UploaderApp] Fichier trop long ignoré (conservé dans le répertoire) : Lendrema.mp3 (Durée: 491s, Max: 360s)
2026-07-01 14:43:44 WARN  [UploaderApp] Fichier blacklisté ignoré (conservé dans le répertoire) : 18 taona.mp3 (Artiste: Jeneraly, Genre: Folk)
2026-07-01 14:43:44 WARN  [UploaderApp] Fichier trop long ignoré (conservé dans le répertoire) : Lendrema.mp3 (Durée: 491s, Max: 360s)
2026-07-01 14:43:54 WARN  [UploaderApp] Fichier blacklisté ignoré (conservé dans le répertoire) : 18 taona.mp3 (Artiste: Jeneraly, Genre: Folk)
2026-07-01 14:43:54 WARN  [UploaderApp] Fichier trop long ignoré (conservé dans le répertoire) : Lendrema.mp3 (Durée: 491s, Max: 360s)
2026-07-01 14:44:04 WARN  [UploaderApp] Fichier blacklisté ignoré (conservé dans le répertoire) : 18 taona.mp3 (Artiste: Jeneraly, Genre: Folk)
2026-07-01 14:44:04 WARN  [UploaderApp] Fichier trop long ignoré (conservé dans le répertoire) : Lendrema.mp3 (Durée: 491s, Max: 360s)
2026-07-01 14:44:14 WARN  [UploaderApp] Fichier blacklisté ignoré (conservé dans le répertoire) : 18 taona.mp3 (Artiste: Jeneraly, Genre: Folk)
2026-07-01 14:44:14 WARN  [UploaderApp] Fichier trop long ignoré (conservé dans le répertoire) : Lendrema.mp3 (Durée: 491s, Max: 360s)
2026-07-01 14:44:24 WARN  [UploaderApp] Fichier blacklisté ignoré (conservé dans le répertoire) : 18 taona.mp3 (Artiste: Jeneraly, Genre: Folk)
2026-07-01 14:44:24 WARN  [UploaderApp] Fichier trop long ignoré (conservé dans le répertoire) : Lendrema.mp3 (Durée: 491s, Max: 360s)
2026-07-01 14:44:34 WARN  [UploaderApp] Fichier blacklisté ignoré (conservé dans le répertoire) : 18 taona.mp3 (Artiste: Jeneraly, Genre: Folk)
2026-07-01 14:44:34 WARN  [UploaderApp] Fichier trop long ignoré (conservé dans le répertoire) : Lendrema.mp3 (Durée: 491s, Max: 360s)
2026-07-01 14:44:44 WARN  [UploaderApp] Fichier blacklisté ignoré (conservé dans le répertoire) : 18 taona.mp3 (Artiste: Jeneraly, Genre: Folk)
2026-07-01 14:44:44 WARN  [UploaderApp] Fichier trop long ignoré (conservé dans le répertoire) : Lendrema.mp3 (Durée: 491s, Max: 360s)
2026-07-01 14:44:54 WARN  [UploaderApp] Fichier blacklisté ignoré (conservé dans le répertoire) : 18 taona.mp3 (Artiste: Jeneraly, Genre: Folk)
2026-07-01 14:44:54 WARN  [UploaderApp] Fichier trop long ignoré (conservé dans le répertoire) : Lendrema.mp3 (Durée: 491s, Max: 360s)
2026-07-01 14:45:04 WARN  [UploaderApp] Fichier blacklisté ignoré (conservé dans le répertoire) : 18 taona.mp3 (Artiste: Jeneraly, Genre: Folk)
2026-07-01 14:45:04 WARN  [UploaderApp] Fichier trop long ignoré (conservé dans le répertoire) : Lendrema.mp3 (Durée: 491s, Max: 360s)
2026-07-01 14:45:14 WARN  [UploaderApp] Fichier blacklisté ignoré (conservé dans le répertoire) : 18 taona.mp3 (Artiste: Jeneraly, Genre: Folk)
2026-07-01 14:45:14 WARN  [UploaderApp] Fichier trop long ignoré (conservé dans le répertoire) : Lendrema.mp3 (Durée: 491s, Max: 360s)
2026-07-01 14:45:24 WARN  [UploaderApp] Fichier blacklisté ignoré (conservé dans le répertoire) : 18 taona.mp3 (Artiste: Jeneraly, Genre: Folk)
2026-07-01 14:45:24 WARN  [UploaderApp] Fichier trop long ignoré (conservé dans le répertoire) : Lendrema.mp3 (Durée: 491s, Max: 360s)
2026-07-01 14:45:34 WARN  [UploaderApp] Fichier blacklisté ignoré (conservé dans le répertoire) : 18 taona.mp3 (Artiste: Jeneraly, Genre: Folk)
2026-07-01 14:45:34 WARN  [UploaderApp] Fichier trop long ignoré (conservé dans le répertoire) : Lendrema.mp3 (Durée: 491s, Max: 360s)
2026-07-01 14:45:44 WARN  [UploaderApp] Fichier blacklisté ignoré (conservé dans le répertoire) : 18 taona.mp3 (Artiste: Jeneraly, Genre: Folk)
2026-07-01 14:45:44 WARN  [UploaderApp] Fichier trop long ignoré (conservé dans le répertoire) : Lendrema.mp3 (Durée: 491s, Max: 360s)
2026-07-01 14:45:54 WARN  [UploaderApp] Fichier blacklisté ignoré (conservé dans le répertoire) : 18 taona.mp3 (Artiste: Jeneraly, Genre: Folk)
2026-07-01 14:45:54 WARN  [UploaderApp] Fichier trop long ignoré (conservé dans le répertoire) : Lendrema.mp3 (Durée: 491s, Max: 360s)
2026-07-01 14:46:04 WARN  [UploaderApp] Fichier blacklisté ignoré (conservé dans le répertoire) : 18 taona.mp3 (Artiste: Jeneraly, Genre: Folk)
2026-07-01 14:46:04 WARN  [UploaderApp] Fichier trop long ignoré (conservé dans le répertoire) : Lendrema.mp3 (Durée: 491s, Max: 360s)
2026-07-01 14:46:14 WARN  [UploaderApp] Fichier blacklisté ignoré (conservé dans le répertoire) : 18 taona.mp3 (Artiste: Jeneraly, Genre: Folk)
2026-07-01 14:46:14 WARN  [UploaderApp] Fichier trop long ignoré (conservé dans le répertoire) : Lendrema.mp3 (Durée: 491s, Max: 360s)
2026-07-01 14:46:24 WARN  [UploaderApp] Fichier blacklisté ignoré (conservé dans le répertoire) : 18 taona.mp3 (Artiste: Jeneraly, Genre: Folk)
2026-07-01 14:46:24 WARN  [UploaderApp] Fichier trop long ignoré (conservé dans le répertoire) : Lendrema.mp3 (Durée: 491s, Max: 360s)
2026-07-01 14:46:34 WARN  [UploaderApp] Fichier blacklisté ignoré (conservé dans le répertoire) : 18 taona.mp3 (Artiste: Jeneraly, Genre: Folk)
2026-07-01 14:46:34 WARN  [UploaderApp] Fichier trop long ignoré (conservé dans le répertoire) : Lendrema.mp3 (Durée: 491s, Max: 360s)
2026-07-01 14:46:44 WARN  [UploaderApp] Fichier blacklisté ignoré (conservé dans le répertoire) : 18 taona.mp3 (Artiste: Jeneraly, Genre: Folk)
2026-07-01 14:46:44 WARN  [UploaderApp] Fichier trop long ignoré (conservé dans le répertoire) : Lendrema.mp3 (Durée: 491s, Max: 360s)
2026-07-01 14:46:54 WARN  [UploaderApp] Fichier blacklisté ignoré (conservé dans le répertoire) : 18 taona.mp3 (Artiste: Jeneraly, Genre: Folk)
2026-07-01 14:46:54 WARN  [UploaderApp] Fichier trop long ignoré (conservé dans le répertoire) : Lendrema.mp3 (Durée: 491s, Max: 360s)
2026-07-01 14:47:04 WARN  [UploaderApp] Fichier blacklisté ignoré (conservé dans le répertoire) : 18 taona.mp3 (Artiste: Jeneraly, Genre: Folk)
2026-07-01 14:47:04 WARN  [UploaderApp] Fichier trop long ignoré (conservé dans le répertoire) : Lendrema.mp3 (Durée: 491s, Max: 360s)
2026-07-01 14:47:14 WARN  [UploaderApp] Fichier blacklisté ignoré (conservé dans le répertoire) : 18 taona.mp3 (Artiste: Jeneraly, Genre: Folk)
2026-07-01 14:47:14 WARN  [UploaderApp] Fichier trop long ignoré (conservé dans le répertoire) : Lendrema.mp3 (Durée: 491s, Max: 360s)
2026-07-01 14:47:24 WARN  [UploaderApp] Fichier blacklisté ignoré (conservé dans le répertoire) : 18 taona.mp3 (Artiste: Jeneraly, Genre: Folk)
2026-07-01 14:47:24 WARN  [UploaderApp] Fichier trop long ignoré (conservé dans le répertoire) : Lendrema.mp3 (Durée: 491s, Max: 360s)
2026-07-01 14:47:34 WARN  [UploaderApp] Fichier blacklisté ignoré (conservé dans le répertoire) : 18 taona.mp3 (Artiste: Jeneraly, Genre: Folk)
2026-07-01 14:47:34 WARN  [UploaderApp] Fichier trop long ignoré (conservé dans le répertoire) : Lendrema.mp3 (Durée: 491s, Max: 360s)
2026-07-01 14:47:44 WARN  [UploaderApp] Fichier blacklisté ignoré (conservé dans le répertoire) : 18 taona.mp3 (Artiste: Jeneraly, Genre: Folk)
2026-07-01 14:47:44 WARN  [UploaderApp] Fichier trop long ignoré (conservé dans le répertoire) : Lendrema.mp3 (Durée: 491s, Max: 360s)
2026-07-01 14:47:54 WARN  [UploaderApp] Fichier blacklisté ignoré (conservé dans le répertoire) : 18 taona.mp3 (Artiste: Jeneraly, Genre: Folk)
2026-07-01 14:47:54 WARN  [UploaderApp] Fichier trop long ignoré (conservé dans le répertoire) : Lendrema.mp3 (Durée: 491s, Max: 360s)
2026-07-01 14:48:04 WARN  [UploaderApp] Fichier blacklisté ignoré (conservé dans le répertoire) : 18 taona.mp3 (Artiste: Jeneraly, Genre: Folk)
2026-07-01 14:48:04 WARN  [UploaderApp] Fichier trop long ignoré (conservé dans le répertoire) : Lendrema.mp3 (Durée: 491s, Max: 360s)
2026-07-01 14:48:14 WARN  [UploaderApp] Fichier blacklisté ignoré (conservé dans le répertoire) : 18 taona.mp3 (Artiste: Jeneraly, Genre: Folk)
2026-07-01 14:48:14 WARN  [UploaderApp] Fichier trop long ignoré (conservé dans le répertoire) : Lendrema.mp3 (Durée: 491s, Max: 360s)
2026-07-01 14:48:24 WARN  [UploaderApp] Fichier blacklisté ignoré (conservé dans le répertoire) : 18 taona.mp3 (Artiste: Jeneraly, Genre: Folk)
2026-07-01 14:48:24 WARN  [UploaderApp] Fichier trop long ignoré (conservé dans le répertoire) : Lendrema.mp3 (Durée: 491s, Max: 360s)
2026-07-01 14:48:34 WARN  [UploaderApp] Fichier blacklisté ignoré (conservé dans le répertoire) : 18 taona.mp3 (Artiste: Jeneraly, Genre: Folk)
2026-07-01 14:48:34 WARN  [UploaderApp] Fichier trop long ignoré (conservé dans le répertoire) : Lendrema.mp3 (Durée: 491s, Max: 360s)
2026-07-01 14:48:44 WARN  [UploaderApp] Fichier blacklisté ignoré (conservé dans le répertoire) : 18 taona.mp3 (Artiste: Jeneraly, Genre: Folk)
2026-07-01 14:48:44 WARN  [UploaderApp] Fichier trop long ignoré (conservé dans le répertoire) : Lendrema.mp3 (Durée: 491s, Max: 360s)
2026-07-01 14:48:54 WARN  [UploaderApp] Fichier blacklisté ignoré (conservé dans le répertoire) : 18 taona.mp3 (Artiste: Jeneraly, Genre: Folk)
2026-07-01 14:48:54 WARN  [UploaderApp] Fichier trop long ignoré (conservé dans le répertoire) : Lendrema.mp3 (Durée: 491s, Max: 360s)
2026-07-01 14:49:04 WARN  [UploaderApp] Fichier blacklisté ignoré (conservé dans le répertoire) : 18 taona.mp3 (Artiste: Jeneraly, Genre: Folk)
2026-07-01 14:49:04 WARN  [UploaderApp] Fichier trop long ignoré (conservé dans le répertoire) : Lendrema.mp3 (Durée: 491s, Max: 360s)
2026-07-01 14:49:14 WARN  [UploaderApp] Fichier blacklisté ignoré (conservé dans le répertoire) : 18 taona.mp3 (Artiste: Jeneraly, Genre: Folk)
2026-07-01 14:49:14 WARN  [UploaderApp] Fichier trop long ignoré (conservé dans le répertoire) : Lendrema.mp3 (Durée: 491s, Max: 360s)
2026-07-01 14:49:24 WARN  [UploaderApp] Fichier blacklisté ignoré (conservé dans le répertoire) : 18 taona.mp3 (Artiste: Jeneraly, Genre: Folk)
2026-07-01 14:49:24 WARN  [UploaderApp] Fichier trop long ignoré (conservé dans le répertoire) : Lendrema.mp3 (Durée: 491s, Max: 360s)
2026-07-01 14:49:34 WARN  [UploaderApp] Fichier blacklisté ignoré (conservé dans le répertoire) : 18 taona.mp3 (Artiste: Jeneraly, Genre: Folk)
2026-07-01 14:49:34 WARN  [UploaderApp] Fichier trop long ignoré (conservé dans le répertoire) : Lendrema.mp3 (Durée: 491s, Max: 360s)
2026-07-01 14:49:44 WARN  [UploaderApp] Fichier blacklisté ignoré (conservé dans le répertoire) : 18 taona.mp3 (Artiste: Jeneraly, Genre: Folk)
2026-07-01 14:49:44 WARN  [UploaderApp] Fichier trop long ignoré (conservé dans le répertoire) : Lendrema.mp3 (Durée: 491s, Max: 360s)
2026-07-01 14:49:54 WARN  [UploaderApp] Fichier blacklisté ignoré (conservé dans le répertoire) : 18 taona.mp3 (Artiste: Jeneraly, Genre: Folk)
2026-07-01 14:49:54 WARN  [UploaderApp] Fichier trop long ignoré (conservé dans le répertoire) : Lendrema.mp3 (Durée: 491s, Max: 360s)
2026-07-01 14:50:04 WARN  [UploaderApp] Fichier blacklisté ignoré (conservé dans le répertoire) : 18 taona.mp3 (Artiste: Jeneraly, Genre: Folk)
2026-07-01 14:50:04 WARN  [UploaderApp] Fichier trop long ignoré (conservé dans le répertoire) : Lendrema.mp3 (Durée: 491s, Max: 360s)
2026-07-01 14:50:14 WARN  [UploaderApp] Fichier blacklisté ignoré (conservé dans le répertoire) : 18 taona.mp3 (Artiste: Jeneraly, Genre: Folk)
2026-07-01 14:50:14 WARN  [UploaderApp] Fichier trop long ignoré (conservé dans le répertoire) : Lendrema.mp3 (Durée: 491s, Max: 360s)
2026-07-01 14:50:24 WARN  [UploaderApp] Fichier blacklisté ignoré (conservé dans le répertoire) : 18 taona.mp3 (Artiste: Jeneraly, Genre: Folk)
2026-07-01 14:50:24 WARN  [UploaderApp] Fichier trop long ignoré (conservé dans le répertoire) : Lendrema.mp3 (Durée: 491s, Max: 360s)
2026-07-01 14:50:34 WARN  [UploaderApp] Fichier blacklisté ignoré (conservé dans le répertoire) : 18 taona.mp3 (Artiste: Jeneraly, Genre: Folk)
2026-07-01 14:50:34 WARN  [UploaderApp] Fichier trop long ignoré (conservé dans le répertoire) : Lendrema.mp3 (Durée: 491s, Max: 360s)
2026-07-01 14:50:44 WARN  [UploaderApp] Fichier blacklisté ignoré (conservé dans le répertoire) : 18 taona.mp3 (Artiste: Jeneraly, Genre: Folk)
2026-07-01 14:50:44 WARN  [UploaderApp] Fichier trop long ignoré (conservé dans le répertoire) : Lendrema.mp3 (Durée: 491s, Max: 360s)
2026-07-01 14:50:54 WARN  [UploaderApp] Fichier blacklisté ignoré (conservé dans le répertoire) : 18 taona.mp3 (Artiste: Jeneraly, Genre: Folk)
2026-07-01 14:50:54 WARN  [UploaderApp] Fichier trop long ignoré (conservé dans le répertoire) : Lendrema.mp3 (Durée: 491s, Max: 360s)
2026-07-01 14:51:04 WARN  [UploaderApp] Fichier blacklisté ignoré (conservé dans le répertoire) : 18 taona.mp3 (Artiste: Jeneraly, Genre: Folk)
2026-07-01 14:51:04 WARN  [UploaderApp] Fichier trop long ignoré (conservé dans le répertoire) : Lendrema.mp3 (Durée: 491s, Max: 360s)
2026-07-01 14:51:14 WARN  [UploaderApp] Fichier blacklisté ignoré (conservé dans le répertoire) : 18 taona.mp3 (Artiste: Jeneraly, Genre: Folk)
2026-07-01 14:51:14 WARN  [UploaderApp] Fichier trop long ignoré (conservé dans le répertoire) : Lendrema.mp3 (Durée: 491s, Max: 360s)
2026-07-01 14:51:24 WARN  [UploaderApp] Fichier blacklisté ignoré (conservé dans le répertoire) : 18 taona.mp3 (Artiste: Jeneraly, Genre: Folk)
2026-07-01 14:51:24 WARN  [UploaderApp] Fichier trop long ignoré (conservé dans le répertoire) : Lendrema.mp3 (Durée: 491s, Max: 360s)
2026-07-01 14:51:34 WARN  [UploaderApp] Fichier blacklisté ignoré (conservé dans le répertoire) : 18 taona.mp3 (Artiste: Jeneraly, Genre: Folk)
2026-07-01 14:51:34 WARN  [UploaderApp] Fichier trop long ignoré (conservé dans le répertoire) : Lendrema.mp3 (Durée: 491s, Max: 360s)
2026-07-01 14:51:44 WARN  [UploaderApp] Fichier blacklisté ignoré (conservé dans le répertoire) : 18 taona.mp3 (Artiste: Jeneraly, Genre: Folk)
2026-07-01 14:51:44 WARN  [UploaderApp] Fichier trop long ignoré (conservé dans le répertoire) : Lendrema.mp3 (Durée: 491s, Max: 360s)
2026-07-01 14:51:54 WARN  [UploaderApp] Fichier blacklisté ignoré (conservé dans le répertoire) : 18 taona.mp3 (Artiste: Jeneraly, Genre: Folk)
2026-07-01 14:51:54 WARN  [UploaderApp] Fichier trop long ignoré (conservé dans le répertoire) : Lendrema.mp3 (Durée: 491s, Max: 360s)
2026-07-01 14:53:13 WARN  [UploaderApp] Fichier blacklisté ignoré (conservé dans le répertoire) : 18 taona.mp3 (Artiste: Jeneraly, Genre: Folk)
2026-07-01 14:53:13 WARN  [UploaderApp] Fichier trop long ignoré (conservé dans le répertoire) : Lendrema.mp3 (Durée: 491s, Max: 360s)
2026-07-01 14:53:13 WARN  [UploaderApp] Fichier blacklisté ignoré (conservé dans le répertoire) : 18 taona.mp3 (Artiste: Jeneraly, Genre: Folk)
2026-07-01 14:53:13 WARN  [UploaderApp] Fichier trop long ignoré (conservé dans le répertoire) : Lendrema.mp3 (Durée: 491s, Max: 360s)
2026-07-01 14:53:13 WARN  [UploaderApp] Fichier blacklisté ignoré (conservé dans le répertoire) : 18 taona.mp3 (Artiste: Jeneraly, Genre: Folk)
2026-07-01 14:53:13 WARN  [UploaderApp] Fichier trop long ignoré (conservé dans le répertoire) : Lendrema.mp3 (Durée: 491s, Max: 360s)
2026-07-01 14:53:13 WARN  [UploaderApp] Fichier blacklisté ignoré (conservé dans le répertoire) : 18 taona.mp3 (Artiste: Jeneraly, Genre: Folk)
2026-07-01 14:53:14 WARN  [UploaderApp] Fichier trop long ignoré (conservé dans le répertoire) : Lendrema.mp3 (Durée: 491s, Max: 360s)
2026-07-01 14:53:14 WARN  [UploaderApp] Fichier blacklisté ignoré (conservé dans le répertoire) : 18 taona.mp3 (Artiste: Jeneraly, Genre: Folk)
2026-07-01 14:53:14 WARN  [UploaderApp] Fichier trop long ignoré (conservé dans le répertoire) : Lendrema.mp3 (Durée: 491s, Max: 360s)
2026-07-01 14:53:14 WARN  [UploaderApp] Fichier blacklisté ignoré (conservé dans le répertoire) : 18 taona.mp3 (Artiste: Jeneraly, Genre: Folk)
2026-07-01 14:53:14 WARN  [UploaderApp] Fichier trop long ignoré (conservé dans le répertoire) : Lendrema.mp3 (Durée: 491s, Max: 360s)
2026-07-01 14:53:14 WARN  [UploaderApp] Fichier blacklisté ignoré (conservé dans le répertoire) : 18 taona.mp3 (Artiste: Jeneraly, Genre: Folk)
2026-07-01 14:53:14 WARN  [UploaderApp] Fichier trop long ignoré (conservé dans le répertoire) : Lendrema.mp3 (Durée: 491s, Max: 360s)
2026-07-01 14:53:14 WARN  [UploaderApp] Fichier blacklisté ignoré (conservé dans le répertoire) : 18 taona.mp3 (Artiste: Jeneraly, Genre: Folk)
2026-07-01 14:53:14 WARN  [UploaderApp] Fichier trop long ignoré (conservé dans le répertoire) : Lendrema.mp3 (Durée: 491s, Max: 360s)
2026-07-01 14:53:24 WARN  [UploaderApp] Fichier blacklisté ignoré (conservé dans le répertoire) : 18 taona.mp3 (Artiste: Jeneraly, Genre: Folk)
2026-07-01 14:53:24 WARN  [UploaderApp] Fichier trop long ignoré (conservé dans le répertoire) : Lendrema.mp3 (Durée: 491s, Max: 360s)
2026-07-01 16:36:22 WARN  [UploaderApp] Fichier blacklisté ignoré (conservé dans le répertoire) : 18 taona.mp3 (Artiste: Jeneraly, Genre: Folk)
2026-07-01 16:36:22 WARN  [UploaderApp] Fichier trop long ignoré (conservé dans le répertoire) : Lendrema.mp3 (Durée: 491s, Max: 360s)
2026-07-01 16:36:28 WARN  [UploaderApp] Fichier blacklisté ignoré (conservé dans le répertoire) : 18 taona.mp3 (Artiste: Jeneraly, Genre: Folk)
2026-07-01 16:36:28 WARN  [UploaderApp] Fichier trop long ignoré (conservé dans le répertoire) : Lendrema.mp3 (Durée: 491s, Max: 360s)
2026-07-01 16:36:29 WARN  [UploaderApp] Fichier blacklisté ignoré (conservé dans le répertoire) : 18 taona.mp3 (Artiste: Jeneraly, Genre: Folk)
2026-07-01 16:36:29 WARN  [UploaderApp] Fichier trop long ignoré (conservé dans le répertoire) : Lendrema.mp3 (Durée: 491s, Max: 360s)
2026-07-01 16:36:29 WARN  [UploaderApp] Fichier blacklisté ignoré (conservé dans le répertoire) : 18 taona.mp3 (Artiste: Jeneraly, Genre: Folk)
2026-07-01 16:36:29 WARN  [UploaderApp] Fichier trop long ignoré (conservé dans le répertoire) : Lendrema.mp3 (Durée: 491s, Max: 360s)
2026-07-01 16:36:30 WARN  [UploaderApp] Fichier blacklisté ignoré (conservé dans le répertoire) : 18 taona.mp3 (Artiste: Jeneraly, Genre: Folk)
2026-07-01 16:36:30 WARN  [UploaderApp] Fichier trop long ignoré (conservé dans le répertoire) : Lendrema.mp3 (Durée: 491s, Max: 360s)
2026-07-01 16:36:30 WARN  [UploaderApp] Fichier blacklisté ignoré (conservé dans le répertoire) : 18 taona.mp3 (Artiste: Jeneraly, Genre: Folk)
2026-07-01 16:36:30 WARN  [UploaderApp] Fichier trop long ignoré (conservé dans le répertoire) : Lendrema.mp3 (Durée: 491s, Max: 360s)
2026-07-01 16:36:30 WARN  [UploaderApp] Fichier blacklisté ignoré (conservé dans le répertoire) : 18 taona.mp3 (Artiste: Jeneraly, Genre: Folk)
2026-07-01 16:36:30 WARN  [UploaderApp] Fichier trop long ignoré (conservé dans le répertoire) : Lendrema.mp3 (Durée: 491s, Max: 360s)
2026-07-01 16:36:30 WARN  [UploaderApp] Fichier blacklisté ignoré (conservé dans le répertoire) : 18 taona.mp3 (Artiste: Jeneraly, Genre: Folk)
2026-07-01 16:36:30 WARN  [UploaderApp] Fichier trop long ignoré (conservé dans le répertoire) : Lendrema.mp3 (Durée: 491s, Max: 360s)
2026-07-01 16:36:30 WARN  [UploaderApp] Fichier blacklisté ignoré (conservé dans le répertoire) : 18 taona.mp3 (Artiste: Jeneraly, Genre: Folk)
2026-07-01 16:36:30 WARN  [UploaderApp] Fichier trop long ignoré (conservé dans le répertoire) : Lendrema.mp3 (Durée: 491s, Max: 360s)
2026-07-01 16:36:30 WARN  [UploaderApp] Fichier blacklisté ignoré (conservé dans le répertoire) : 18 taona.mp3 (Artiste: Jeneraly, Genre: Folk)
2026-07-01 16:36:30 WARN  [UploaderApp] Fichier trop long ignoré (conservé dans le répertoire) : Lendrema.mp3 (Durée: 491s, Max: 360s)
2026-07-01 16:36:30 WARN  [UploaderApp] Fichier blacklisté ignoré (conservé dans le répertoire) : 18 taona.mp3 (Artiste: Jeneraly, Genre: Folk)
2026-07-01 16:36:30 WARN  [UploaderApp] Fichier trop long ignoré (conservé dans le répertoire) : Lendrema.mp3 (Durée: 491s, Max: 360s)
2026-07-01 16:36:30 WARN  [UploaderApp] Fichier blacklisté ignoré (conservé dans le répertoire) : 18 taona.mp3 (Artiste: Jeneraly, Genre: Folk)
2026-07-01 16:36:30 WARN  [UploaderApp] Fichier trop long ignoré (conservé dans le répertoire) : Lendrema.mp3 (Durée: 491s, Max: 360s)
2026-07-01 16:36:30 WARN  [UploaderApp] Fichier blacklisté ignoré (conservé dans le répertoire) : 18 taona.mp3 (Artiste: Jeneraly, Genre: Folk)
2026-07-01 16:36:30 WARN  [UploaderApp] Fichier trop long ignoré (conservé dans le répertoire) : Lendrema.mp3 (Durée: 491s, Max: 360s)
2026-07-01 16:36:30 WARN  [UploaderApp] Fichier blacklisté ignoré (conservé dans le répertoire) : 18 taona.mp3 (Artiste: Jeneraly, Genre: Folk)
2026-07-01 16:36:30 WARN  [UploaderApp] Fichier trop long ignoré (conservé dans le répertoire) : Lendrema.mp3 (Durée: 491s, Max: 360s)
2026-07-01 16:36:30 WARN  [UploaderApp] Fichier blacklisté ignoré (conservé dans le répertoire) : 18 taona.mp3 (Artiste: Jeneraly, Genre: Folk)
2026-07-01 16:36:30 WARN  [UploaderApp] Fichier trop long ignoré (conservé dans le répertoire) : Lendrema.mp3 (Durée: 491s, Max: 360s)
2026-07-01 16:36:30 WARN  [UploaderApp] Fichier blacklisté ignoré (conservé dans le répertoire) : 18 taona.mp3 (Artiste: Jeneraly, Genre: Folk)
2026-07-01 16:36:30 WARN  [UploaderApp] Fichier trop long ignoré (conservé dans le répertoire) : Lendrema.mp3 (Durée: 491s, Max: 360s)
2026-07-01 16:36:30 WARN  [UploaderApp] Fichier blacklisté ignoré (conservé dans le répertoire) : 18 taona.mp3 (Artiste: Jeneraly, Genre: Folk)
2026-07-01 16:36:30 WARN  [UploaderApp] Fichier trop long ignoré (conservé dans le répertoire) : Lendrema.mp3 (Durée: 491s, Max: 360s)
2026-07-01 16:36:30 WARN  [UploaderApp] Fichier blacklisté ignoré (conservé dans le répertoire) : 18 taona.mp3 (Artiste: Jeneraly, Genre: Folk)
2026-07-01 16:36:31 WARN  [UploaderApp] Fichier trop long ignoré (conservé dans le répertoire) : Lendrema.mp3 (Durée: 491s, Max: 360s)
2026-07-01 16:36:31 WARN  [UploaderApp] Fichier blacklisté ignoré (conservé dans le répertoire) : 18 taona.mp3 (Artiste: Jeneraly, Genre: Folk)
2026-07-01 16:36:31 WARN  [UploaderApp] Fichier trop long ignoré (conservé dans le répertoire) : Lendrema.mp3 (Durée: 491s, Max: 360s)
2026-07-01 16:36:31 WARN  [UploaderApp] Fichier blacklisté ignoré (conservé dans le répertoire) : 18 taona.mp3 (Artiste: Jeneraly, Genre: Folk)
2026-07-01 16:36:31 WARN  [UploaderApp] Fichier trop long ignoré (conservé dans le répertoire) : Lendrema.mp3 (Durée: 491s, Max: 360s)
2026-07-01 16:36:31 WARN  [UploaderApp] Fichier blacklisté ignoré (conservé dans le répertoire) : 18 taona.mp3 (Artiste: Jeneraly, Genre: Folk)
2026-07-01 16:36:31 WARN  [UploaderApp] Fichier trop long ignoré (conservé dans le répertoire) : Lendrema.mp3 (Durée: 491s, Max: 360s)
2026-07-01 16:36:31 WARN  [UploaderApp] Fichier blacklisté ignoré (conservé dans le répertoire) : 18 taona.mp3 (Artiste: Jeneraly, Genre: Folk)
2026-07-01 16:36:31 WARN  [UploaderApp] Fichier trop long ignoré (conservé dans le répertoire) : Lendrema.mp3 (Durée: 491s, Max: 360s)
2026-07-01 16:36:31 WARN  [UploaderApp] Fichier blacklisté ignoré (conservé dans le répertoire) : 18 taona.mp3 (Artiste: Jeneraly, Genre: Folk)
2026-07-01 16:36:31 WARN  [UploaderApp] Fichier trop long ignoré (conservé dans le répertoire) : Lendrema.mp3 (Durée: 491s, Max: 360s)
2026-07-01 16:36:31 WARN  [UploaderApp] Fichier blacklisté ignoré (conservé dans le répertoire) : 18 taona.mp3 (Artiste: Jeneraly, Genre: Folk)
2026-07-01 16:36:31 WARN  [UploaderApp] Fichier trop long ignoré (conservé dans le répertoire) : Lendrema.mp3 (Durée: 491s, Max: 360s)
2026-07-01 16:36:31 WARN  [UploaderApp] Fichier blacklisté ignoré (conservé dans le répertoire) : 18 taona.mp3 (Artiste: Jeneraly, Genre: Folk)
2026-07-01 16:36:31 WARN  [UploaderApp] Fichier trop long ignoré (conservé dans le répertoire) : Lendrema.mp3 (Durée: 491s, Max: 360s)
2026-07-01 16:36:31 WARN  [UploaderApp] Fichier blacklisté ignoré (conservé dans le répertoire) : 18 taona.mp3 (Artiste: Jeneraly, Genre: Folk)
2026-07-01 16:36:31 WARN  [UploaderApp] Fichier trop long ignoré (conservé dans le répertoire) : Lendrema.mp3 (Durée: 491s, Max: 360s)
2026-07-01 16:36:31 WARN  [UploaderApp] Fichier blacklisté ignoré (conservé dans le répertoire) : 18 taona.mp3 (Artiste: Jeneraly, Genre: Folk)
2026-07-01 16:36:31 WARN  [UploaderApp] Fichier trop long ignoré (conservé dans le répertoire) : Lendrema.mp3 (Durée: 491s, Max: 360s)
2026-07-01 16:36:31 WARN  [UploaderApp] Fichier blacklisté ignoré (conservé dans le répertoire) : 18 taona.mp3 (Artiste: Jeneraly, Genre: Folk)
2026-07-01 16:36:31 WARN  [UploaderApp] Fichier trop long ignoré (conservé dans le répertoire) : Lendrema.mp3 (Durée: 491s, Max: 360s)
2026-07-01 16:36:31 WARN  [UploaderApp] Fichier blacklisté ignoré (conservé dans le répertoire) : 18 taona.mp3 (Artiste: Jeneraly, Genre: Folk)
2026-07-01 16:36:31 WARN  [UploaderApp] Fichier trop long ignoré (conservé dans le répertoire) : Lendrema.mp3 (Durée: 491s, Max: 360s)
2026-07-01 16:36:31 WARN  [UploaderApp] Fichier blacklisté ignoré (conservé dans le répertoire) : 18 taona.mp3 (Artiste: Jeneraly, Genre: Folk)
2026-07-01 16:36:31 WARN  [UploaderApp] Fichier trop long ignoré (conservé dans le répertoire) : Lendrema.mp3 (Durée: 491s, Max: 360s)
2026-07-01 16:36:31 WARN  [UploaderApp] Fichier blacklisté ignoré (conservé dans le répertoire) : 18 taona.mp3 (Artiste: Jeneraly, Genre: Folk)
2026-07-01 16:36:31 WARN  [UploaderApp] Fichier trop long ignoré (conservé dans le répertoire) : Lendrema.mp3 (Durée: 491s, Max: 360s)
2026-07-01 16:36:31 WARN  [UploaderApp] Fichier blacklisté ignoré (conservé dans le répertoire) : 18 taona.mp3 (Artiste: Jeneraly, Genre: Folk)
2026-07-01 16:36:31 WARN  [UploaderApp] Fichier trop long ignoré (conservé dans le répertoire) : Lendrema.mp3 (Durée: 491s, Max: 360s)
2026-07-01 16:36:31 WARN  [UploaderApp] Fichier blacklisté ignoré (conservé dans le répertoire) : 18 taona.mp3 (Artiste: Jeneraly, Genre: Folk)
2026-07-01 16:36:31 WARN  [UploaderApp] Fichier trop long ignoré (conservé dans le répertoire) : Lendrema.mp3 (Durée: 491s, Max: 360s)
2026-07-01 16:36:31 WARN  [UploaderApp] Fichier blacklisté ignoré (conservé dans le répertoire) : 18 taona.mp3 (Artiste: Jeneraly, Genre: Folk)
2026-07-01 16:36:31 WARN  [UploaderApp] Fichier trop long ignoré (conservé dans le répertoire) : Lendrema.mp3 (Durée: 491s, Max: 360s)
2026-07-01 16:36:31 WARN  [UploaderApp] Fichier blacklisté ignoré (conservé dans le répertoire) : 18 taona.mp3 (Artiste: Jeneraly, Genre: Folk)
2026-07-01 16:36:31 WARN  [UploaderApp] Fichier trop long ignoré (conservé dans le répertoire) : Lendrema.mp3 (Durée: 491s, Max: 360s)
2026-07-01 16:36:31 WARN  [UploaderApp] Fichier blacklisté ignoré (conservé dans le répertoire) : 18 taona.mp3 (Artiste: Jeneraly, Genre: Folk)
2026-07-01 16:36:31 WARN  [UploaderApp] Fichier trop long ignoré (conservé dans le répertoire) : Lendrema.mp3 (Durée: 491s, Max: 360s)
2026-07-01 16:36:31 WARN  [UploaderApp] Fichier blacklisté ignoré (conservé dans le répertoire) : 18 taona.mp3 (Artiste: Jeneraly, Genre: Folk)
2026-07-01 16:36:31 WARN  [UploaderApp] Fichier trop long ignoré (conservé dans le répertoire) : Lendrema.mp3 (Durée: 491s, Max: 360s)
2026-07-01 16:36:31 WARN  [UploaderApp] Fichier blacklisté ignoré (conservé dans le répertoire) : 18 taona.mp3 (Artiste: Jeneraly, Genre: Folk)
2026-07-01 16:36:31 WARN  [UploaderApp] Fichier trop long ignoré (conservé dans le répertoire) : Lendrema.mp3 (Durée: 491s, Max: 360s)
2026-07-01 16:36:31 WARN  [UploaderApp] Fichier blacklisté ignoré (conservé dans le répertoire) : 18 taona.mp3 (Artiste: Jeneraly, Genre: Folk)
2026-07-01 16:36:32 WARN  [UploaderApp] Fichier trop long ignoré (conservé dans le répertoire) : Lendrema.mp3 (Durée: 491s, Max: 360s)
2026-07-01 16:36:32 WARN  [UploaderApp] Fichier blacklisté ignoré (conservé dans le répertoire) : 18 taona.mp3 (Artiste: Jeneraly, Genre: Folk)
2026-07-01 16:36:32 WARN  [UploaderApp] Fichier trop long ignoré (conservé dans le répertoire) : Lendrema.mp3 (Durée: 491s, Max: 360s)
2026-07-01 16:36:32 WARN  [UploaderApp] Fichier blacklisté ignoré (conservé dans le répertoire) : 18 taona.mp3 (Artiste: Jeneraly, Genre: Folk)
2026-07-01 16:36:32 WARN  [UploaderApp] Fichier trop long ignoré (conservé dans le répertoire) : Lendrema.mp3 (Durée: 491s, Max: 360s)
2026-07-01 16:36:32 WARN  [UploaderApp] Fichier blacklisté ignoré (conservé dans le répertoire) : 18 taona.mp3 (Artiste: Jeneraly, Genre: Folk)
2026-07-01 16:36:32 WARN  [UploaderApp] Fichier trop long ignoré (conservé dans le répertoire) : Lendrema.mp3 (Durée: 491s, Max: 360s)
2026-07-01 16:36:32 WARN  [UploaderApp] Fichier blacklisté ignoré (conservé dans le répertoire) : 18 taona.mp3 (Artiste: Jeneraly, Genre: Folk)
2026-07-01 16:36:32 WARN  [UploaderApp] Fichier trop long ignoré (conservé dans le répertoire) : Lendrema.mp3 (Durée: 491s, Max: 360s)
2026-07-01 16:36:32 WARN  [UploaderApp] Fichier blacklisté ignoré (conservé dans le répertoire) : 18 taona.mp3 (Artiste: Jeneraly, Genre: Folk)
2026-07-01 16:36:33 WARN  [UploaderApp] Fichier trop long ignoré (conservé dans le répertoire) : Lendrema.mp3 (Durée: 491s, Max: 360s)
2026-07-01 16:36:33 WARN  [UploaderApp] Fichier blacklisté ignoré (conservé dans le répertoire) : 18 taona.mp3 (Artiste: Jeneraly, Genre: Folk)
2026-07-01 16:36:33 WARN  [UploaderApp] Fichier trop long ignoré (conservé dans le répertoire) : Lendrema.mp3 (Durée: 491s, Max: 360s)
2026-07-01 16:36:33 WARN  [UploaderApp] Fichier blacklisté ignoré (conservé dans le répertoire) : 18 taona.mp3 (Artiste: Jeneraly, Genre: Folk)
2026-07-01 16:36:33 WARN  [UploaderApp] Fichier trop long ignoré (conservé dans le répertoire) : Lendrema.mp3 (Durée: 491s, Max: 360s)
2026-07-01 16:36:33 WARN  [UploaderApp] Fichier blacklisté ignoré (conservé dans le répertoire) : 18 taona.mp3 (Artiste: Jeneraly, Genre: Folk)
2026-07-01 16:36:33 WARN  [UploaderApp] Fichier trop long ignoré (conservé dans le répertoire) : Lendrema.mp3 (Durée: 491s, Max: 360s)
2026-07-01 16:36:33 WARN  [UploaderApp] Fichier blacklisté ignoré (conservé dans le répertoire) : 18 taona.mp3 (Artiste: Jeneraly, Genre: Folk)
2026-07-01 16:36:33 WARN  [UploaderApp] Fichier trop long ignoré (conservé dans le répertoire) : Lendrema.mp3 (Durée: 491s, Max: 360s)
2026-07-01 16:36:33 WARN  [UploaderApp] Fichier blacklisté ignoré (conservé dans le répertoire) : 18 taona.mp3 (Artiste: Jeneraly, Genre: Folk)
2026-07-01 16:36:33 WARN  [UploaderApp] Fichier trop long ignoré (conservé dans le répertoire) : Lendrema.mp3 (Durée: 491s, Max: 360s)
2026-07-01 16:36:33 WARN  [UploaderApp] Fichier blacklisté ignoré (conservé dans le répertoire) : 18 taona.mp3 (Artiste: Jeneraly, Genre: Folk)
2026-07-01 16:36:33 WARN  [UploaderApp] Fichier trop long ignoré (conservé dans le répertoire) : Lendrema.mp3 (Durée: 491s, Max: 360s)
2026-07-01 16:36:33 WARN  [UploaderApp] Fichier blacklisté ignoré (conservé dans le répertoire) : 18 taona.mp3 (Artiste: Jeneraly, Genre: Folk)
2026-07-01 16:36:33 WARN  [UploaderApp] Fichier trop long ignoré (conservé dans le répertoire) : Lendrema.mp3 (Durée: 491s, Max: 360s)
2026-07-01 16:36:33 WARN  [UploaderApp] Fichier blacklisté ignoré (conservé dans le répertoire) : 18 taona.mp3 (Artiste: Jeneraly, Genre: Folk)
2026-07-01 16:36:33 WARN  [UploaderApp] Fichier trop long ignoré (conservé dans le répertoire) : Lendrema.mp3 (Durée: 491s, Max: 360s)
2026-07-01 16:36:33 WARN  [UploaderApp] Fichier blacklisté ignoré (conservé dans le répertoire) : 18 taona.mp3 (Artiste: Jeneraly, Genre: Folk)
2026-07-01 16:36:33 WARN  [UploaderApp] Fichier trop long ignoré (conservé dans le répertoire) : Lendrema.mp3 (Durée: 491s, Max: 360s)
2026-07-01 16:36:33 WARN  [UploaderApp] Fichier blacklisté ignoré (conservé dans le répertoire) : 18 taona.mp3 (Artiste: Jeneraly, Genre: Folk)
2026-07-01 16:36:33 WARN  [UploaderApp] Fichier trop long ignoré (conservé dans le répertoire) : Lendrema.mp3 (Durée: 491s, Max: 360s)
2026-07-01 16:36:33 WARN  [UploaderApp] Fichier blacklisté ignoré (conservé dans le répertoire) : 18 taona.mp3 (Artiste: Jeneraly, Genre: Folk)
2026-07-01 16:36:33 WARN  [UploaderApp] Fichier trop long ignoré (conservé dans le répertoire) : Lendrema.mp3 (Durée: 491s, Max: 360s)
2026-07-01 16:36:33 WARN  [UploaderApp] Fichier blacklisté ignoré (conservé dans le répertoire) : 18 taona.mp3 (Artiste: Jeneraly, Genre: Folk)
2026-07-01 16:36:33 WARN  [UploaderApp] Fichier trop long ignoré (conservé dans le répertoire) : Lendrema.mp3 (Durée: 491s, Max: 360s)
2026-07-01 16:36:33 WARN  [UploaderApp] Fichier blacklisté ignoré (conservé dans le répertoire) : 18 taona.mp3 (Artiste: Jeneraly, Genre: Folk)
2026-07-01 16:36:33 WARN  [UploaderApp] Fichier trop long ignoré (conservé dans le répertoire) : Lendrema.mp3 (Durée: 491s, Max: 360s)
2026-07-01 16:36:33 WARN  [UploaderApp] Fichier blacklisté ignoré (conservé dans le répertoire) : 18 taona.mp3 (Artiste: Jeneraly, Genre: Folk)
2026-07-01 16:36:33 WARN  [UploaderApp] Fichier trop long ignoré (conservé dans le répertoire) : Lendrema.mp3 (Durée: 491s, Max: 360s)
2026-07-01 16:36:33 WARN  [UploaderApp] Fichier blacklisté ignoré (conservé dans le répertoire) : 18 taona.mp3 (Artiste: Jeneraly, Genre: Folk)
2026-07-01 16:36:33 WARN  [UploaderApp] Fichier trop long ignoré (conservé dans le répertoire) : Lendrema.mp3 (Durée: 491s, Max: 360s)
2026-07-01 16:36:33 WARN  [UploaderApp] Fichier blacklisté ignoré (conservé dans le répertoire) : 18 taona.mp3 (Artiste: Jeneraly, Genre: Folk)
2026-07-01 16:36:33 WARN  [UploaderApp] Fichier trop long ignoré (conservé dans le répertoire) : Lendrema.mp3 (Durée: 491s, Max: 360s)
2026-07-01 16:36:33 WARN  [UploaderApp] Fichier blacklisté ignoré (conservé dans le répertoire) : 18 taona.mp3 (Artiste: Jeneraly, Genre: Folk)
2026-07-01 16:36:33 WARN  [UploaderApp] Fichier trop long ignoré (conservé dans le répertoire) : Lendrema.mp3 (Durée: 491s, Max: 360s)
2026-07-01 16:36:33 WARN  [UploaderApp] Fichier blacklisté ignoré (conservé dans le répertoire) : 18 taona.mp3 (Artiste: Jeneraly, Genre: Folk)
2026-07-01 16:36:33 WARN  [UploaderApp] Fichier trop long ignoré (conservé dans le répertoire) : Lendrema.mp3 (Durée: 491s, Max: 360s)
2026-07-01 16:36:33 WARN  [UploaderApp] Fichier blacklisté ignoré (conservé dans le répertoire) : 18 taona.mp3 (Artiste: Jeneraly, Genre: Folk)
2026-07-01 16:36:33 WARN  [UploaderApp] Fichier trop long ignoré (conservé dans le répertoire) : Lendrema.mp3 (Durée: 491s, Max: 360s)
2026-07-01 16:36:33 WARN  [UploaderApp] Fichier blacklisté ignoré (conservé dans le répertoire) : 18 taona.mp3 (Artiste: Jeneraly, Genre: Folk)
2026-07-01 16:36:33 WARN  [UploaderApp] Fichier trop long ignoré (conservé dans le répertoire) : Lendrema.mp3 (Durée: 491s, Max: 360s)
2026-07-01 16:36:33 WARN  [UploaderApp] Fichier blacklisté ignoré (conservé dans le répertoire) : 18 taona.mp3 (Artiste: Jeneraly, Genre: Folk)
2026-07-01 16:36:33 WARN  [UploaderApp] Fichier trop long ignoré (conservé dans le répertoire) : Lendrema.mp3 (Durée: 491s, Max: 360s)
2026-07-01 16:36:33 WARN  [UploaderApp] Fichier blacklisté ignoré (conservé dans le répertoire) : 18 taona.mp3 (Artiste: Jeneraly, Genre: Folk)
2026-07-01 16:36:33 WARN  [UploaderApp] Fichier trop long ignoré (conservé dans le répertoire) : Lendrema.mp3 (Durée: 491s, Max: 360s)
2026-07-01 16:36:33 WARN  [UploaderApp] Fichier blacklisté ignoré (conservé dans le répertoire) : 18 taona.mp3 (Artiste: Jeneraly, Genre: Folk)
2026-07-01 16:36:33 WARN  [UploaderApp] Fichier trop long ignoré (conservé dans le répertoire) : Lendrema.mp3 (Durée: 491s, Max: 360s)
2026-07-01 16:36:33 WARN  [UploaderApp] Fichier blacklisté ignoré (conservé dans le répertoire) : 18 taona.mp3 (Artiste: Jeneraly, Genre: Folk)
2026-07-01 16:36:33 WARN  [UploaderApp] Fichier trop long ignoré (conservé dans le répertoire) : Lendrema.mp3 (Durée: 491s, Max: 360s)
2026-07-01 16:36:33 WARN  [UploaderApp] Fichier blacklisté ignoré (conservé dans le répertoire) : 18 taona.mp3 (Artiste: Jeneraly, Genre: Folk)
2026-07-01 16:36:33 WARN  [UploaderApp] Fichier trop long ignoré (conservé dans le répertoire) : Lendrema.mp3 (Durée: 491s, Max: 360s)
2026-07-01 16:36:33 WARN  [UploaderApp] Fichier blacklisté ignoré (conservé dans le répertoire) : 18 taona.mp3 (Artiste: Jeneraly, Genre: Folk)
2026-07-01 16:36:33 WARN  [UploaderApp] Fichier trop long ignoré (conservé dans le répertoire) : Lendrema.mp3 (Durée: 491s, Max: 360s)
2026-07-01 16:36:33 WARN  [UploaderApp] Fichier blacklisté ignoré (conservé dans le répertoire) : 18 taona.mp3 (Artiste: Jeneraly, Genre: Folk)
2026-07-01 16:36:33 WARN  [UploaderApp] Fichier trop long ignoré (conservé dans le répertoire) : Lendrema.mp3 (Durée: 491s, Max: 360s)
2026-07-01 16:36:33 WARN  [UploaderApp] Fichier blacklisté ignoré (conservé dans le répertoire) : 18 taona.mp3 (Artiste: Jeneraly, Genre: Folk)
2026-07-01 16:36:33 WARN  [UploaderApp] Fichier trop long ignoré (conservé dans le répertoire) : Lendrema.mp3 (Durée: 491s, Max: 360s)
2026-07-01 16:36:33 WARN  [UploaderApp] Fichier blacklisté ignoré (conservé dans le répertoire) : 18 taona.mp3 (Artiste: Jeneraly, Genre: Folk)
2026-07-01 16:36:33 WARN  [UploaderApp] Fichier trop long ignoré (conservé dans le répertoire) : Lendrema.mp3 (Durée: 491s, Max: 360s)
2026-07-01 16:36:33 WARN  [UploaderApp] Fichier blacklisté ignoré (conservé dans le répertoire) : 18 taona.mp3 (Artiste: Jeneraly, Genre: Folk)
2026-07-01 16:36:33 WARN  [UploaderApp] Fichier trop long ignoré (conservé dans le répertoire) : Lendrema.mp3 (Durée: 491s, Max: 360s)
2026-07-01 16:36:33 WARN  [UploaderApp] Fichier blacklisté ignoré (conservé dans le répertoire) : 18 taona.mp3 (Artiste: Jeneraly, Genre: Folk)
2026-07-01 16:36:33 WARN  [UploaderApp] Fichier trop long ignoré (conservé dans le répertoire) : Lendrema.mp3 (Durée: 491s, Max: 360s)
2026-07-01 16:36:33 WARN  [UploaderApp] Fichier blacklisté ignoré (conservé dans le répertoire) : 18 taona.mp3 (Artiste: Jeneraly, Genre: Folk)
2026-07-01 16:36:33 WARN  [UploaderApp] Fichier trop long ignoré (conservé dans le répertoire) : Lendrema.mp3 (Durée: 491s, Max: 360s)
2026-07-01 16:36:33 WARN  [UploaderApp] Fichier blacklisté ignoré (conservé dans le répertoire) : 18 taona.mp3 (Artiste: Jeneraly, Genre: Folk)
2026-07-01 16:36:33 WARN  [UploaderApp] Fichier trop long ignoré (conservé dans le répertoire) : Lendrema.mp3 (Durée: 491s, Max: 360s)
2026-07-01 16:36:33 WARN  [UploaderApp] Fichier blacklisté ignoré (conservé dans le répertoire) : 18 taona.mp3 (Artiste: Jeneraly, Genre: Folk)
2026-07-01 16:36:33 WARN  [UploaderApp] Fichier trop long ignoré (conservé dans le répertoire) : Lendrema.mp3 (Durée: 491s, Max: 360s)
2026-07-01 16:36:33 WARN  [UploaderApp] Fichier blacklisté ignoré (conservé dans le répertoire) : 18 taona.mp3 (Artiste: Jeneraly, Genre: Folk)
2026-07-01 16:36:33 WARN  [UploaderApp] Fichier trop long ignoré (conservé dans le répertoire) : Lendrema.mp3 (Durée: 491s, Max: 360s)
2026-07-01 16:36:33 WARN  [UploaderApp] Fichier blacklisté ignoré (conservé dans le répertoire) : 18 taona.mp3 (Artiste: Jeneraly, Genre: Folk)
2026-07-01 16:36:33 WARN  [UploaderApp] Fichier trop long ignoré (conservé dans le répertoire) : Lendrema.mp3 (Durée: 491s, Max: 360s)
2026-07-01 16:36:33 WARN  [UploaderApp] Fichier blacklisté ignoré (conservé dans le répertoire) : 18 taona.mp3 (Artiste: Jeneraly, Genre: Folk)
2026-07-01 16:36:33 WARN  [UploaderApp] Fichier trop long ignoré (conservé dans le répertoire) : Lendrema.mp3 (Durée: 491s, Max: 360s)
2026-07-01 16:36:33 WARN  [UploaderApp] Fichier blacklisté ignoré (conservé dans le répertoire) : 18 taona.mp3 (Artiste: Jeneraly, Genre: Folk)
2026-07-01 16:36:33 WARN  [UploaderApp] Fichier trop long ignoré (conservé dans le répertoire) : Lendrema.mp3 (Durée: 491s, Max: 360s)
2026-07-01 16:36:33 WARN  [UploaderApp] Fichier blacklisté ignoré (conservé dans le répertoire) : 18 taona.mp3 (Artiste: Jeneraly, Genre: Folk)
2026-07-01 16:36:33 WARN  [UploaderApp] Fichier trop long ignoré (conservé dans le répertoire) : Lendrema.mp3 (Durée: 491s, Max: 360s)
2026-07-01 16:36:33 WARN  [UploaderApp] Fichier blacklisté ignoré (conservé dans le répertoire) : 18 taona.mp3 (Artiste: Jeneraly, Genre: Folk)
2026-07-01 16:36:33 WARN  [UploaderApp] Fichier trop long ignoré (conservé dans le répertoire) : Lendrema.mp3 (Durée: 491s, Max: 360s)
2026-07-01 16:36:33 WARN  [UploaderApp] Fichier blacklisté ignoré (conservé dans le répertoire) : 18 taona.mp3 (Artiste: Jeneraly, Genre: Folk)
2026-07-01 16:36:33 WARN  [UploaderApp] Fichier trop long ignoré (conservé dans le répertoire) : Lendrema.mp3 (Durée: 491s, Max: 360s)
2026-07-01 16:36:33 WARN  [UploaderApp] Fichier blacklisté ignoré (conservé dans le répertoire) : 18 taona.mp3 (Artiste: Jeneraly, Genre: Folk)
2026-07-01 16:36:34 WARN  [UploaderApp] Fichier trop long ignoré (conservé dans le répertoire) : Lendrema.mp3 (Durée: 491s, Max: 360s)
2026-07-01 16:36:34 WARN  [UploaderApp] Fichier blacklisté ignoré (conservé dans le répertoire) : 18 taona.mp3 (Artiste: Jeneraly, Genre: Folk)
2026-07-01 16:36:34 WARN  [UploaderApp] Fichier trop long ignoré (conservé dans le répertoire) : Lendrema.mp3 (Durée: 491s, Max: 360s)
2026-07-01 16:36:34 WARN  [UploaderApp] Fichier blacklisté ignoré (conservé dans le répertoire) : 18 taona.mp3 (Artiste: Jeneraly, Genre: Folk)
2026-07-01 16:36:34 WARN  [UploaderApp] Fichier trop long ignoré (conservé dans le répertoire) : Lendrema.mp3 (Durée: 491s, Max: 360s)
2026-07-01 16:36:34 WARN  [UploaderApp] Fichier blacklisté ignoré (conservé dans le répertoire) : 18 taona.mp3 (Artiste: Jeneraly, Genre: Folk)
2026-07-01 16:36:34 WARN  [UploaderApp] Fichier trop long ignoré (conservé dans le répertoire) : Lendrema.mp3 (Durée: 491s, Max: 360s)
2026-07-01 16:36:34 WARN  [UploaderApp] Fichier blacklisté ignoré (conservé dans le répertoire) : 18 taona.mp3 (Artiste: Jeneraly, Genre: Folk)
2026-07-01 16:36:34 WARN  [UploaderApp] Fichier trop long ignoré (conservé dans le répertoire) : Lendrema.mp3 (Durée: 491s, Max: 360s)
2026-07-01 16:36:34 WARN  [UploaderApp] Fichier blacklisté ignoré (conservé dans le répertoire) : 18 taona.mp3 (Artiste: Jeneraly, Genre: Folk)
2026-07-01 16:36:34 WARN  [UploaderApp] Fichier trop long ignoré (conservé dans le répertoire) : Lendrema.mp3 (Durée: 491s, Max: 360s)
2026-07-01 16:36:34 WARN  [UploaderApp] Fichier blacklisté ignoré (conservé dans le répertoire) : 18 taona.mp3 (Artiste: Jeneraly, Genre: Folk)
2026-07-01 16:36:34 WARN  [UploaderApp] Fichier trop long ignoré (conservé dans le répertoire) : Lendrema.mp3 (Durée: 491s, Max: 360s)
2026-07-01 16:36:34 WARN  [UploaderApp] Fichier blacklisté ignoré (conservé dans le répertoire) : 18 taona.mp3 (Artiste: Jeneraly, Genre: Folk)
2026-07-01 16:36:34 WARN  [UploaderApp] Fichier trop long ignoré (conservé dans le répertoire) : Lendrema.mp3 (Durée: 491s, Max: 360s)
2026-07-01 16:36:34 WARN  [UploaderApp] Fichier blacklisté ignoré (conservé dans le répertoire) : 18 taona.mp3 (Artiste: Jeneraly, Genre: Folk)
2026-07-01 16:36:34 WARN  [UploaderApp] Fichier trop long ignoré (conservé dans le répertoire) : Lendrema.mp3 (Durée: 491s, Max: 360s)
2026-07-01 16:36:34 WARN  [UploaderApp] Fichier blacklisté ignoré (conservé dans le répertoire) : 18 taona.mp3 (Artiste: Jeneraly, Genre: Folk)
2026-07-01 16:36:34 WARN  [UploaderApp] Fichier trop long ignoré (conservé dans le répertoire) : Lendrema.mp3 (Durée: 491s, Max: 360s)
2026-07-01 16:36:34 WARN  [UploaderApp] Fichier blacklisté ignoré (conservé dans le répertoire) : 18 taona.mp3 (Artiste: Jeneraly, Genre: Folk)
2026-07-01 16:36:34 WARN  [UploaderApp] Fichier trop long ignoré (conservé dans le répertoire) : Lendrema.mp3 (Durée: 491s, Max: 360s)
2026-07-01 16:36:34 WARN  [UploaderApp] Fichier blacklisté ignoré (conservé dans le répertoire) : 18 taona.mp3 (Artiste: Jeneraly, Genre: Folk)
2026-07-01 16:36:34 WARN  [UploaderApp] Fichier trop long ignoré (conservé dans le répertoire) : Lendrema.mp3 (Durée: 491s, Max: 360s)
2026-07-01 16:36:34 WARN  [UploaderApp] Fichier blacklisté ignoré (conservé dans le répertoire) : 18 taona.mp3 (Artiste: Jeneraly, Genre: Folk)
2026-07-01 16:36:34 WARN  [UploaderApp] Fichier trop long ignoré (conservé dans le répertoire) : Lendrema.mp3 (Durée: 491s, Max: 360s)
2026-07-01 16:36:34 WARN  [UploaderApp] Fichier blacklisté ignoré (conservé dans le répertoire) : 18 taona.mp3 (Artiste: Jeneraly, Genre: Folk)
2026-07-01 16:36:34 WARN  [UploaderApp] Fichier trop long ignoré (conservé dans le répertoire) : Lendrema.mp3 (Durée: 491s, Max: 360s)
2026-07-01 16:36:34 WARN  [UploaderApp] Fichier blacklisté ignoré (conservé dans le répertoire) : 18 taona.mp3 (Artiste: Jeneraly, Genre: Folk)
2026-07-01 16:36:34 WARN  [UploaderApp] Fichier trop long ignoré (conservé dans le répertoire) : Lendrema.mp3 (Durée: 491s, Max: 360s)
2026-07-01 16:36:34 WARN  [UploaderApp] Fichier blacklisté ignoré (conservé dans le répertoire) : 18 taona.mp3 (Artiste: Jeneraly, Genre: Folk)
2026-07-01 16:36:34 WARN  [UploaderApp] Fichier trop long ignoré (conservé dans le répertoire) : Lendrema.mp3 (Durée: 491s, Max: 360s)
2026-07-01 16:36:34 WARN  [UploaderApp] Fichier blacklisté ignoré (conservé dans le répertoire) : 18 taona.mp3 (Artiste: Jeneraly, Genre: Folk)
2026-07-01 16:36:34 WARN  [UploaderApp] Fichier trop long ignoré (conservé dans le répertoire) : Lendrema.mp3 (Durée: 491s, Max: 360s)
2026-07-01 16:36:34 WARN  [UploaderApp] Fichier blacklisté ignoré (conservé dans le répertoire) : 18 taona.mp3 (Artiste: Jeneraly, Genre: Folk)
2026-07-01 16:36:34 WARN  [UploaderApp] Fichier trop long ignoré (conservé dans le répertoire) : Lendrema.mp3 (Durée: 491s, Max: 360s)
2026-07-01 16:36:34 WARN  [UploaderApp] Fichier blacklisté ignoré (conservé dans le répertoire) : 18 taona.mp3 (Artiste: Jeneraly, Genre: Folk)
2026-07-01 16:36:34 WARN  [UploaderApp] Fichier trop long ignoré (conservé dans le répertoire) : Lendrema.mp3 (Durée: 491s, Max: 360s)
2026-07-01 16:36:34 WARN  [UploaderApp] Fichier blacklisté ignoré (conservé dans le répertoire) : 18 taona.mp3 (Artiste: Jeneraly, Genre: Folk)
2026-07-01 16:36:34 WARN  [UploaderApp] Fichier trop long ignoré (conservé dans le répertoire) : Lendrema.mp3 (Durée: 491s, Max: 360s)
2026-07-01 16:36:34 WARN  [UploaderApp] Fichier blacklisté ignoré (conservé dans le répertoire) : 18 taona.mp3 (Artiste: Jeneraly, Genre: Folk)
2026-07-01 16:36:34 WARN  [UploaderApp] Fichier trop long ignoré (conservé dans le répertoire) : Lendrema.mp3 (Durée: 491s, Max: 360s)
2026-07-01 16:36:34 WARN  [UploaderApp] Fichier blacklisté ignoré (conservé dans le répertoire) : 18 taona.mp3 (Artiste: Jeneraly, Genre: Folk)
2026-07-01 16:36:34 WARN  [UploaderApp] Fichier trop long ignoré (conservé dans le répertoire) : Lendrema.mp3 (Durée: 491s, Max: 360s)
2026-07-01 16:36:34 WARN  [UploaderApp] Fichier blacklisté ignoré (conservé dans le répertoire) : 18 taona.mp3 (Artiste: Jeneraly, Genre: Folk)
2026-07-01 16:36:34 WARN  [UploaderApp] Fichier trop long ignoré (conservé dans le répertoire) : Lendrema.mp3 (Durée: 491s, Max: 360s)
2026-07-01 16:36:34 WARN  [UploaderApp] Fichier blacklisté ignoré (conservé dans le répertoire) : 18 taona.mp3 (Artiste: Jeneraly, Genre: Folk)
2026-07-01 16:36:34 WARN  [UploaderApp] Fichier trop long ignoré (conservé dans le répertoire) : Lendrema.mp3 (Durée: 491s, Max: 360s)
2026-07-01 16:36:34 WARN  [UploaderApp] Fichier blacklisté ignoré (conservé dans le répertoire) : 18 taona.mp3 (Artiste: Jeneraly, Genre: Folk)
2026-07-01 16:36:34 WARN  [UploaderApp] Fichier trop long ignoré (conservé dans le répertoire) : Lendrema.mp3 (Durée: 491s, Max: 360s)
2026-07-01 16:36:34 WARN  [UploaderApp] Fichier blacklisté ignoré (conservé dans le répertoire) : 18 taona.mp3 (Artiste: Jeneraly, Genre: Folk)
2026-07-01 16:36:34 WARN  [UploaderApp] Fichier trop long ignoré (conservé dans le répertoire) : Lendrema.mp3 (Durée: 491s, Max: 360s)
2026-07-01 16:36:34 WARN  [UploaderApp] Fichier blacklisté ignoré (conservé dans le répertoire) : 18 taona.mp3 (Artiste: Jeneraly, Genre: Folk)
2026-07-01 16:36:34 WARN  [UploaderApp] Fichier trop long ignoré (conservé dans le répertoire) : Lendrema.mp3 (Durée: 491s, Max: 360s)
2026-07-01 16:36:34 WARN  [UploaderApp] Fichier blacklisté ignoré (conservé dans le répertoire) : 18 taona.mp3 (Artiste: Jeneraly, Genre: Folk)
2026-07-01 16:36:34 WARN  [UploaderApp] Fichier trop long ignoré (conservé dans le répertoire) : Lendrema.mp3 (Durée: 491s, Max: 360s)
2026-07-01 16:36:34 WARN  [UploaderApp] Fichier blacklisté ignoré (conservé dans le répertoire) : 18 taona.mp3 (Artiste: Jeneraly, Genre: Folk)
2026-07-01 16:36:34 WARN  [UploaderApp] Fichier trop long ignoré (conservé dans le répertoire) : Lendrema.mp3 (Durée: 491s, Max: 360s)
2026-07-01 16:36:34 WARN  [UploaderApp] Fichier blacklisté ignoré (conservé dans le répertoire) : 18 taona.mp3 (Artiste: Jeneraly, Genre: Folk)
2026-07-01 16:36:34 WARN  [UploaderApp] Fichier trop long ignoré (conservé dans le répertoire) : Lendrema.mp3 (Durée: 491s, Max: 360s)
2026-07-01 16:36:34 WARN  [UploaderApp] Fichier blacklisté ignoré (conservé dans le répertoire) : 18 taona.mp3 (Artiste: Jeneraly, Genre: Folk)
2026-07-01 16:36:35 WARN  [UploaderApp] Fichier trop long ignoré (conservé dans le répertoire) : Lendrema.mp3 (Durée: 491s, Max: 360s)
2026-07-01 16:36:36 WARN  [UploaderApp] Fichier blacklisté ignoré (conservé dans le répertoire) : 18 taona.mp3 (Artiste: Jeneraly, Genre: Folk)
2026-07-01 16:36:36 WARN  [UploaderApp] Fichier trop long ignoré (conservé dans le répertoire) : Lendrema.mp3 (Durée: 491s, Max: 360s)
2026-07-01 16:36:36 WARN  [UploaderApp] Fichier blacklisté ignoré (conservé dans le répertoire) : 18 taona.mp3 (Artiste: Jeneraly, Genre: Folk)
2026-07-01 16:36:36 WARN  [UploaderApp] Fichier trop long ignoré (conservé dans le répertoire) : Lendrema.mp3 (Durée: 491s, Max: 360s)
2026-07-01 16:36:36 WARN  [UploaderApp] Fichier blacklisté ignoré (conservé dans le répertoire) : 18 taona.mp3 (Artiste: Jeneraly, Genre: Folk)
2026-07-01 16:36:36 WARN  [UploaderApp] Fichier trop long ignoré (conservé dans le répertoire) : Lendrema.mp3 (Durée: 491s, Max: 360s)
2026-07-01 16:36:37 WARN  [UploaderApp] Fichier blacklisté ignoré (conservé dans le répertoire) : 18 taona.mp3 (Artiste: Jeneraly, Genre: Folk)
2026-07-01 16:36:37 WARN  [UploaderApp] Fichier trop long ignoré (conservé dans le répertoire) : Lendrema.mp3 (Durée: 491s, Max: 360s)
2026-07-01 16:36:37 WARN  [UploaderApp] Fichier blacklisté ignoré (conservé dans le répertoire) : 18 taona.mp3 (Artiste: Jeneraly, Genre: Folk)
2026-07-01 16:36:37 WARN  [UploaderApp] Fichier trop long ignoré (conservé dans le répertoire) : Lendrema.mp3 (Durée: 491s, Max: 360s)
2026-07-01 16:36:37 WARN  [UploaderApp] Fichier blacklisté ignoré (conservé dans le répertoire) : 18 taona.mp3 (Artiste: Jeneraly, Genre: Folk)
2026-07-01 16:36:37 WARN  [UploaderApp] Fichier trop long ignoré (conservé dans le répertoire) : Lendrema.mp3 (Durée: 491s, Max: 360s)
2026-07-01 16:36:37 WARN  [UploaderApp] Fichier blacklisté ignoré (conservé dans le répertoire) : 18 taona.mp3 (Artiste: Jeneraly, Genre: Folk)
2026-07-01 16:36:37 WARN  [UploaderApp] Fichier trop long ignoré (conservé dans le répertoire) : Lendrema.mp3 (Durée: 491s, Max: 360s)
2026-07-01 16:36:37 WARN  [UploaderApp] Fichier blacklisté ignoré (conservé dans le répertoire) : 18 taona.mp3 (Artiste: Jeneraly, Genre: Folk)
2026-07-01 16:36:37 WARN  [UploaderApp] Fichier trop long ignoré (conservé dans le répertoire) : Lendrema.mp3 (Durée: 491s, Max: 360s)
2026-07-01 16:36:37 WARN  [UploaderApp] Fichier blacklisté ignoré (conservé dans le répertoire) : 18 taona.mp3 (Artiste: Jeneraly, Genre: Folk)
2026-07-01 16:36:37 WARN  [UploaderApp] Fichier trop long ignoré (conservé dans le répertoire) : Lendrema.mp3 (Durée: 491s, Max: 360s)
2026-07-01 16:36:37 WARN  [UploaderApp] Fichier blacklisté ignoré (conservé dans le répertoire) : 18 taona.mp3 (Artiste: Jeneraly, Genre: Folk)
2026-07-01 16:36:37 WARN  [UploaderApp] Fichier trop long ignoré (conservé dans le répertoire) : Lendrema.mp3 (Durée: 491s, Max: 360s)
2026-07-01 16:36:37 WARN  [UploaderApp] Fichier blacklisté ignoré (conservé dans le répertoire) : 18 taona.mp3 (Artiste: Jeneraly, Genre: Folk)
2026-07-01 16:36:37 WARN  [UploaderApp] Fichier trop long ignoré (conservé dans le répertoire) : Lendrema.mp3 (Durée: 491s, Max: 360s)
2026-07-01 16:36:37 WARN  [UploaderApp] Fichier blacklisté ignoré (conservé dans le répertoire) : 18 taona.mp3 (Artiste: Jeneraly, Genre: Folk)
2026-07-01 16:36:37 WARN  [UploaderApp] Fichier trop long ignoré (conservé dans le répertoire) : Lendrema.mp3 (Durée: 491s, Max: 360s)
2026-07-01 16:36:37 WARN  [UploaderApp] Fichier blacklisté ignoré (conservé dans le répertoire) : 18 taona.mp3 (Artiste: Jeneraly, Genre: Folk)
2026-07-01 16:36:37 WARN  [UploaderApp] Fichier trop long ignoré (conservé dans le répertoire) : Lendrema.mp3 (Durée: 491s, Max: 360s)
2026-07-01 16:36:37 WARN  [UploaderApp] Fichier blacklisté ignoré (conservé dans le répertoire) : 18 taona.mp3 (Artiste: Jeneraly, Genre: Folk)
2026-07-01 16:36:37 WARN  [UploaderApp] Fichier trop long ignoré (conservé dans le répertoire) : Lendrema.mp3 (Durée: 491s, Max: 360s)
2026-07-01 16:36:37 WARN  [UploaderApp] Fichier blacklisté ignoré (conservé dans le répertoire) : 18 taona.mp3 (Artiste: Jeneraly, Genre: Folk)
2026-07-01 16:36:37 WARN  [UploaderApp] Fichier trop long ignoré (conservé dans le répertoire) : Lendrema.mp3 (Durée: 491s, Max: 360s)
2026-07-01 16:36:37 WARN  [UploaderApp] Fichier blacklisté ignoré (conservé dans le répertoire) : 18 taona.mp3 (Artiste: Jeneraly, Genre: Folk)
2026-07-01 16:36:37 WARN  [UploaderApp] Fichier trop long ignoré (conservé dans le répertoire) : Lendrema.mp3 (Durée: 491s, Max: 360s)
2026-07-01 16:36:37 WARN  [UploaderApp] Fichier blacklisté ignoré (conservé dans le répertoire) : 18 taona.mp3 (Artiste: Jeneraly, Genre: Folk)
2026-07-01 16:36:37 WARN  [UploaderApp] Fichier trop long ignoré (conservé dans le répertoire) : Lendrema.mp3 (Durée: 491s, Max: 360s)
2026-07-01 16:36:37 WARN  [UploaderApp] Fichier blacklisté ignoré (conservé dans le répertoire) : 18 taona.mp3 (Artiste: Jeneraly, Genre: Folk)
2026-07-01 16:36:37 WARN  [UploaderApp] Fichier trop long ignoré (conservé dans le répertoire) : Lendrema.mp3 (Durée: 491s, Max: 360s)
2026-07-01 16:36:37 WARN  [UploaderApp] Fichier blacklisté ignoré (conservé dans le répertoire) : 18 taona.mp3 (Artiste: Jeneraly, Genre: Folk)
2026-07-01 16:36:37 WARN  [UploaderApp] Fichier trop long ignoré (conservé dans le répertoire) : Lendrema.mp3 (Durée: 491s, Max: 360s)
2026-07-01 16:36:37 WARN  [UploaderApp] Fichier blacklisté ignoré (conservé dans le répertoire) : 18 taona.mp3 (Artiste: Jeneraly, Genre: Folk)
2026-07-01 16:36:37 WARN  [UploaderApp] Fichier trop long ignoré (conservé dans le répertoire) : Lendrema.mp3 (Durée: 491s, Max: 360s)
2026-07-01 16:36:37 WARN  [UploaderApp] Fichier blacklisté ignoré (conservé dans le répertoire) : 18 taona.mp3 (Artiste: Jeneraly, Genre: Folk)
2026-07-01 16:36:37 WARN  [UploaderApp] Fichier trop long ignoré (conservé dans le répertoire) : Lendrema.mp3 (Durée: 491s, Max: 360s)
2026-07-01 16:36:37 WARN  [UploaderApp] Fichier blacklisté ignoré (conservé dans le répertoire) : 18 taona.mp3 (Artiste: Jeneraly, Genre: Folk)
2026-07-01 16:36:37 WARN  [UploaderApp] Fichier trop long ignoré (conservé dans le répertoire) : Lendrema.mp3 (Durée: 491s, Max: 360s)
2026-07-01 16:36:37 WARN  [UploaderApp] Fichier blacklisté ignoré (conservé dans le répertoire) : 18 taona.mp3 (Artiste: Jeneraly, Genre: Folk)
2026-07-01 16:36:37 WARN  [UploaderApp] Fichier trop long ignoré (conservé dans le répertoire) : Lendrema.mp3 (Durée: 491s, Max: 360s)
2026-07-01 16:36:37 WARN  [UploaderApp] Fichier blacklisté ignoré (conservé dans le répertoire) : 18 taona.mp3 (Artiste: Jeneraly, Genre: Folk)
2026-07-01 16:36:37 WARN  [UploaderApp] Fichier trop long ignoré (conservé dans le répertoire) : Lendrema.mp3 (Durée: 491s, Max: 360s)
2026-07-01 16:36:37 WARN  [UploaderApp] Fichier blacklisté ignoré (conservé dans le répertoire) : 18 taona.mp3 (Artiste: Jeneraly, Genre: Folk)
2026-07-01 16:36:37 WARN  [UploaderApp] Fichier trop long ignoré (conservé dans le répertoire) : Lendrema.mp3 (Durée: 491s, Max: 360s)
2026-07-01 16:36:37 WARN  [UploaderApp] Fichier blacklisté ignoré (conservé dans le répertoire) : 18 taona.mp3 (Artiste: Jeneraly, Genre: Folk)
2026-07-01 16:36:37 WARN  [UploaderApp] Fichier trop long ignoré (conservé dans le répertoire) : Lendrema.mp3 (Durée: 491s, Max: 360s)
2026-07-01 16:36:37 WARN  [UploaderApp] Fichier blacklisté ignoré (conservé dans le répertoire) : 18 taona.mp3 (Artiste: Jeneraly, Genre: Folk)
2026-07-01 16:36:37 WARN  [UploaderApp] Fichier trop long ignoré (conservé dans le répertoire) : Lendrema.mp3 (Durée: 491s, Max: 360s)
2026-07-01 16:36:37 WARN  [UploaderApp] Fichier blacklisté ignoré (conservé dans le répertoire) : 18 taona.mp3 (Artiste: Jeneraly, Genre: Folk)
2026-07-01 16:36:37 WARN  [UploaderApp] Fichier trop long ignoré (conservé dans le répertoire) : Lendrema.mp3 (Durée: 491s, Max: 360s)
2026-07-01 16:36:37 WARN  [UploaderApp] Fichier blacklisté ignoré (conservé dans le répertoire) : 18 taona.mp3 (Artiste: Jeneraly, Genre: Folk)
2026-07-01 16:36:37 WARN  [UploaderApp] Fichier trop long ignoré (conservé dans le répertoire) : Lendrema.mp3 (Durée: 491s, Max: 360s)
2026-07-01 16:36:37 WARN  [UploaderApp] Fichier blacklisté ignoré (conservé dans le répertoire) : 18 taona.mp3 (Artiste: Jeneraly, Genre: Folk)
2026-07-01 16:36:37 WARN  [UploaderApp] Fichier trop long ignoré (conservé dans le répertoire) : Lendrema.mp3 (Durée: 491s, Max: 360s)
2026-07-01 16:36:37 WARN  [UploaderApp] Fichier blacklisté ignoré (conservé dans le répertoire) : 18 taona.mp3 (Artiste: Jeneraly, Genre: Folk)
2026-07-01 16:36:38 WARN  [UploaderApp] Fichier trop long ignoré (conservé dans le répertoire) : Lendrema.mp3 (Durée: 491s, Max: 360s)
2026-07-01 16:36:38 WARN  [UploaderApp] Fichier blacklisté ignoré (conservé dans le répertoire) : 18 taona.mp3 (Artiste: Jeneraly, Genre: Folk)
2026-07-01 16:36:38 WARN  [UploaderApp] Fichier trop long ignoré (conservé dans le répertoire) : Lendrema.mp3 (Durée: 491s, Max: 360s)
2026-07-01 16:36:38 WARN  [UploaderApp] Fichier blacklisté ignoré (conservé dans le répertoire) : 18 taona.mp3 (Artiste: Jeneraly, Genre: Folk)
2026-07-01 16:36:38 WARN  [UploaderApp] Fichier trop long ignoré (conservé dans le répertoire) : Lendrema.mp3 (Durée: 491s, Max: 360s)
2026-07-01 16:36:38 WARN  [UploaderApp] Fichier blacklisté ignoré (conservé dans le répertoire) : 18 taona.mp3 (Artiste: Jeneraly, Genre: Folk)
2026-07-01 16:36:38 WARN  [UploaderApp] Fichier trop long ignoré (conservé dans le répertoire) : Lendrema.mp3 (Durée: 491s, Max: 360s)
2026-07-01 16:36:38 WARN  [UploaderApp] Fichier blacklisté ignoré (conservé dans le répertoire) : 18 taona.mp3 (Artiste: Jeneraly, Genre: Folk)
2026-07-01 16:36:38 WARN  [UploaderApp] Fichier trop long ignoré (conservé dans le répertoire) : Lendrema.mp3 (Durée: 491s, Max: 360s)
2026-07-01 16:36:38 WARN  [UploaderApp] Fichier blacklisté ignoré (conservé dans le répertoire) : 18 taona.mp3 (Artiste: Jeneraly, Genre: Folk)
2026-07-01 16:36:38 WARN  [UploaderApp] Fichier trop long ignoré (conservé dans le répertoire) : Lendrema.mp3 (Durée: 491s, Max: 360s)
2026-07-01 16:36:38 WARN  [UploaderApp] Fichier blacklisté ignoré (conservé dans le répertoire) : 18 taona.mp3 (Artiste: Jeneraly, Genre: Folk)
2026-07-01 16:36:38 WARN  [UploaderApp] Fichier trop long ignoré (conservé dans le répertoire) : Lendrema.mp3 (Durée: 491s, Max: 360s)
2026-07-01 16:36:38 WARN  [UploaderApp] Fichier blacklisté ignoré (conservé dans le répertoire) : 18 taona.mp3 (Artiste: Jeneraly, Genre: Folk)
2026-07-01 16:36:38 WARN  [UploaderApp] Fichier trop long ignoré (conservé dans le répertoire) : Lendrema.mp3 (Durée: 491s, Max: 360s)
2026-07-01 16:36:38 WARN  [UploaderApp] Fichier blacklisté ignoré (conservé dans le répertoire) : 18 taona.mp3 (Artiste: Jeneraly, Genre: Folk)
2026-07-01 16:36:38 WARN  [UploaderApp] Fichier trop long ignoré (conservé dans le répertoire) : Lendrema.mp3 (Durée: 491s, Max: 360s)
2026-07-01 16:36:38 WARN  [UploaderApp] Fichier blacklisté ignoré (conservé dans le répertoire) : 18 taona.mp3 (Artiste: Jeneraly, Genre: Folk)
2026-07-01 16:36:38 WARN  [UploaderApp] Fichier trop long ignoré (conservé dans le répertoire) : Lendrema.mp3 (Durée: 491s, Max: 360s)
2026-07-01 16:36:38 WARN  [UploaderApp] Fichier blacklisté ignoré (conservé dans le répertoire) : 18 taona.mp3 (Artiste: Jeneraly, Genre: Folk)
2026-07-01 16:36:38 WARN  [UploaderApp] Fichier trop long ignoré (conservé dans le répertoire) : Lendrema.mp3 (Durée: 491s, Max: 360s)
2026-07-01 16:36:38 WARN  [UploaderApp] Fichier blacklisté ignoré (conservé dans le répertoire) : 18 taona.mp3 (Artiste: Jeneraly, Genre: Folk)
2026-07-01 16:36:38 WARN  [UploaderApp] Fichier trop long ignoré (conservé dans le répertoire) : Lendrema.mp3 (Durée: 491s, Max: 360s)
2026-07-01 16:36:38 WARN  [UploaderApp] Fichier blacklisté ignoré (conservé dans le répertoire) : 18 taona.mp3 (Artiste: Jeneraly, Genre: Folk)
2026-07-01 16:36:38 WARN  [UploaderApp] Fichier trop long ignoré (conservé dans le répertoire) : Lendrema.mp3 (Durée: 491s, Max: 360s)
2026-07-01 16:36:38 WARN  [UploaderApp] Fichier blacklisté ignoré (conservé dans le répertoire) : 18 taona.mp3 (Artiste: Jeneraly, Genre: Folk)
2026-07-01 16:36:38 WARN  [UploaderApp] Fichier trop long ignoré (conservé dans le répertoire) : Lendrema.mp3 (Durée: 491s, Max: 360s)
2026-07-01 16:36:39 WARN  [UploaderApp] Fichier blacklisté ignoré (conservé dans le répertoire) : 18 taona.mp3 (Artiste: Jeneraly, Genre: Folk)
2026-07-01 16:36:39 WARN  [UploaderApp] Fichier trop long ignoré (conservé dans le répertoire) : Lendrema.mp3 (Durée: 491s, Max: 360s)
2026-07-01 16:36:39 WARN  [UploaderApp] Fichier blacklisté ignoré (conservé dans le répertoire) : 18 taona.mp3 (Artiste: Jeneraly, Genre: Folk)
2026-07-01 16:36:39 WARN  [UploaderApp] Fichier trop long ignoré (conservé dans le répertoire) : Lendrema.mp3 (Durée: 491s, Max: 360s)
2026-07-01 16:36:39 WARN  [UploaderApp] Fichier blacklisté ignoré (conservé dans le répertoire) : 18 taona.mp3 (Artiste: Jeneraly, Genre: Folk)
2026-07-01 16:36:39 WARN  [UploaderApp] Fichier trop long ignoré (conservé dans le répertoire) : Lendrema.mp3 (Durée: 491s, Max: 360s)
2026-07-01 16:36:39 WARN  [UploaderApp] Fichier blacklisté ignoré (conservé dans le répertoire) : 18 taona.mp3 (Artiste: Jeneraly, Genre: Folk)
2026-07-01 16:36:39 WARN  [UploaderApp] Fichier trop long ignoré (conservé dans le répertoire) : Lendrema.mp3 (Durée: 491s, Max: 360s)
2026-07-01 16:36:39 WARN  [UploaderApp] Fichier blacklisté ignoré (conservé dans le répertoire) : 18 taona.mp3 (Artiste: Jeneraly, Genre: Folk)
2026-07-01 16:36:39 WARN  [UploaderApp] Fichier trop long ignoré (conservé dans le répertoire) : Lendrema.mp3 (Durée: 491s, Max: 360s)
2026-07-01 16:36:39 WARN  [UploaderApp] Fichier blacklisté ignoré (conservé dans le répertoire) : 18 taona.mp3 (Artiste: Jeneraly, Genre: Folk)
2026-07-01 16:36:39 WARN  [UploaderApp] Fichier trop long ignoré (conservé dans le répertoire) : Lendrema.mp3 (Durée: 491s, Max: 360s)
2026-07-01 16:36:39 WARN  [UploaderApp] Fichier blacklisté ignoré (conservé dans le répertoire) : 18 taona.mp3 (Artiste: Jeneraly, Genre: Folk)
2026-07-01 16:36:39 WARN  [UploaderApp] Fichier trop long ignoré (conservé dans le répertoire) : Lendrema.mp3 (Durée: 491s, Max: 360s)
2026-07-01 16:36:39 WARN  [UploaderApp] Fichier blacklisté ignoré (conservé dans le répertoire) : 18 taona.mp3 (Artiste: Jeneraly, Genre: Folk)
2026-07-01 16:36:39 WARN  [UploaderApp] Fichier trop long ignoré (conservé dans le répertoire) : Lendrema.mp3 (Durée: 491s, Max: 360s)
2026-07-01 16:36:39 WARN  [UploaderApp] Fichier blacklisté ignoré (conservé dans le répertoire) : 18 taona.mp3 (Artiste: Jeneraly, Genre: Folk)
2026-07-01 16:36:39 WARN  [UploaderApp] Fichier trop long ignoré (conservé dans le répertoire) : Lendrema.mp3 (Durée: 491s, Max: 360s)
2026-07-01 16:36:39 WARN  [UploaderApp] Fichier blacklisté ignoré (conservé dans le répertoire) : 18 taona.mp3 (Artiste: Jeneraly, Genre: Folk)
2026-07-01 16:36:39 WARN  [UploaderApp] Fichier trop long ignoré (conservé dans le répertoire) : Lendrema.mp3 (Durée: 491s, Max: 360s)
2026-07-01 16:36:39 WARN  [UploaderApp] Fichier blacklisté ignoré (conservé dans le répertoire) : 18 taona.mp3 (Artiste: Jeneraly, Genre: Folk)
2026-07-01 16:36:39 WARN  [UploaderApp] Fichier trop long ignoré (conservé dans le répertoire) : Lendrema.mp3 (Durée: 491s, Max: 360s)
2026-07-01 16:36:39 WARN  [UploaderApp] Fichier blacklisté ignoré (conservé dans le répertoire) : 18 taona.mp3 (Artiste: Jeneraly, Genre: Folk)
2026-07-01 16:36:39 WARN  [UploaderApp] Fichier trop long ignoré (conservé dans le répertoire) : Lendrema.mp3 (Durée: 491s, Max: 360s)
2026-07-01 16:36:39 WARN  [UploaderApp] Fichier blacklisté ignoré (conservé dans le répertoire) : 18 taona.mp3 (Artiste: Jeneraly, Genre: Folk)
2026-07-01 16:36:39 WARN  [UploaderApp] Fichier trop long ignoré (conservé dans le répertoire) : Lendrema.mp3 (Durée: 491s, Max: 360s)
2026-07-01 16:36:39 WARN  [UploaderApp] Fichier blacklisté ignoré (conservé dans le répertoire) : 18 taona.mp3 (Artiste: Jeneraly, Genre: Folk)
2026-07-01 16:36:39 WARN  [UploaderApp] Fichier trop long ignoré (conservé dans le répertoire) : Lendrema.mp3 (Durée: 491s, Max: 360s)
2026-07-01 16:36:39 WARN  [UploaderApp] Fichier blacklisté ignoré (conservé dans le répertoire) : 18 taona.mp3 (Artiste: Jeneraly, Genre: Folk)
2026-07-01 16:36:39 WARN  [UploaderApp] Fichier trop long ignoré (conservé dans le répertoire) : Lendrema.mp3 (Durée: 491s, Max: 360s)
2026-07-01 16:36:39 WARN  [UploaderApp] Fichier blacklisté ignoré (conservé dans le répertoire) : 18 taona.mp3 (Artiste: Jeneraly, Genre: Folk)
2026-07-01 16:36:39 WARN  [UploaderApp] Fichier trop long ignoré (conservé dans le répertoire) : Lendrema.mp3 (Durée: 491s, Max: 360s)
2026-07-01 16:36:39 WARN  [UploaderApp] Fichier blacklisté ignoré (conservé dans le répertoire) : 18 taona.mp3 (Artiste: Jeneraly, Genre: Folk)
2026-07-01 16:36:39 WARN  [UploaderApp] Fichier trop long ignoré (conservé dans le répertoire) : Lendrema.mp3 (Durée: 491s, Max: 360s)
2026-07-01 16:36:39 WARN  [UploaderApp] Fichier blacklisté ignoré (conservé dans le répertoire) : 18 taona.mp3 (Artiste: Jeneraly, Genre: Folk)
2026-07-01 16:36:39 WARN  [UploaderApp] Fichier trop long ignoré (conservé dans le répertoire) : Lendrema.mp3 (Durée: 491s, Max: 360s)
2026-07-01 16:36:39 WARN  [UploaderApp] Fichier blacklisté ignoré (conservé dans le répertoire) : 18 taona.mp3 (Artiste: Jeneraly, Genre: Folk)
2026-07-01 16:36:39 WARN  [UploaderApp] Fichier trop long ignoré (conservé dans le répertoire) : Lendrema.mp3 (Durée: 491s, Max: 360s)
2026-07-01 16:36:39 WARN  [UploaderApp] Fichier blacklisté ignoré (conservé dans le répertoire) : 18 taona.mp3 (Artiste: Jeneraly, Genre: Folk)
2026-07-01 16:36:39 WARN  [UploaderApp] Fichier trop long ignoré (conservé dans le répertoire) : Lendrema.mp3 (Durée: 491s, Max: 360s)
2026-07-01 16:36:39 WARN  [UploaderApp] Fichier blacklisté ignoré (conservé dans le répertoire) : 18 taona.mp3 (Artiste: Jeneraly, Genre: Folk)
2026-07-01 16:36:39 WARN  [UploaderApp] Fichier trop long ignoré (conservé dans le répertoire) : Lendrema.mp3 (Durée: 491s, Max: 360s)
2026-07-01 16:36:39 WARN  [UploaderApp] Fichier blacklisté ignoré (conservé dans le répertoire) : 18 taona.mp3 (Artiste: Jeneraly, Genre: Folk)
2026-07-01 16:36:40 WARN  [UploaderApp] Fichier trop long ignoré (conservé dans le répertoire) : Lendrema.mp3 (Durée: 491s, Max: 360s)
2026-07-01 16:36:40 WARN  [UploaderApp] Fichier blacklisté ignoré (conservé dans le répertoire) : 18 taona.mp3 (Artiste: Jeneraly, Genre: Folk)
2026-07-01 16:36:40 WARN  [UploaderApp] Fichier trop long ignoré (conservé dans le répertoire) : Lendrema.mp3 (Durée: 491s, Max: 360s)
2026-07-01 16:36:40 WARN  [UploaderApp] Fichier blacklisté ignoré (conservé dans le répertoire) : 18 taona.mp3 (Artiste: Jeneraly, Genre: Folk)
2026-07-01 16:36:40 WARN  [UploaderApp] Fichier trop long ignoré (conservé dans le répertoire) : Lendrema.mp3 (Durée: 491s, Max: 360s)
2026-07-01 16:36:40 WARN  [UploaderApp] Fichier blacklisté ignoré (conservé dans le répertoire) : 18 taona.mp3 (Artiste: Jeneraly, Genre: Folk)
2026-07-01 16:36:40 WARN  [UploaderApp] Fichier trop long ignoré (conservé dans le répertoire) : Lendrema.mp3 (Durée: 491s, Max: 360s)
2026-07-01 16:36:40 WARN  [UploaderApp] Fichier blacklisté ignoré (conservé dans le répertoire) : 18 taona.mp3 (Artiste: Jeneraly, Genre: Folk)
2026-07-01 16:36:40 WARN  [UploaderApp] Fichier trop long ignoré (conservé dans le répertoire) : Lendrema.mp3 (Durée: 491s, Max: 360s)
2026-07-01 16:36:40 WARN  [UploaderApp] Fichier blacklisté ignoré (conservé dans le répertoire) : 18 taona.mp3 (Artiste: Jeneraly, Genre: Folk)
2026-07-01 16:36:40 WARN  [UploaderApp] Fichier trop long ignoré (conservé dans le répertoire) : Lendrema.mp3 (Durée: 491s, Max: 360s)
2026-07-01 16:36:40 WARN  [UploaderApp] Fichier blacklisté ignoré (conservé dans le répertoire) : 18 taona.mp3 (Artiste: Jeneraly, Genre: Folk)
2026-07-01 16:36:40 WARN  [UploaderApp] Fichier trop long ignoré (conservé dans le répertoire) : Lendrema.mp3 (Durée: 491s, Max: 360s)
2026-07-01 16:36:40 WARN  [UploaderApp] Fichier blacklisté ignoré (conservé dans le répertoire) : 18 taona.mp3 (Artiste: Jeneraly, Genre: Folk)
2026-07-01 16:36:40 WARN  [UploaderApp] Fichier trop long ignoré (conservé dans le répertoire) : Lendrema.mp3 (Durée: 491s, Max: 360s)
2026-07-01 16:36:40 WARN  [UploaderApp] Fichier blacklisté ignoré (conservé dans le répertoire) : 18 taona.mp3 (Artiste: Jeneraly, Genre: Folk)
2026-07-01 16:36:40 WARN  [UploaderApp] Fichier trop long ignoré (conservé dans le répertoire) : Lendrema.mp3 (Durée: 491s, Max: 360s)
2026-07-01 16:36:40 WARN  [UploaderApp] Fichier blacklisté ignoré (conservé dans le répertoire) : 18 taona.mp3 (Artiste: Jeneraly, Genre: Folk)
2026-07-01 16:36:40 WARN  [UploaderApp] Fichier trop long ignoré (conservé dans le répertoire) : Lendrema.mp3 (Durée: 491s, Max: 360s)
2026-07-01 16:36:40 WARN  [UploaderApp] Fichier blacklisté ignoré (conservé dans le répertoire) : 18 taona.mp3 (Artiste: Jeneraly, Genre: Folk)
2026-07-01 16:36:40 WARN  [UploaderApp] Fichier trop long ignoré (conservé dans le répertoire) : Lendrema.mp3 (Durée: 491s, Max: 360s)
2026-07-01 16:36:40 WARN  [UploaderApp] Fichier blacklisté ignoré (conservé dans le répertoire) : 18 taona.mp3 (Artiste: Jeneraly, Genre: Folk)
2026-07-01 16:36:40 WARN  [UploaderApp] Fichier trop long ignoré (conservé dans le répertoire) : Lendrema.mp3 (Durée: 491s, Max: 360s)
2026-07-01 16:36:40 WARN  [UploaderApp] Fichier blacklisté ignoré (conservé dans le répertoire) : 18 taona.mp3 (Artiste: Jeneraly, Genre: Folk)
2026-07-01 16:36:40 WARN  [UploaderApp] Fichier trop long ignoré (conservé dans le répertoire) : Lendrema.mp3 (Durée: 491s, Max: 360s)
2026-07-01 16:36:40 WARN  [UploaderApp] Fichier blacklisté ignoré (conservé dans le répertoire) : 18 taona.mp3 (Artiste: Jeneraly, Genre: Folk)
2026-07-01 16:36:41 WARN  [UploaderApp] Fichier trop long ignoré (conservé dans le répertoire) : Lendrema.mp3 (Durée: 491s, Max: 360s)
2026-07-01 16:36:41 WARN  [UploaderApp] Fichier blacklisté ignoré (conservé dans le répertoire) : 18 taona.mp3 (Artiste: Jeneraly, Genre: Folk)
2026-07-01 16:36:41 WARN  [UploaderApp] Fichier trop long ignoré (conservé dans le répertoire) : Lendrema.mp3 (Durée: 491s, Max: 360s)
2026-07-01 16:36:41 WARN  [UploaderApp] Fichier blacklisté ignoré (conservé dans le répertoire) : 18 taona.mp3 (Artiste: Jeneraly, Genre: Folk)
2026-07-01 16:36:41 WARN  [UploaderApp] Fichier trop long ignoré (conservé dans le répertoire) : Lendrema.mp3 (Durée: 491s, Max: 360s)
2026-07-01 16:36:41 WARN  [UploaderApp] Fichier blacklisté ignoré (conservé dans le répertoire) : 18 taona.mp3 (Artiste: Jeneraly, Genre: Folk)
2026-07-01 16:36:41 WARN  [UploaderApp] Fichier trop long ignoré (conservé dans le répertoire) : Lendrema.mp3 (Durée: 491s, Max: 360s)
2026-07-01 16:36:41 WARN  [UploaderApp] Fichier blacklisté ignoré (conservé dans le répertoire) : 18 taona.mp3 (Artiste: Jeneraly, Genre: Folk)
2026-07-01 16:36:41 WARN  [UploaderApp] Fichier trop long ignoré (conservé dans le répertoire) : Lendrema.mp3 (Durée: 491s, Max: 360s)
2026-07-01 16:36:41 WARN  [UploaderApp] Fichier blacklisté ignoré (conservé dans le répertoire) : 18 taona.mp3 (Artiste: Jeneraly, Genre: Folk)
2026-07-01 16:36:41 WARN  [UploaderApp] Fichier trop long ignoré (conservé dans le répertoire) : Lendrema.mp3 (Durée: 491s, Max: 360s)
2026-07-01 16:36:41 WARN  [UploaderApp] Fichier blacklisté ignoré (conservé dans le répertoire) : 18 taona.mp3 (Artiste: Jeneraly, Genre: Folk)
2026-07-01 16:36:41 WARN  [UploaderApp] Fichier trop long ignoré (conservé dans le répertoire) : Lendrema.mp3 (Durée: 491s, Max: 360s)
2026-07-01 16:36:41 WARN  [UploaderApp] Fichier blacklisté ignoré (conservé dans le répertoire) : 18 taona.mp3 (Artiste: Jeneraly, Genre: Folk)
2026-07-01 16:36:41 WARN  [UploaderApp] Fichier trop long ignoré (conservé dans le répertoire) : Lendrema.mp3 (Durée: 491s, Max: 360s)
2026-07-01 16:36:41 WARN  [UploaderApp] Fichier blacklisté ignoré (conservé dans le répertoire) : 18 taona.mp3 (Artiste: Jeneraly, Genre: Folk)
2026-07-01 16:36:41 WARN  [UploaderApp] Fichier trop long ignoré (conservé dans le répertoire) : Lendrema.mp3 (Durée: 491s, Max: 360s)
2026-07-01 16:36:41 WARN  [UploaderApp] Fichier blacklisté ignoré (conservé dans le répertoire) : 18 taona.mp3 (Artiste: Jeneraly, Genre: Folk)
2026-07-01 16:36:41 WARN  [UploaderApp] Fichier trop long ignoré (conservé dans le répertoire) : Lendrema.mp3 (Durée: 491s, Max: 360s)
2026-07-01 16:36:41 WARN  [UploaderApp] Fichier blacklisté ignoré (conservé dans le répertoire) : 18 taona.mp3 (Artiste: Jeneraly, Genre: Folk)
2026-07-01 16:36:41 WARN  [UploaderApp] Fichier trop long ignoré (conservé dans le répertoire) : Lendrema.mp3 (Durée: 491s, Max: 360s)
2026-07-01 16:36:41 WARN  [UploaderApp] Fichier blacklisté ignoré (conservé dans le répertoire) : 18 taona.mp3 (Artiste: Jeneraly, Genre: Folk)
2026-07-01 16:36:41 WARN  [UploaderApp] Fichier trop long ignoré (conservé dans le répertoire) : Lendrema.mp3 (Durée: 491s, Max: 360s)
2026-07-01 16:36:41 WARN  [UploaderApp] Fichier blacklisté ignoré (conservé dans le répertoire) : 18 taona.mp3 (Artiste: Jeneraly, Genre: Folk)
2026-07-01 16:36:41 WARN  [UploaderApp] Fichier trop long ignoré (conservé dans le répertoire) : Lendrema.mp3 (Durée: 491s, Max: 360s)
2026-07-01 16:36:41 WARN  [UploaderApp] Fichier blacklisté ignoré (conservé dans le répertoire) : 18 taona.mp3 (Artiste: Jeneraly, Genre: Folk)
2026-07-01 16:36:41 WARN  [UploaderApp] Fichier trop long ignoré (conservé dans le répertoire) : Lendrema.mp3 (Durée: 491s, Max: 360s)
2026-07-01 16:36:41 WARN  [UploaderApp] Fichier blacklisté ignoré (conservé dans le répertoire) : 18 taona.mp3 (Artiste: Jeneraly, Genre: Folk)
2026-07-01 16:36:41 WARN  [UploaderApp] Fichier trop long ignoré (conservé dans le répertoire) : Lendrema.mp3 (Durée: 491s, Max: 360s)
2026-07-01 16:36:41 WARN  [UploaderApp] Fichier blacklisté ignoré (conservé dans le répertoire) : 18 taona.mp3 (Artiste: Jeneraly, Genre: Folk)
2026-07-01 16:36:41 WARN  [UploaderApp] Fichier trop long ignoré (conservé dans le répertoire) : Lendrema.mp3 (Durée: 491s, Max: 360s)
2026-07-01 16:36:41 WARN  [UploaderApp] Fichier blacklisté ignoré (conservé dans le répertoire) : 18 taona.mp3 (Artiste: Jeneraly, Genre: Folk)
2026-07-01 16:36:41 WARN  [UploaderApp] Fichier trop long ignoré (conservé dans le répertoire) : Lendrema.mp3 (Durée: 491s, Max: 360s)
2026-07-01 16:36:41 WARN  [UploaderApp] Fichier blacklisté ignoré (conservé dans le répertoire) : 18 taona.mp3 (Artiste: Jeneraly, Genre: Folk)
2026-07-01 16:36:41 WARN  [UploaderApp] Fichier trop long ignoré (conservé dans le répertoire) : Lendrema.mp3 (Durée: 491s, Max: 360s)
2026-07-01 16:36:41 WARN  [UploaderApp] Fichier blacklisté ignoré (conservé dans le répertoire) : 18 taona.mp3 (Artiste: Jeneraly, Genre: Folk)
2026-07-01 16:36:41 WARN  [UploaderApp] Fichier trop long ignoré (conservé dans le répertoire) : Lendrema.mp3 (Durée: 491s, Max: 360s)
2026-07-01 16:36:41 WARN  [UploaderApp] Fichier blacklisté ignoré (conservé dans le répertoire) : 18 taona.mp3 (Artiste: Jeneraly, Genre: Folk)
2026-07-01 16:36:42 WARN  [UploaderApp] Fichier trop long ignoré (conservé dans le répertoire) : Lendrema.mp3 (Durée: 491s, Max: 360s)
2026-07-01 16:36:42 WARN  [UploaderApp] Fichier blacklisté ignoré (conservé dans le répertoire) : 18 taona.mp3 (Artiste: Jeneraly, Genre: Folk)
2026-07-01 16:36:42 WARN  [UploaderApp] Fichier trop long ignoré (conservé dans le répertoire) : Lendrema.mp3 (Durée: 491s, Max: 360s)
2026-07-01 16:36:42 WARN  [UploaderApp] Fichier blacklisté ignoré (conservé dans le répertoire) : 18 taona.mp3 (Artiste: Jeneraly, Genre: Folk)
2026-07-01 16:36:42 WARN  [UploaderApp] Fichier trop long ignoré (conservé dans le répertoire) : Lendrema.mp3 (Durée: 491s, Max: 360s)
2026-07-01 16:36:42 WARN  [UploaderApp] Fichier blacklisté ignoré (conservé dans le répertoire) : 18 taona.mp3 (Artiste: Jeneraly, Genre: Folk)
2026-07-01 16:36:42 WARN  [UploaderApp] Fichier trop long ignoré (conservé dans le répertoire) : Lendrema.mp3 (Durée: 491s, Max: 360s)
2026-07-01 16:36:42 WARN  [UploaderApp] Fichier blacklisté ignoré (conservé dans le répertoire) : 18 taona.mp3 (Artiste: Jeneraly, Genre: Folk)
2026-07-01 16:36:42 WARN  [UploaderApp] Fichier trop long ignoré (conservé dans le répertoire) : Lendrema.mp3 (Durée: 491s, Max: 360s)
2026-07-01 16:36:42 WARN  [UploaderApp] Fichier blacklisté ignoré (conservé dans le répertoire) : 18 taona.mp3 (Artiste: Jeneraly, Genre: Folk)
2026-07-01 16:36:42 WARN  [UploaderApp] Fichier trop long ignoré (conservé dans le répertoire) : Lendrema.mp3 (Durée: 491s, Max: 360s)
2026-07-01 16:36:42 WARN  [UploaderApp] Fichier blacklisté ignoré (conservé dans le répertoire) : 18 taona.mp3 (Artiste: Jeneraly, Genre: Folk)
2026-07-01 16:36:42 WARN  [UploaderApp] Fichier trop long ignoré (conservé dans le répertoire) : Lendrema.mp3 (Durée: 491s, Max: 360s)
2026-07-01 16:36:42 WARN  [UploaderApp] Fichier blacklisté ignoré (conservé dans le répertoire) : 18 taona.mp3 (Artiste: Jeneraly, Genre: Folk)
2026-07-01 16:36:42 WARN  [UploaderApp] Fichier trop long ignoré (conservé dans le répertoire) : Lendrema.mp3 (Durée: 491s, Max: 360s)
2026-07-01 16:36:42 WARN  [UploaderApp] Fichier blacklisté ignoré (conservé dans le répertoire) : 18 taona.mp3 (Artiste: Jeneraly, Genre: Folk)
2026-07-01 16:36:42 WARN  [UploaderApp] Fichier trop long ignoré (conservé dans le répertoire) : Lendrema.mp3 (Durée: 491s, Max: 360s)
2026-07-01 16:36:42 WARN  [UploaderApp] Fichier blacklisté ignoré (conservé dans le répertoire) : 18 taona.mp3 (Artiste: Jeneraly, Genre: Folk)
2026-07-01 16:36:42 WARN  [UploaderApp] Fichier trop long ignoré (conservé dans le répertoire) : Lendrema.mp3 (Durée: 491s, Max: 360s)
2026-07-01 16:36:42 WARN  [UploaderApp] Fichier blacklisté ignoré (conservé dans le répertoire) : 18 taona.mp3 (Artiste: Jeneraly, Genre: Folk)
2026-07-01 16:36:42 WARN  [UploaderApp] Fichier trop long ignoré (conservé dans le répertoire) : Lendrema.mp3 (Durée: 491s, Max: 360s)
2026-07-01 16:36:42 WARN  [UploaderApp] Fichier blacklisté ignoré (conservé dans le répertoire) : 18 taona.mp3 (Artiste: Jeneraly, Genre: Folk)
2026-07-01 16:36:42 WARN  [UploaderApp] Fichier trop long ignoré (conservé dans le répertoire) : Lendrema.mp3 (Durée: 491s, Max: 360s)
2026-07-01 16:36:42 WARN  [UploaderApp] Fichier blacklisté ignoré (conservé dans le répertoire) : 18 taona.mp3 (Artiste: Jeneraly, Genre: Folk)
2026-07-01 16:36:42 WARN  [UploaderApp] Fichier trop long ignoré (conservé dans le répertoire) : Lendrema.mp3 (Durée: 491s, Max: 360s)
2026-07-01 16:36:42 WARN  [UploaderApp] Fichier blacklisté ignoré (conservé dans le répertoire) : 18 taona.mp3 (Artiste: Jeneraly, Genre: Folk)
2026-07-01 16:36:42 WARN  [UploaderApp] Fichier trop long ignoré (conservé dans le répertoire) : Lendrema.mp3 (Durée: 491s, Max: 360s)
2026-07-01 16:36:42 WARN  [UploaderApp] Fichier blacklisté ignoré (conservé dans le répertoire) : 18 taona.mp3 (Artiste: Jeneraly, Genre: Folk)
2026-07-01 16:36:42 WARN  [UploaderApp] Fichier trop long ignoré (conservé dans le répertoire) : Lendrema.mp3 (Durée: 491s, Max: 360s)
2026-07-01 16:36:42 WARN  [UploaderApp] Fichier blacklisté ignoré (conservé dans le répertoire) : 18 taona.mp3 (Artiste: Jeneraly, Genre: Folk)
2026-07-01 16:36:42 WARN  [UploaderApp] Fichier trop long ignoré (conservé dans le répertoire) : Lendrema.mp3 (Durée: 491s, Max: 360s)
2026-07-01 16:36:42 WARN  [UploaderApp] Fichier blacklisté ignoré (conservé dans le répertoire) : 18 taona.mp3 (Artiste: Jeneraly, Genre: Folk)
2026-07-01 16:36:42 WARN  [UploaderApp] Fichier trop long ignoré (conservé dans le répertoire) : Lendrema.mp3 (Durée: 491s, Max: 360s)
2026-07-01 16:36:42 WARN  [UploaderApp] Fichier blacklisté ignoré (conservé dans le répertoire) : 18 taona.mp3 (Artiste: Jeneraly, Genre: Folk)
2026-07-01 16:36:42 WARN  [UploaderApp] Fichier trop long ignoré (conservé dans le répertoire) : Lendrema.mp3 (Durée: 491s, Max: 360s)
2026-07-01 16:36:42 WARN  [UploaderApp] Fichier blacklisté ignoré (conservé dans le répertoire) : 18 taona.mp3 (Artiste: Jeneraly, Genre: Folk)
2026-07-01 16:36:42 WARN  [UploaderApp] Fichier trop long ignoré (conservé dans le répertoire) : Lendrema.mp3 (Durée: 491s, Max: 360s)
2026-07-01 16:36:42 WARN  [UploaderApp] Fichier blacklisté ignoré (conservé dans le répertoire) : 18 taona.mp3 (Artiste: Jeneraly, Genre: Folk)
2026-07-01 16:36:42 WARN  [UploaderApp] Fichier trop long ignoré (conservé dans le répertoire) : Lendrema.mp3 (Durée: 491s, Max: 360s)
2026-07-01 16:36:42 WARN  [UploaderApp] Fichier blacklisté ignoré (conservé dans le répertoire) : 18 taona.mp3 (Artiste: Jeneraly, Genre: Folk)
2026-07-01 16:36:42 WARN  [UploaderApp] Fichier trop long ignoré (conservé dans le répertoire) : Lendrema.mp3 (Durée: 491s, Max: 360s)
2026-07-01 16:36:42 WARN  [UploaderApp] Fichier blacklisté ignoré (conservé dans le répertoire) : 18 taona.mp3 (Artiste: Jeneraly, Genre: Folk)
2026-07-01 16:36:42 WARN  [UploaderApp] Fichier trop long ignoré (conservé dans le répertoire) : Lendrema.mp3 (Durée: 491s, Max: 360s)
2026-07-01 16:36:42 WARN  [UploaderApp] Fichier blacklisté ignoré (conservé dans le répertoire) : 18 taona.mp3 (Artiste: Jeneraly, Genre: Folk)
2026-07-01 16:36:42 WARN  [UploaderApp] Fichier trop long ignoré (conservé dans le répertoire) : Lendrema.mp3 (Durée: 491s, Max: 360s)
2026-07-01 16:36:42 WARN  [UploaderApp] Fichier blacklisté ignoré (conservé dans le répertoire) : 18 taona.mp3 (Artiste: Jeneraly, Genre: Folk)
2026-07-01 16:36:42 WARN  [UploaderApp] Fichier trop long ignoré (conservé dans le répertoire) : Lendrema.mp3 (Durée: 491s, Max: 360s)
2026-07-01 16:36:42 WARN  [UploaderApp] Fichier blacklisté ignoré (conservé dans le répertoire) : 18 taona.mp3 (Artiste: Jeneraly, Genre: Folk)
2026-07-01 16:36:42 WARN  [UploaderApp] Fichier trop long ignoré (conservé dans le répertoire) : Lendrema.mp3 (Durée: 491s, Max: 360s)
2026-07-01 16:36:42 WARN  [UploaderApp] Fichier blacklisté ignoré (conservé dans le répertoire) : 18 taona.mp3 (Artiste: Jeneraly, Genre: Folk)
2026-07-01 16:36:42 WARN  [UploaderApp] Fichier trop long ignoré (conservé dans le répertoire) : Lendrema.mp3 (Durée: 491s, Max: 360s)
2026-07-01 16:36:42 WARN  [UploaderApp] Fichier blacklisté ignoré (conservé dans le répertoire) : 18 taona.mp3 (Artiste: Jeneraly, Genre: Folk)
2026-07-01 16:36:42 WARN  [UploaderApp] Fichier trop long ignoré (conservé dans le répertoire) : Lendrema.mp3 (Durée: 491s, Max: 360s)
2026-07-01 16:36:42 WARN  [UploaderApp] Fichier blacklisté ignoré (conservé dans le répertoire) : 18 taona.mp3 (Artiste: Jeneraly, Genre: Folk)
2026-07-01 16:36:42 WARN  [UploaderApp] Fichier trop long ignoré (conservé dans le répertoire) : Lendrema.mp3 (Durée: 491s, Max: 360s)
2026-07-01 16:36:42 WARN  [UploaderApp] Fichier blacklisté ignoré (conservé dans le répertoire) : 18 taona.mp3 (Artiste: Jeneraly, Genre: Folk)
2026-07-01 16:36:42 WARN  [UploaderApp] Fichier trop long ignoré (conservé dans le répertoire) : Lendrema.mp3 (Durée: 491s, Max: 360s)
2026-07-01 16:36:42 WARN  [UploaderApp] Fichier blacklisté ignoré (conservé dans le répertoire) : 18 taona.mp3 (Artiste: Jeneraly, Genre: Folk)
2026-07-01 16:36:42 WARN  [UploaderApp] Fichier trop long ignoré (conservé dans le répertoire) : Lendrema.mp3 (Durée: 491s, Max: 360s)
2026-07-01 16:36:42 WARN  [UploaderApp] Fichier blacklisté ignoré (conservé dans le répertoire) : 18 taona.mp3 (Artiste: Jeneraly, Genre: Folk)
2026-07-01 16:36:42 WARN  [UploaderApp] Fichier trop long ignoré (conservé dans le répertoire) : Lendrema.mp3 (Durée: 491s, Max: 360s)
2026-07-01 16:36:42 WARN  [UploaderApp] Fichier blacklisté ignoré (conservé dans le répertoire) : 18 taona.mp3 (Artiste: Jeneraly, Genre: Folk)
2026-07-01 16:36:42 WARN  [UploaderApp] Fichier trop long ignoré (conservé dans le répertoire) : Lendrema.mp3 (Durée: 491s, Max: 360s)
2026-07-01 16:36:42 WARN  [UploaderApp] Fichier blacklisté ignoré (conservé dans le répertoire) : 18 taona.mp3 (Artiste: Jeneraly, Genre: Folk)
2026-07-01 16:36:42 WARN  [UploaderApp] Fichier trop long ignoré (conservé dans le répertoire) : Lendrema.mp3 (Durée: 491s, Max: 360s)
2026-07-01 16:36:42 WARN  [UploaderApp] Fichier blacklisté ignoré (conservé dans le répertoire) : 18 taona.mp3 (Artiste: Jeneraly, Genre: Folk)
2026-07-01 16:36:42 WARN  [UploaderApp] Fichier trop long ignoré (conservé dans le répertoire) : Lendrema.mp3 (Durée: 491s, Max: 360s)
2026-07-01 16:36:42 WARN  [UploaderApp] Fichier blacklisté ignoré (conservé dans le répertoire) : 18 taona.mp3 (Artiste: Jeneraly, Genre: Folk)
2026-07-01 16:36:42 WARN  [UploaderApp] Fichier trop long ignoré (conservé dans le répertoire) : Lendrema.mp3 (Durée: 491s, Max: 360s)
2026-07-01 16:36:42 WARN  [UploaderApp] Fichier blacklisté ignoré (conservé dans le répertoire) : 18 taona.mp3 (Artiste: Jeneraly, Genre: Folk)
2026-07-01 16:36:42 WARN  [UploaderApp] Fichier trop long ignoré (conservé dans le répertoire) : Lendrema.mp3 (Durée: 491s, Max: 360s)
2026-07-01 16:36:42 WARN  [UploaderApp] Fichier blacklisté ignoré (conservé dans le répertoire) : 18 taona.mp3 (Artiste: Jeneraly, Genre: Folk)
2026-07-01 16:36:42 WARN  [UploaderApp] Fichier trop long ignoré (conservé dans le répertoire) : Lendrema.mp3 (Durée: 491s, Max: 360s)
2026-07-01 16:36:42 WARN  [UploaderApp] Fichier blacklisté ignoré (conservé dans le répertoire) : 18 taona.mp3 (Artiste: Jeneraly, Genre: Folk)
2026-07-01 16:36:42 WARN  [UploaderApp] Fichier trop long ignoré (conservé dans le répertoire) : Lendrema.mp3 (Durée: 491s, Max: 360s)
2026-07-01 16:36:42 WARN  [UploaderApp] Fichier blacklisté ignoré (conservé dans le répertoire) : 18 taona.mp3 (Artiste: Jeneraly, Genre: Folk)
2026-07-01 16:36:42 WARN  [UploaderApp] Fichier trop long ignoré (conservé dans le répertoire) : Lendrema.mp3 (Durée: 491s, Max: 360s)
2026-07-01 16:36:42 WARN  [UploaderApp] Fichier blacklisté ignoré (conservé dans le répertoire) : 18 taona.mp3 (Artiste: Jeneraly, Genre: Folk)
2026-07-01 16:36:42 WARN  [UploaderApp] Fichier trop long ignoré (conservé dans le répertoire) : Lendrema.mp3 (Durée: 491s, Max: 360s)
2026-07-01 16:36:42 WARN  [UploaderApp] Fichier blacklisté ignoré (conservé dans le répertoire) : 18 taona.mp3 (Artiste: Jeneraly, Genre: Folk)
2026-07-01 16:36:42 WARN  [UploaderApp] Fichier trop long ignoré (conservé dans le répertoire) : Lendrema.mp3 (Durée: 491s, Max: 360s)
2026-07-01 16:36:42 WARN  [UploaderApp] Fichier blacklisté ignoré (conservé dans le répertoire) : 18 taona.mp3 (Artiste: Jeneraly, Genre: Folk)
2026-07-01 16:36:42 WARN  [UploaderApp] Fichier trop long ignoré (conservé dans le répertoire) : Lendrema.mp3 (Durée: 491s, Max: 360s)
2026-07-01 16:36:42 WARN  [UploaderApp] Fichier blacklisté ignoré (conservé dans le répertoire) : 18 taona.mp3 (Artiste: Jeneraly, Genre: Folk)
2026-07-01 16:36:42 WARN  [UploaderApp] Fichier trop long ignoré (conservé dans le répertoire) : Lendrema.mp3 (Durée: 491s, Max: 360s)
2026-07-01 16:36:42 WARN  [UploaderApp] Fichier blacklisté ignoré (conservé dans le répertoire) : 18 taona.mp3 (Artiste: Jeneraly, Genre: Folk)
2026-07-01 16:36:42 WARN  [UploaderApp] Fichier trop long ignoré (conservé dans le répertoire) : Lendrema.mp3 (Durée: 491s, Max: 360s)
2026-07-01 16:36:42 WARN  [UploaderApp] Fichier blacklisté ignoré (conservé dans le répertoire) : 18 taona.mp3 (Artiste: Jeneraly, Genre: Folk)
2026-07-01 16:36:42 WARN  [UploaderApp] Fichier trop long ignoré (conservé dans le répertoire) : Lendrema.mp3 (Durée: 491s, Max: 360s)
2026-07-01 16:36:42 WARN  [UploaderApp] Fichier blacklisté ignoré (conservé dans le répertoire) : 18 taona.mp3 (Artiste: Jeneraly, Genre: Folk)
2026-07-01 16:36:42 WARN  [UploaderApp] Fichier trop long ignoré (conservé dans le répertoire) : Lendrema.mp3 (Durée: 491s, Max: 360s)
2026-07-01 16:36:42 WARN  [UploaderApp] Fichier blacklisté ignoré (conservé dans le répertoire) : 18 taona.mp3 (Artiste: Jeneraly, Genre: Folk)
2026-07-01 16:36:42 WARN  [UploaderApp] Fichier trop long ignoré (conservé dans le répertoire) : Lendrema.mp3 (Durée: 491s, Max: 360s)
2026-07-01 16:36:42 WARN  [UploaderApp] Fichier blacklisté ignoré (conservé dans le répertoire) : 18 taona.mp3 (Artiste: Jeneraly, Genre: Folk)
2026-07-01 16:36:42 WARN  [UploaderApp] Fichier trop long ignoré (conservé dans le répertoire) : Lendrema.mp3 (Durée: 491s, Max: 360s)
2026-07-01 16:36:42 WARN  [UploaderApp] Fichier blacklisté ignoré (conservé dans le répertoire) : 18 taona.mp3 (Artiste: Jeneraly, Genre: Folk)
2026-07-01 16:36:42 WARN  [UploaderApp] Fichier trop long ignoré (conservé dans le répertoire) : Lendrema.mp3 (Durée: 491s, Max: 360s)
2026-07-01 16:36:42 WARN  [UploaderApp] Fichier blacklisté ignoré (conservé dans le répertoire) : 18 taona.mp3 (Artiste: Jeneraly, Genre: Folk)
2026-07-01 16:36:42 WARN  [UploaderApp] Fichier trop long ignoré (conservé dans le répertoire) : Lendrema.mp3 (Durée: 491s, Max: 360s)
2026-07-01 16:36:42 WARN  [UploaderApp] Fichier blacklisté ignoré (conservé dans le répertoire) : 18 taona.mp3 (Artiste: Jeneraly, Genre: Folk)
2026-07-01 16:36:42 WARN  [UploaderApp] Fichier trop long ignoré (conservé dans le répertoire) : Lendrema.mp3 (Durée: 491s, Max: 360s)
2026-07-01 16:36:42 WARN  [UploaderApp] Fichier blacklisté ignoré (conservé dans le répertoire) : 18 taona.mp3 (Artiste: Jeneraly, Genre: Folk)
2026-07-01 16:36:42 WARN  [UploaderApp] Fichier trop long ignoré (conservé dans le répertoire) : Lendrema.mp3 (Durée: 491s, Max: 360s)
2026-07-01 16:36:42 WARN  [UploaderApp] Fichier blacklisté ignoré (conservé dans le répertoire) : 18 taona.mp3 (Artiste: Jeneraly, Genre: Folk)
2026-07-01 16:36:42 WARN  [UploaderApp] Fichier trop long ignoré (conservé dans le répertoire) : Lendrema.mp3 (Durée: 491s, Max: 360s)
2026-07-01 16:36:42 WARN  [UploaderApp] Fichier blacklisté ignoré (conservé dans le répertoire) : 18 taona.mp3 (Artiste: Jeneraly, Genre: Folk)
2026-07-01 16:36:42 WARN  [UploaderApp] Fichier trop long ignoré (conservé dans le répertoire) : Lendrema.mp3 (Durée: 491s, Max: 360s)
2026-07-01 16:36:42 WARN  [UploaderApp] Fichier blacklisté ignoré (conservé dans le répertoire) : 18 taona.mp3 (Artiste: Jeneraly, Genre: Folk)
2026-07-01 16:36:42 WARN  [UploaderApp] Fichier trop long ignoré (conservé dans le répertoire) : Lendrema.mp3 (Durée: 491s, Max: 360s)
2026-07-01 16:36:42 WARN  [UploaderApp] Fichier blacklisté ignoré (conservé dans le répertoire) : 18 taona.mp3 (Artiste: Jeneraly, Genre: Folk)
2026-07-01 16:36:42 WARN  [UploaderApp] Fichier trop long ignoré (conservé dans le répertoire) : Lendrema.mp3 (Durée: 491s, Max: 360s)
2026-07-01 16:36:42 WARN  [UploaderApp] Fichier blacklisté ignoré (conservé dans le répertoire) : 18 taona.mp3 (Artiste: Jeneraly, Genre: Folk)
2026-07-01 16:36:42 WARN  [UploaderApp] Fichier trop long ignoré (conservé dans le répertoire) : Lendrema.mp3 (Durée: 491s, Max: 360s)
2026-07-01 16:36:42 WARN  [UploaderApp] Fichier blacklisté ignoré (conservé dans le répertoire) : 18 taona.mp3 (Artiste: Jeneraly, Genre: Folk)
2026-07-01 16:36:42 WARN  [UploaderApp] Fichier trop long ignoré (conservé dans le répertoire) : Lendrema.mp3 (Durée: 491s, Max: 360s)
2026-07-01 16:36:42 WARN  [UploaderApp] Fichier blacklisté ignoré (conservé dans le répertoire) : 18 taona.mp3 (Artiste: Jeneraly, Genre: Folk)
2026-07-01 16:36:42 WARN  [UploaderApp] Fichier trop long ignoré (conservé dans le répertoire) : Lendrema.mp3 (Durée: 491s, Max: 360s)
2026-07-01 16:36:42 WARN  [UploaderApp] Fichier blacklisté ignoré (conservé dans le répertoire) : 18 taona.mp3 (Artiste: Jeneraly, Genre: Folk)
2026-07-01 16:36:42 WARN  [UploaderApp] Fichier trop long ignoré (conservé dans le répertoire) : Lendrema.mp3 (Durée: 491s, Max: 360s)
2026-07-01 16:36:42 WARN  [UploaderApp] Fichier blacklisté ignoré (conservé dans le répertoire) : 18 taona.mp3 (Artiste: Jeneraly, Genre: Folk)
2026-07-01 16:36:42 WARN  [UploaderApp] Fichier trop long ignoré (conservé dans le répertoire) : Lendrema.mp3 (Durée: 491s, Max: 360s)
2026-07-01 16:36:42 WARN  [UploaderApp] Fichier blacklisté ignoré (conservé dans le répertoire) : 18 taona.mp3 (Artiste: Jeneraly, Genre: Folk)
2026-07-01 16:36:42 WARN  [UploaderApp] Fichier trop long ignoré (conservé dans le répertoire) : Lendrema.mp3 (Durée: 491s, Max: 360s)
2026-07-01 16:36:42 WARN  [UploaderApp] Fichier blacklisté ignoré (conservé dans le répertoire) : 18 taona.mp3 (Artiste: Jeneraly, Genre: Folk)
2026-07-01 16:36:42 WARN  [UploaderApp] Fichier trop long ignoré (conservé dans le répertoire) : Lendrema.mp3 (Durée: 491s, Max: 360s)
2026-07-01 16:36:42 WARN  [UploaderApp] Fichier blacklisté ignoré (conservé dans le répertoire) : 18 taona.mp3 (Artiste: Jeneraly, Genre: Folk)
2026-07-01 16:36:42 WARN  [UploaderApp] Fichier trop long ignoré (conservé dans le répertoire) : Lendrema.mp3 (Durée: 491s, Max: 360s)
2026-07-01 16:36:42 WARN  [UploaderApp] Fichier blacklisté ignoré (conservé dans le répertoire) : 18 taona.mp3 (Artiste: Jeneraly, Genre: Folk)
2026-07-01 16:36:42 WARN  [UploaderApp] Fichier trop long ignoré (conservé dans le répertoire) : Lendrema.mp3 (Durée: 491s, Max: 360s)
2026-07-01 16:36:42 WARN  [UploaderApp] Fichier blacklisté ignoré (conservé dans le répertoire) : 18 taona.mp3 (Artiste: Jeneraly, Genre: Folk)
2026-07-01 16:36:42 WARN  [UploaderApp] Fichier trop long ignoré (conservé dans le répertoire) : Lendrema.mp3 (Durée: 491s, Max: 360s)
2026-07-01 16:36:42 WARN  [UploaderApp] Fichier blacklisté ignoré (conservé dans le répertoire) : 18 taona.mp3 (Artiste: Jeneraly, Genre: Folk)
2026-07-01 16:36:42 WARN  [UploaderApp] Fichier trop long ignoré (conservé dans le répertoire) : Lendrema.mp3 (Durée: 491s, Max: 360s)
2026-07-01 16:36:42 WARN  [UploaderApp] Fichier blacklisté ignoré (conservé dans le répertoire) : 18 taona.mp3 (Artiste: Jeneraly, Genre: Folk)
2026-07-01 16:36:42 WARN  [UploaderApp] Fichier trop long ignoré (conservé dans le répertoire) : Lendrema.mp3 (Durée: 491s, Max: 360s)
2026-07-01 16:36:42 WARN  [UploaderApp] Fichier blacklisté ignoré (conservé dans le répertoire) : 18 taona.mp3 (Artiste: Jeneraly, Genre: Folk)
2026-07-01 16:36:42 WARN  [UploaderApp] Fichier trop long ignoré (conservé dans le répertoire) : Lendrema.mp3 (Durée: 491s, Max: 360s)
2026-07-01 16:36:42 WARN  [UploaderApp] Fichier blacklisté ignoré (conservé dans le répertoire) : 18 taona.mp3 (Artiste: Jeneraly, Genre: Folk)
2026-07-01 16:36:42 WARN  [UploaderApp] Fichier trop long ignoré (conservé dans le répertoire) : Lendrema.mp3 (Durée: 491s, Max: 360s)
2026-07-01 16:36:42 WARN  [UploaderApp] Fichier blacklisté ignoré (conservé dans le répertoire) : 18 taona.mp3 (Artiste: Jeneraly, Genre: Folk)
2026-07-01 16:36:42 WARN  [UploaderApp] Fichier trop long ignoré (conservé dans le répertoire) : Lendrema.mp3 (Durée: 491s, Max: 360s)
2026-07-01 16:36:42 WARN  [UploaderApp] Fichier blacklisté ignoré (conservé dans le répertoire) : 18 taona.mp3 (Artiste: Jeneraly, Genre: Folk)
2026-07-01 16:36:42 WARN  [UploaderApp] Fichier trop long ignoré (conservé dans le répertoire) : Lendrema.mp3 (Durée: 491s, Max: 360s)
2026-07-01 16:36:42 WARN  [UploaderApp] Fichier blacklisté ignoré (conservé dans le répertoire) : 18 taona.mp3 (Artiste: Jeneraly, Genre: Folk)
2026-07-01 16:36:43 WARN  [UploaderApp] Fichier trop long ignoré (conservé dans le répertoire) : Lendrema.mp3 (Durée: 491s, Max: 360s)
2026-07-01 16:36:43 WARN  [UploaderApp] Fichier blacklisté ignoré (conservé dans le répertoire) : 18 taona.mp3 (Artiste: Jeneraly, Genre: Folk)
2026-07-01 16:36:43 WARN  [UploaderApp] Fichier trop long ignoré (conservé dans le répertoire) : Lendrema.mp3 (Durée: 491s, Max: 360s)
2026-07-01 16:36:43 WARN  [UploaderApp] Fichier blacklisté ignoré (conservé dans le répertoire) : 18 taona.mp3 (Artiste: Jeneraly, Genre: Folk)
2026-07-01 16:36:43 WARN  [UploaderApp] Fichier trop long ignoré (conservé dans le répertoire) : Lendrema.mp3 (Durée: 491s, Max: 360s)
2026-07-01 16:36:43 WARN  [UploaderApp] Fichier blacklisté ignoré (conservé dans le répertoire) : 18 taona.mp3 (Artiste: Jeneraly, Genre: Folk)
2026-07-01 16:36:43 WARN  [UploaderApp] Fichier trop long ignoré (conservé dans le répertoire) : Lendrema.mp3 (Durée: 491s, Max: 360s)
2026-07-01 16:36:43 WARN  [UploaderApp] Fichier blacklisté ignoré (conservé dans le répertoire) : 18 taona.mp3 (Artiste: Jeneraly, Genre: Folk)
2026-07-01 16:36:43 WARN  [UploaderApp] Fichier trop long ignoré (conservé dans le répertoire) : Lendrema.mp3 (Durée: 491s, Max: 360s)
2026-07-01 16:36:43 WARN  [UploaderApp] Fichier blacklisté ignoré (conservé dans le répertoire) : 18 taona.mp3 (Artiste: Jeneraly, Genre: Folk)
2026-07-01 16:36:43 WARN  [UploaderApp] Fichier trop long ignoré (conservé dans le répertoire) : Lendrema.mp3 (Durée: 491s, Max: 360s)
2026-07-01 16:36:43 WARN  [UploaderApp] Fichier blacklisté ignoré (conservé dans le répertoire) : 18 taona.mp3 (Artiste: Jeneraly, Genre: Folk)
2026-07-01 16:36:43 WARN  [UploaderApp] Fichier trop long ignoré (conservé dans le répertoire) : Lendrema.mp3 (Durée: 491s, Max: 360s)
2026-07-01 16:36:43 WARN  [UploaderApp] Fichier blacklisté ignoré (conservé dans le répertoire) : 18 taona.mp3 (Artiste: Jeneraly, Genre: Folk)
2026-07-01 16:36:43 WARN  [UploaderApp] Fichier trop long ignoré (conservé dans le répertoire) : Lendrema.mp3 (Durée: 491s, Max: 360s)
2026-07-01 16:36:43 WARN  [UploaderApp] Fichier blacklisté ignoré (conservé dans le répertoire) : 18 taona.mp3 (Artiste: Jeneraly, Genre: Folk)
2026-07-01 16:36:43 WARN  [UploaderApp] Fichier trop long ignoré (conservé dans le répertoire) : Lendrema.mp3 (Durée: 491s, Max: 360s)
2026-07-01 16:36:43 WARN  [UploaderApp] Fichier blacklisté ignoré (conservé dans le répertoire) : 18 taona.mp3 (Artiste: Jeneraly, Genre: Folk)
2026-07-01 16:36:43 WARN  [UploaderApp] Fichier trop long ignoré (conservé dans le répertoire) : Lendrema.mp3 (Durée: 491s, Max: 360s)
2026-07-01 16:36:43 WARN  [UploaderApp] Fichier blacklisté ignoré (conservé dans le répertoire) : 18 taona.mp3 (Artiste: Jeneraly, Genre: Folk)
2026-07-01 16:36:43 WARN  [UploaderApp] Fichier trop long ignoré (conservé dans le répertoire) : Lendrema.mp3 (Durée: 491s, Max: 360s)
2026-07-01 16:36:43 WARN  [UploaderApp] Fichier blacklisté ignoré (conservé dans le répertoire) : 18 taona.mp3 (Artiste: Jeneraly, Genre: Folk)
2026-07-01 16:36:43 WARN  [UploaderApp] Fichier trop long ignoré (conservé dans le répertoire) : Lendrema.mp3 (Durée: 491s, Max: 360s)
2026-07-01 16:36:43 WARN  [UploaderApp] Fichier blacklisté ignoré (conservé dans le répertoire) : 18 taona.mp3 (Artiste: Jeneraly, Genre: Folk)
2026-07-01 16:36:43 WARN  [UploaderApp] Fichier trop long ignoré (conservé dans le répertoire) : Lendrema.mp3 (Durée: 491s, Max: 360s)
2026-07-01 16:36:43 WARN  [UploaderApp] Fichier blacklisté ignoré (conservé dans le répertoire) : 18 taona.mp3 (Artiste: Jeneraly, Genre: Folk)
2026-07-01 16:36:43 WARN  [UploaderApp] Fichier trop long ignoré (conservé dans le répertoire) : Lendrema.mp3 (Durée: 491s, Max: 360s)
2026-07-01 16:36:43 WARN  [UploaderApp] Fichier blacklisté ignoré (conservé dans le répertoire) : 18 taona.mp3 (Artiste: Jeneraly, Genre: Folk)
2026-07-01 16:36:43 WARN  [UploaderApp] Fichier trop long ignoré (conservé dans le répertoire) : Lendrema.mp3 (Durée: 491s, Max: 360s)
2026-07-01 16:36:43 WARN  [UploaderApp] Fichier blacklisté ignoré (conservé dans le répertoire) : 18 taona.mp3 (Artiste: Jeneraly, Genre: Folk)
2026-07-01 16:36:43 WARN  [UploaderApp] Fichier trop long ignoré (conservé dans le répertoire) : Lendrema.mp3 (Durée: 491s, Max: 360s)
2026-07-01 16:36:43 WARN  [UploaderApp] Fichier blacklisté ignoré (conservé dans le répertoire) : 18 taona.mp3 (Artiste: Jeneraly, Genre: Folk)
2026-07-01 16:36:43 WARN  [UploaderApp] Fichier trop long ignoré (conservé dans le répertoire) : Lendrema.mp3 (Durée: 491s, Max: 360s)
2026-07-01 16:36:43 WARN  [UploaderApp] Fichier blacklisté ignoré (conservé dans le répertoire) : 18 taona.mp3 (Artiste: Jeneraly, Genre: Folk)
2026-07-01 16:36:43 WARN  [UploaderApp] Fichier trop long ignoré (conservé dans le répertoire) : Lendrema.mp3 (Durée: 491s, Max: 360s)
2026-07-01 16:36:43 WARN  [UploaderApp] Fichier blacklisté ignoré (conservé dans le répertoire) : 18 taona.mp3 (Artiste: Jeneraly, Genre: Folk)
2026-07-01 16:36:43 WARN  [UploaderApp] Fichier trop long ignoré (conservé dans le répertoire) : Lendrema.mp3 (Durée: 491s, Max: 360s)
2026-07-01 16:36:43 WARN  [UploaderApp] Fichier blacklisté ignoré (conservé dans le répertoire) : 18 taona.mp3 (Artiste: Jeneraly, Genre: Folk)
2026-07-01 16:36:43 WARN  [UploaderApp] Fichier trop long ignoré (conservé dans le répertoire) : Lendrema.mp3 (Durée: 491s, Max: 360s)
2026-07-01 16:36:43 WARN  [UploaderApp] Fichier blacklisté ignoré (conservé dans le répertoire) : 18 taona.mp3 (Artiste: Jeneraly, Genre: Folk)
2026-07-01 16:36:43 WARN  [UploaderApp] Fichier trop long ignoré (conservé dans le répertoire) : Lendrema.mp3 (Durée: 491s, Max: 360s)
2026-07-01 16:36:43 WARN  [UploaderApp] Fichier blacklisté ignoré (conservé dans le répertoire) : 18 taona.mp3 (Artiste: Jeneraly, Genre: Folk)
2026-07-01 16:36:43 WARN  [UploaderApp] Fichier trop long ignoré (conservé dans le répertoire) : Lendrema.mp3 (Durée: 491s, Max: 360s)
2026-07-01 16:36:43 WARN  [UploaderApp] Fichier blacklisté ignoré (conservé dans le répertoire) : 18 taona.mp3 (Artiste: Jeneraly, Genre: Folk)
2026-07-01 16:36:43 WARN  [UploaderApp] Fichier trop long ignoré (conservé dans le répertoire) : Lendrema.mp3 (Durée: 491s, Max: 360s)
2026-07-01 16:36:43 WARN  [UploaderApp] Fichier blacklisté ignoré (conservé dans le répertoire) : 18 taona.mp3 (Artiste: Jeneraly, Genre: Folk)
2026-07-01 16:36:43 WARN  [UploaderApp] Fichier trop long ignoré (conservé dans le répertoire) : Lendrema.mp3 (Durée: 491s, Max: 360s)
2026-07-01 16:36:43 WARN  [UploaderApp] Fichier blacklisté ignoré (conservé dans le répertoire) : 18 taona.mp3 (Artiste: Jeneraly, Genre: Folk)
2026-07-01 16:36:43 WARN  [UploaderApp] Fichier trop long ignoré (conservé dans le répertoire) : Lendrema.mp3 (Durée: 491s, Max: 360s)
2026-07-01 16:36:43 WARN  [UploaderApp] Fichier blacklisté ignoré (conservé dans le répertoire) : 18 taona.mp3 (Artiste: Jeneraly, Genre: Folk)
2026-07-01 16:36:43 WARN  [UploaderApp] Fichier trop long ignoré (conservé dans le répertoire) : Lendrema.mp3 (Durée: 491s, Max: 360s)
2026-07-01 16:36:43 WARN  [UploaderApp] Fichier blacklisté ignoré (conservé dans le répertoire) : 18 taona.mp3 (Artiste: Jeneraly, Genre: Folk)
2026-07-01 16:36:43 WARN  [UploaderApp] Fichier trop long ignoré (conservé dans le répertoire) : Lendrema.mp3 (Durée: 491s, Max: 360s)
2026-07-01 16:36:43 WARN  [UploaderApp] Fichier blacklisté ignoré (conservé dans le répertoire) : 18 taona.mp3 (Artiste: Jeneraly, Genre: Folk)
2026-07-01 16:36:43 WARN  [UploaderApp] Fichier trop long ignoré (conservé dans le répertoire) : Lendrema.mp3 (Durée: 491s, Max: 360s)
2026-07-01 16:36:43 WARN  [UploaderApp] Fichier blacklisté ignoré (conservé dans le répertoire) : 18 taona.mp3 (Artiste: Jeneraly, Genre: Folk)
2026-07-01 16:36:43 WARN  [UploaderApp] Fichier trop long ignoré (conservé dans le répertoire) : Lendrema.mp3 (Durée: 491s, Max: 360s)
2026-07-01 16:36:43 WARN  [UploaderApp] Fichier blacklisté ignoré (conservé dans le répertoire) : 18 taona.mp3 (Artiste: Jeneraly, Genre: Folk)
2026-07-01 16:36:43 WARN  [UploaderApp] Fichier trop long ignoré (conservé dans le répertoire) : Lendrema.mp3 (Durée: 491s, Max: 360s)
2026-07-01 16:36:43 WARN  [UploaderApp] Fichier blacklisté ignoré (conservé dans le répertoire) : 18 taona.mp3 (Artiste: Jeneraly, Genre: Folk)
2026-07-01 16:36:43 WARN  [UploaderApp] Fichier trop long ignoré (conservé dans le répertoire) : Lendrema.mp3 (Durée: 491s, Max: 360s)
2026-07-01 16:36:43 WARN  [UploaderApp] Fichier blacklisté ignoré (conservé dans le répertoire) : 18 taona.mp3 (Artiste: Jeneraly, Genre: Folk)
2026-07-01 16:36:43 WARN  [UploaderApp] Fichier trop long ignoré (conservé dans le répertoire) : Lendrema.mp3 (Durée: 491s, Max: 360s)
2026-07-01 16:36:43 WARN  [UploaderApp] Fichier blacklisté ignoré (conservé dans le répertoire) : 18 taona.mp3 (Artiste: Jeneraly, Genre: Folk)
2026-07-01 16:36:43 WARN  [UploaderApp] Fichier trop long ignoré (conservé dans le répertoire) : Lendrema.mp3 (Durée: 491s, Max: 360s)
2026-07-01 16:36:43 WARN  [UploaderApp] Fichier blacklisté ignoré (conservé dans le répertoire) : 18 taona.mp3 (Artiste: Jeneraly, Genre: Folk)
2026-07-01 16:36:43 WARN  [UploaderApp] Fichier trop long ignoré (conservé dans le répertoire) : Lendrema.mp3 (Durée: 491s, Max: 360s)
2026-07-01 16:36:43 WARN  [UploaderApp] Fichier blacklisté ignoré (conservé dans le répertoire) : 18 taona.mp3 (Artiste: Jeneraly, Genre: Folk)
2026-07-01 16:36:43 WARN  [UploaderApp] Fichier trop long ignoré (conservé dans le répertoire) : Lendrema.mp3 (Durée: 491s, Max: 360s)
2026-07-01 16:36:43 WARN  [UploaderApp] Fichier blacklisté ignoré (conservé dans le répertoire) : 18 taona.mp3 (Artiste: Jeneraly, Genre: Folk)
2026-07-01 16:36:43 WARN  [UploaderApp] Fichier trop long ignoré (conservé dans le répertoire) : Lendrema.mp3 (Durée: 491s, Max: 360s)
2026-07-01 16:36:43 WARN  [UploaderApp] Fichier blacklisté ignoré (conservé dans le répertoire) : 18 taona.mp3 (Artiste: Jeneraly, Genre: Folk)
2026-07-01 16:36:43 WARN  [UploaderApp] Fichier trop long ignoré (conservé dans le répertoire) : Lendrema.mp3 (Durée: 491s, Max: 360s)
2026-07-01 16:36:43 WARN  [UploaderApp] Fichier blacklisté ignoré (conservé dans le répertoire) : 18 taona.mp3 (Artiste: Jeneraly, Genre: Folk)
2026-07-01 16:36:43 WARN  [UploaderApp] Fichier trop long ignoré (conservé dans le répertoire) : Lendrema.mp3 (Durée: 491s, Max: 360s)
2026-07-01 16:36:43 WARN  [UploaderApp] Fichier blacklisté ignoré (conservé dans le répertoire) : 18 taona.mp3 (Artiste: Jeneraly, Genre: Folk)
2026-07-01 16:36:43 WARN  [UploaderApp] Fichier trop long ignoré (conservé dans le répertoire) : Lendrema.mp3 (Durée: 491s, Max: 360s)
2026-07-01 16:36:43 WARN  [UploaderApp] Fichier blacklisté ignoré (conservé dans le répertoire) : 18 taona.mp3 (Artiste: Jeneraly, Genre: Folk)
2026-07-01 16:36:43 WARN  [UploaderApp] Fichier trop long ignoré (conservé dans le répertoire) : Lendrema.mp3 (Durée: 491s, Max: 360s)
2026-07-01 16:36:43 WARN  [UploaderApp] Fichier blacklisté ignoré (conservé dans le répertoire) : 18 taona.mp3 (Artiste: Jeneraly, Genre: Folk)
2026-07-01 16:36:43 WARN  [UploaderApp] Fichier trop long ignoré (conservé dans le répertoire) : Lendrema.mp3 (Durée: 491s, Max: 360s)
2026-07-01 16:36:43 WARN  [UploaderApp] Fichier blacklisté ignoré (conservé dans le répertoire) : 18 taona.mp3 (Artiste: Jeneraly, Genre: Folk)
2026-07-01 16:36:43 WARN  [UploaderApp] Fichier trop long ignoré (conservé dans le répertoire) : Lendrema.mp3 (Durée: 491s, Max: 360s)
2026-07-01 16:36:43 WARN  [UploaderApp] Fichier blacklisté ignoré (conservé dans le répertoire) : 18 taona.mp3 (Artiste: Jeneraly, Genre: Folk)
2026-07-01 16:36:43 WARN  [UploaderApp] Fichier trop long ignoré (conservé dans le répertoire) : Lendrema.mp3 (Durée: 491s, Max: 360s)
2026-07-01 16:36:43 WARN  [UploaderApp] Fichier blacklisté ignoré (conservé dans le répertoire) : 18 taona.mp3 (Artiste: Jeneraly, Genre: Folk)
2026-07-01 16:36:43 WARN  [UploaderApp] Fichier trop long ignoré (conservé dans le répertoire) : Lendrema.mp3 (Durée: 491s, Max: 360s)
2026-07-01 16:36:43 WARN  [UploaderApp] Fichier blacklisté ignoré (conservé dans le répertoire) : 18 taona.mp3 (Artiste: Jeneraly, Genre: Folk)
2026-07-01 16:36:43 WARN  [UploaderApp] Fichier trop long ignoré (conservé dans le répertoire) : Lendrema.mp3 (Durée: 491s, Max: 360s)
2026-07-01 16:36:43 WARN  [UploaderApp] Fichier blacklisté ignoré (conservé dans le répertoire) : 18 taona.mp3 (Artiste: Jeneraly, Genre: Folk)
2026-07-01 16:36:43 WARN  [UploaderApp] Fichier trop long ignoré (conservé dans le répertoire) : Lendrema.mp3 (Durée: 491s, Max: 360s)
2026-07-01 16:36:43 WARN  [UploaderApp] Fichier blacklisté ignoré (conservé dans le répertoire) : 18 taona.mp3 (Artiste: Jeneraly, Genre: Folk)
2026-07-01 16:36:43 WARN  [UploaderApp] Fichier trop long ignoré (conservé dans le répertoire) : Lendrema.mp3 (Durée: 491s, Max: 360s)
2026-07-01 16:36:43 WARN  [UploaderApp] Fichier blacklisté ignoré (conservé dans le répertoire) : 18 taona.mp3 (Artiste: Jeneraly, Genre: Folk)
2026-07-01 16:36:43 WARN  [UploaderApp] Fichier trop long ignoré (conservé dans le répertoire) : Lendrema.mp3 (Durée: 491s, Max: 360s)
2026-07-01 16:36:43 WARN  [UploaderApp] Fichier blacklisté ignoré (conservé dans le répertoire) : 18 taona.mp3 (Artiste: Jeneraly, Genre: Folk)
2026-07-01 16:36:43 WARN  [UploaderApp] Fichier trop long ignoré (conservé dans le répertoire) : Lendrema.mp3 (Durée: 491s, Max: 360s)
2026-07-01 16:36:43 WARN  [UploaderApp] Fichier blacklisté ignoré (conservé dans le répertoire) : 18 taona.mp3 (Artiste: Jeneraly, Genre: Folk)
2026-07-01 16:36:43 WARN  [UploaderApp] Fichier trop long ignoré (conservé dans le répertoire) : Lendrema.mp3 (Durée: 491s, Max: 360s)
2026-07-01 16:36:43 WARN  [UploaderApp] Fichier blacklisté ignoré (conservé dans le répertoire) : 18 taona.mp3 (Artiste: Jeneraly, Genre: Folk)
2026-07-01 16:36:43 WARN  [UploaderApp] Fichier trop long ignoré (conservé dans le répertoire) : Lendrema.mp3 (Durée: 491s, Max: 360s)
2026-07-01 16:36:43 WARN  [UploaderApp] Fichier blacklisté ignoré (conservé dans le répertoire) : 18 taona.mp3 (Artiste: Jeneraly, Genre: Folk)
2026-07-01 16:36:43 WARN  [UploaderApp] Fichier trop long ignoré (conservé dans le répertoire) : Lendrema.mp3 (Durée: 491s, Max: 360s)
2026-07-01 16:36:43 WARN  [UploaderApp] Fichier blacklisté ignoré (conservé dans le répertoire) : 18 taona.mp3 (Artiste: Jeneraly, Genre: Folk)
2026-07-01 16:36:43 WARN  [UploaderApp] Fichier trop long ignoré (conservé dans le répertoire) : Lendrema.mp3 (Durée: 491s, Max: 360s)
2026-07-01 16:36:43 WARN  [UploaderApp] Fichier blacklisté ignoré (conservé dans le répertoire) : 18 taona.mp3 (Artiste: Jeneraly, Genre: Folk)
2026-07-01 16:36:43 WARN  [UploaderApp] Fichier trop long ignoré (conservé dans le répertoire) : Lendrema.mp3 (Durée: 491s, Max: 360s)
2026-07-01 16:36:43 WARN  [UploaderApp] Fichier blacklisté ignoré (conservé dans le répertoire) : 18 taona.mp3 (Artiste: Jeneraly, Genre: Folk)
2026-07-01 16:36:43 WARN  [UploaderApp] Fichier trop long ignoré (conservé dans le répertoire) : Lendrema.mp3 (Durée: 491s, Max: 360s)
2026-07-01 16:36:43 WARN  [UploaderApp] Fichier blacklisté ignoré (conservé dans le répertoire) : 18 taona.mp3 (Artiste: Jeneraly, Genre: Folk)
2026-07-01 16:36:43 WARN  [UploaderApp] Fichier trop long ignoré (conservé dans le répertoire) : Lendrema.mp3 (Durée: 491s, Max: 360s)
2026-07-01 16:36:43 WARN  [UploaderApp] Fichier blacklisté ignoré (conservé dans le répertoire) : 18 taona.mp3 (Artiste: Jeneraly, Genre: Folk)
2026-07-01 16:36:43 WARN  [UploaderApp] Fichier trop long ignoré (conservé dans le répertoire) : Lendrema.mp3 (Durée: 491s, Max: 360s)
2026-07-01 16:36:43 WARN  [UploaderApp] Fichier blacklisté ignoré (conservé dans le répertoire) : 18 taona.mp3 (Artiste: Jeneraly, Genre: Folk)
2026-07-01 16:36:43 WARN  [UploaderApp] Fichier trop long ignoré (conservé dans le répertoire) : Lendrema.mp3 (Durée: 491s, Max: 360s)
2026-07-01 16:36:43 WARN  [UploaderApp] Fichier blacklisté ignoré (conservé dans le répertoire) : 18 taona.mp3 (Artiste: Jeneraly, Genre: Folk)
2026-07-01 16:36:43 WARN  [UploaderApp] Fichier trop long ignoré (conservé dans le répertoire) : Lendrema.mp3 (Durée: 491s, Max: 360s)
2026-07-01 16:36:43 WARN  [UploaderApp] Fichier blacklisté ignoré (conservé dans le répertoire) : 18 taona.mp3 (Artiste: Jeneraly, Genre: Folk)
2026-07-01 16:36:43 WARN  [UploaderApp] Fichier trop long ignoré (conservé dans le répertoire) : Lendrema.mp3 (Durée: 491s, Max: 360s)
2026-07-01 16:36:43 WARN  [UploaderApp] Fichier blacklisté ignoré (conservé dans le répertoire) : 18 taona.mp3 (Artiste: Jeneraly, Genre: Folk)
2026-07-01 16:36:43 WARN  [UploaderApp] Fichier trop long ignoré (conservé dans le répertoire) : Lendrema.mp3 (Durée: 491s, Max: 360s)
2026-07-01 16:36:43 WARN  [UploaderApp] Fichier blacklisté ignoré (conservé dans le répertoire) : 18 taona.mp3 (Artiste: Jeneraly, Genre: Folk)
2026-07-01 16:36:43 WARN  [UploaderApp] Fichier trop long ignoré (conservé dans le répertoire) : Lendrema.mp3 (Durée: 491s, Max: 360s)
2026-07-01 16:36:43 WARN  [UploaderApp] Fichier blacklisté ignoré (conservé dans le répertoire) : 18 taona.mp3 (Artiste: Jeneraly, Genre: Folk)
2026-07-01 16:36:43 WARN  [UploaderApp] Fichier trop long ignoré (conservé dans le répertoire) : Lendrema.mp3 (Durée: 491s, Max: 360s)
2026-07-01 16:36:43 WARN  [UploaderApp] Fichier blacklisté ignoré (conservé dans le répertoire) : 18 taona.mp3 (Artiste: Jeneraly, Genre: Folk)
2026-07-01 16:36:43 WARN  [UploaderApp] Fichier trop long ignoré (conservé dans le répertoire) : Lendrema.mp3 (Durée: 491s, Max: 360s)
2026-07-01 16:36:43 WARN  [UploaderApp] Fichier blacklisté ignoré (conservé dans le répertoire) : 18 taona.mp3 (Artiste: Jeneraly, Genre: Folk)
2026-07-01 16:36:43 WARN  [UploaderApp] Fichier trop long ignoré (conservé dans le répertoire) : Lendrema.mp3 (Durée: 491s, Max: 360s)
2026-07-01 16:36:43 WARN  [UploaderApp] Fichier blacklisté ignoré (conservé dans le répertoire) : 18 taona.mp3 (Artiste: Jeneraly, Genre: Folk)
2026-07-01 16:36:43 WARN  [UploaderApp] Fichier trop long ignoré (conservé dans le répertoire) : Lendrema.mp3 (Durée: 491s, Max: 360s)
2026-07-01 16:36:43 WARN  [UploaderApp] Fichier blacklisté ignoré (conservé dans le répertoire) : 18 taona.mp3 (Artiste: Jeneraly, Genre: Folk)
2026-07-01 16:36:43 WARN  [UploaderApp] Fichier trop long ignoré (conservé dans le répertoire) : Lendrema.mp3 (Durée: 491s, Max: 360s)
2026-07-01 16:36:43 WARN  [UploaderApp] Fichier blacklisté ignoré (conservé dans le répertoire) : 18 taona.mp3 (Artiste: Jeneraly, Genre: Folk)
2026-07-01 16:36:43 WARN  [UploaderApp] Fichier trop long ignoré (conservé dans le répertoire) : Lendrema.mp3 (Durée: 491s, Max: 360s)
2026-07-01 16:36:43 WARN  [UploaderApp] Fichier blacklisté ignoré (conservé dans le répertoire) : 18 taona.mp3 (Artiste: Jeneraly, Genre: Folk)
2026-07-01 16:36:43 WARN  [UploaderApp] Fichier trop long ignoré (conservé dans le répertoire) : Lendrema.mp3 (Durée: 491s, Max: 360s)
2026-07-01 16:36:43 WARN  [UploaderApp] Fichier blacklisté ignoré (conservé dans le répertoire) : 18 taona.mp3 (Artiste: Jeneraly, Genre: Folk)
2026-07-01 16:36:43 WARN  [UploaderApp] Fichier trop long ignoré (conservé dans le répertoire) : Lendrema.mp3 (Durée: 491s, Max: 360s)
2026-07-01 16:36:43 WARN  [UploaderApp] Fichier blacklisté ignoré (conservé dans le répertoire) : 18 taona.mp3 (Artiste: Jeneraly, Genre: Folk)
2026-07-01 16:36:43 WARN  [UploaderApp] Fichier trop long ignoré (conservé dans le répertoire) : Lendrema.mp3 (Durée: 491s, Max: 360s)
2026-07-01 16:36:43 WARN  [UploaderApp] Fichier blacklisté ignoré (conservé dans le répertoire) : 18 taona.mp3 (Artiste: Jeneraly, Genre: Folk)
2026-07-01 16:36:43 WARN  [UploaderApp] Fichier trop long ignoré (conservé dans le répertoire) : Lendrema.mp3 (Durée: 491s, Max: 360s)
2026-07-01 16:36:43 WARN  [UploaderApp] Fichier blacklisté ignoré (conservé dans le répertoire) : 18 taona.mp3 (Artiste: Jeneraly, Genre: Folk)
2026-07-01 16:36:43 WARN  [UploaderApp] Fichier trop long ignoré (conservé dans le répertoire) : Lendrema.mp3 (Durée: 491s, Max: 360s)
2026-07-01 16:36:43 WARN  [UploaderApp] Fichier blacklisté ignoré (conservé dans le répertoire) : 18 taona.mp3 (Artiste: Jeneraly, Genre: Folk)
2026-07-01 16:36:43 WARN  [UploaderApp] Fichier trop long ignoré (conservé dans le répertoire) : Lendrema.mp3 (Durée: 491s, Max: 360s)
2026-07-01 16:36:43 WARN  [UploaderApp] Fichier blacklisté ignoré (conservé dans le répertoire) : 18 taona.mp3 (Artiste: Jeneraly, Genre: Folk)
2026-07-01 16:36:43 WARN  [UploaderApp] Fichier trop long ignoré (conservé dans le répertoire) : Lendrema.mp3 (Durée: 491s, Max: 360s)
2026-07-01 16:36:43 WARN  [UploaderApp] Fichier blacklisté ignoré (conservé dans le répertoire) : 18 taona.mp3 (Artiste: Jeneraly, Genre: Folk)
2026-07-01 16:36:43 WARN  [UploaderApp] Fichier trop long ignoré (conservé dans le répertoire) : Lendrema.mp3 (Durée: 491s, Max: 360s)
2026-07-01 16:36:43 WARN  [UploaderApp] Fichier blacklisté ignoré (conservé dans le répertoire) : 18 taona.mp3 (Artiste: Jeneraly, Genre: Folk)
2026-07-01 16:36:43 WARN  [UploaderApp] Fichier trop long ignoré (conservé dans le répertoire) : Lendrema.mp3 (Durée: 491s, Max: 360s)
2026-07-01 16:36:43 WARN  [UploaderApp] Fichier blacklisté ignoré (conservé dans le répertoire) : 18 taona.mp3 (Artiste: Jeneraly, Genre: Folk)
2026-07-01 16:36:43 WARN  [UploaderApp] Fichier trop long ignoré (conservé dans le répertoire) : Lendrema.mp3 (Durée: 491s, Max: 360s)
2026-07-01 16:36:43 WARN  [UploaderApp] Fichier blacklisté ignoré (conservé dans le répertoire) : 18 taona.mp3 (Artiste: Jeneraly, Genre: Folk)
2026-07-01 16:36:43 WARN  [UploaderApp] Fichier trop long ignoré (conservé dans le répertoire) : Lendrema.mp3 (Durée: 491s, Max: 360s)
2026-07-01 16:36:43 WARN  [UploaderApp] Fichier blacklisté ignoré (conservé dans le répertoire) : 18 taona.mp3 (Artiste: Jeneraly, Genre: Folk)
2026-07-01 16:36:43 WARN  [UploaderApp] Fichier trop long ignoré (conservé dans le répertoire) : Lendrema.mp3 (Durée: 491s, Max: 360s)
2026-07-01 16:36:43 WARN  [UploaderApp] Fichier blacklisté ignoré (conservé dans le répertoire) : 18 taona.mp3 (Artiste: Jeneraly, Genre: Folk)
2026-07-01 16:36:43 WARN  [UploaderApp] Fichier trop long ignoré (conservé dans le répertoire) : Lendrema.mp3 (Durée: 491s, Max: 360s)
2026-07-01 16:36:43 WARN  [UploaderApp] Fichier blacklisté ignoré (conservé dans le répertoire) : 18 taona.mp3 (Artiste: Jeneraly, Genre: Folk)
2026-07-01 16:36:43 WARN  [UploaderApp] Fichier trop long ignoré (conservé dans le répertoire) : Lendrema.mp3 (Durée: 491s, Max: 360s)
2026-07-01 16:36:43 WARN  [UploaderApp] Fichier blacklisté ignoré (conservé dans le répertoire) : 18 taona.mp3 (Artiste: Jeneraly, Genre: Folk)
2026-07-01 16:36:43 WARN  [UploaderApp] Fichier trop long ignoré (conservé dans le répertoire) : Lendrema.mp3 (Durée: 491s, Max: 360s)
2026-07-01 16:36:43 WARN  [UploaderApp] Fichier blacklisté ignoré (conservé dans le répertoire) : 18 taona.mp3 (Artiste: Jeneraly, Genre: Folk)
2026-07-01 16:36:43 WARN  [UploaderApp] Fichier trop long ignoré (conservé dans le répertoire) : Lendrema.mp3 (Durée: 491s, Max: 360s)
2026-07-01 16:36:43 WARN  [UploaderApp] Fichier blacklisté ignoré (conservé dans le répertoire) : 18 taona.mp3 (Artiste: Jeneraly, Genre: Folk)
2026-07-01 16:36:43 WARN  [UploaderApp] Fichier trop long ignoré (conservé dans le répertoire) : Lendrema.mp3 (Durée: 491s, Max: 360s)
2026-07-01 16:36:43 WARN  [UploaderApp] Fichier blacklisté ignoré (conservé dans le répertoire) : 18 taona.mp3 (Artiste: Jeneraly, Genre: Folk)
2026-07-01 16:36:43 WARN  [UploaderApp] Fichier trop long ignoré (conservé dans le répertoire) : Lendrema.mp3 (Durée: 491s, Max: 360s)
2026-07-01 16:36:43 WARN  [UploaderApp] Fichier blacklisté ignoré (conservé dans le répertoire) : 18 taona.mp3 (Artiste: Jeneraly, Genre: Folk)
2026-07-01 16:36:43 WARN  [UploaderApp] Fichier trop long ignoré (conservé dans le répertoire) : Lendrema.mp3 (Durée: 491s, Max: 360s)
2026-07-01 16:36:43 WARN  [UploaderApp] Fichier blacklisté ignoré (conservé dans le répertoire) : 18 taona.mp3 (Artiste: Jeneraly, Genre: Folk)
2026-07-01 16:36:43 WARN  [UploaderApp] Fichier trop long ignoré (conservé dans le répertoire) : Lendrema.mp3 (Durée: 491s, Max: 360s)
2026-07-01 16:36:43 WARN  [UploaderApp] Fichier blacklisté ignoré (conservé dans le répertoire) : 18 taona.mp3 (Artiste: Jeneraly, Genre: Folk)
2026-07-01 16:36:43 WARN  [UploaderApp] Fichier trop long ignoré (conservé dans le répertoire) : Lendrema.mp3 (Durée: 491s, Max: 360s)
2026-07-01 16:36:43 WARN  [UploaderApp] Fichier blacklisté ignoré (conservé dans le répertoire) : 18 taona.mp3 (Artiste: Jeneraly, Genre: Folk)
2026-07-01 16:36:43 WARN  [UploaderApp] Fichier trop long ignoré (conservé dans le répertoire) : Lendrema.mp3 (Durée: 491s, Max: 360s)
2026-07-01 16:36:43 WARN  [UploaderApp] Fichier blacklisté ignoré (conservé dans le répertoire) : 18 taona.mp3 (Artiste: Jeneraly, Genre: Folk)
2026-07-01 16:36:43 WARN  [UploaderApp] Fichier trop long ignoré (conservé dans le répertoire) : Lendrema.mp3 (Durée: 491s, Max: 360s)
2026-07-01 16:36:43 WARN  [UploaderApp] Fichier blacklisté ignoré (conservé dans le répertoire) : 18 taona.mp3 (Artiste: Jeneraly, Genre: Folk)
2026-07-01 16:36:43 WARN  [UploaderApp] Fichier trop long ignoré (conservé dans le répertoire) : Lendrema.mp3 (Durée: 491s, Max: 360s)
2026-07-01 16:36:43 WARN  [UploaderApp] Fichier blacklisté ignoré (conservé dans le répertoire) : 18 taona.mp3 (Artiste: Jeneraly, Genre: Folk)
2026-07-01 16:36:43 WARN  [UploaderApp] Fichier trop long ignoré (conservé dans le répertoire) : Lendrema.mp3 (Durée: 491s, Max: 360s)
2026-07-01 16:36:43 WARN  [UploaderApp] Fichier blacklisté ignoré (conservé dans le répertoire) : 18 taona.mp3 (Artiste: Jeneraly, Genre: Folk)
2026-07-01 16:36:43 WARN  [UploaderApp] Fichier trop long ignoré (conservé dans le répertoire) : Lendrema.mp3 (Durée: 491s, Max: 360s)
2026-07-01 16:36:43 WARN  [UploaderApp] Fichier blacklisté ignoré (conservé dans le répertoire) : 18 taona.mp3 (Artiste: Jeneraly, Genre: Folk)
2026-07-01 16:36:43 WARN  [UploaderApp] Fichier trop long ignoré (conservé dans le répertoire) : Lendrema.mp3 (Durée: 491s, Max: 360s)
2026-07-01 16:36:43 WARN  [UploaderApp] Fichier blacklisté ignoré (conservé dans le répertoire) : 18 taona.mp3 (Artiste: Jeneraly, Genre: Folk)
2026-07-01 16:36:43 WARN  [UploaderApp] Fichier trop long ignoré (conservé dans le répertoire) : Lendrema.mp3 (Durée: 491s, Max: 360s)
2026-07-01 16:36:43 WARN  [UploaderApp] Fichier blacklisté ignoré (conservé dans le répertoire) : 18 taona.mp3 (Artiste: Jeneraly, Genre: Folk)
2026-07-01 16:36:43 WARN  [UploaderApp] Fichier trop long ignoré (conservé dans le répertoire) : Lendrema.mp3 (Durée: 491s, Max: 360s)
2026-07-01 16:36:43 WARN  [UploaderApp] Fichier blacklisté ignoré (conservé dans le répertoire) : 18 taona.mp3 (Artiste: Jeneraly, Genre: Folk)
2026-07-01 16:36:43 WARN  [UploaderApp] Fichier trop long ignoré (conservé dans le répertoire) : Lendrema.mp3 (Durée: 491s, Max: 360s)
2026-07-01 16:36:43 WARN  [UploaderApp] Fichier blacklisté ignoré (conservé dans le répertoire) : 18 taona.mp3 (Artiste: Jeneraly, Genre: Folk)
2026-07-01 16:36:43 WARN  [UploaderApp] Fichier trop long ignoré (conservé dans le répertoire) : Lendrema.mp3 (Durée: 491s, Max: 360s)
2026-07-01 16:36:43 WARN  [UploaderApp] Fichier blacklisté ignoré (conservé dans le répertoire) : 18 taona.mp3 (Artiste: Jeneraly, Genre: Folk)
2026-07-01 16:36:43 WARN  [UploaderApp] Fichier trop long ignoré (conservé dans le répertoire) : Lendrema.mp3 (Durée: 491s, Max: 360s)
2026-07-01 16:36:43 WARN  [UploaderApp] Fichier blacklisté ignoré (conservé dans le répertoire) : 18 taona.mp3 (Artiste: Jeneraly, Genre: Folk)
2026-07-01 16:36:43 WARN  [UploaderApp] Fichier trop long ignoré (conservé dans le répertoire) : Lendrema.mp3 (Durée: 491s, Max: 360s)
2026-07-01 16:36:43 WARN  [UploaderApp] Fichier blacklisté ignoré (conservé dans le répertoire) : 18 taona.mp3 (Artiste: Jeneraly, Genre: Folk)
2026-07-01 16:36:43 WARN  [UploaderApp] Fichier trop long ignoré (conservé dans le répertoire) : Lendrema.mp3 (Durée: 491s, Max: 360s)
2026-07-01 16:36:43 WARN  [UploaderApp] Fichier blacklisté ignoré (conservé dans le répertoire) : 18 taona.mp3 (Artiste: Jeneraly, Genre: Folk)
2026-07-01 16:36:43 WARN  [UploaderApp] Fichier trop long ignoré (conservé dans le répertoire) : Lendrema.mp3 (Durée: 491s, Max: 360s)
2026-07-01 16:36:43 WARN  [UploaderApp] Fichier blacklisté ignoré (conservé dans le répertoire) : 18 taona.mp3 (Artiste: Jeneraly, Genre: Folk)
2026-07-01 16:36:43 WARN  [UploaderApp] Fichier trop long ignoré (conservé dans le répertoire) : Lendrema.mp3 (Durée: 491s, Max: 360s)
2026-07-01 16:36:43 WARN  [UploaderApp] Fichier blacklisté ignoré (conservé dans le répertoire) : 18 taona.mp3 (Artiste: Jeneraly, Genre: Folk)
2026-07-01 16:36:43 WARN  [UploaderApp] Fichier trop long ignoré (conservé dans le répertoire) : Lendrema.mp3 (Durée: 491s, Max: 360s)
2026-07-01 16:36:43 WARN  [UploaderApp] Fichier blacklisté ignoré (conservé dans le répertoire) : 18 taona.mp3 (Artiste: Jeneraly, Genre: Folk)
2026-07-01 16:36:43 WARN  [UploaderApp] Fichier trop long ignoré (conservé dans le répertoire) : Lendrema.mp3 (Durée: 491s, Max: 360s)
2026-07-01 16:36:43 WARN  [UploaderApp] Fichier blacklisté ignoré (conservé dans le répertoire) : 18 taona.mp3 (Artiste: Jeneraly, Genre: Folk)
2026-07-01 16:36:43 WARN  [UploaderApp] Fichier trop long ignoré (conservé dans le répertoire) : Lendrema.mp3 (Durée: 491s, Max: 360s)
2026-07-01 16:36:43 WARN  [UploaderApp] Fichier blacklisté ignoré (conservé dans le répertoire) : 18 taona.mp3 (Artiste: Jeneraly, Genre: Folk)
2026-07-01 16:36:43 WARN  [UploaderApp] Fichier trop long ignoré (conservé dans le répertoire) : Lendrema.mp3 (Durée: 491s, Max: 360s)
2026-07-01 16:36:43 WARN  [UploaderApp] Fichier blacklisté ignoré (conservé dans le répertoire) : 18 taona.mp3 (Artiste: Jeneraly, Genre: Folk)
2026-07-01 16:36:43 WARN  [UploaderApp] Fichier trop long ignoré (conservé dans le répertoire) : Lendrema.mp3 (Durée: 491s, Max: 360s)
2026-07-01 16:36:43 WARN  [UploaderApp] Fichier blacklisté ignoré (conservé dans le répertoire) : 18 taona.mp3 (Artiste: Jeneraly, Genre: Folk)
2026-07-01 16:36:43 WARN  [UploaderApp] Fichier trop long ignoré (conservé dans le répertoire) : Lendrema.mp3 (Durée: 491s, Max: 360s)
2026-07-01 16:36:43 WARN  [UploaderApp] Fichier blacklisté ignoré (conservé dans le répertoire) : 18 taona.mp3 (Artiste: Jeneraly, Genre: Folk)
2026-07-01 16:36:43 WARN  [UploaderApp] Fichier trop long ignoré (conservé dans le répertoire) : Lendrema.mp3 (Durée: 491s, Max: 360s)
2026-07-01 16:36:43 WARN  [UploaderApp] Fichier blacklisté ignoré (conservé dans le répertoire) : 18 taona.mp3 (Artiste: Jeneraly, Genre: Folk)
2026-07-01 16:36:43 WARN  [UploaderApp] Fichier trop long ignoré (conservé dans le répertoire) : Lendrema.mp3 (Durée: 491s, Max: 360s)
2026-07-01 16:36:43 WARN  [UploaderApp] Fichier blacklisté ignoré (conservé dans le répertoire) : 18 taona.mp3 (Artiste: Jeneraly, Genre: Folk)
2026-07-01 16:36:43 WARN  [UploaderApp] Fichier trop long ignoré (conservé dans le répertoire) : Lendrema.mp3 (Durée: 491s, Max: 360s)
2026-07-01 16:36:43 WARN  [UploaderApp] Fichier blacklisté ignoré (conservé dans le répertoire) : 18 taona.mp3 (Artiste: Jeneraly, Genre: Folk)
2026-07-01 16:36:43 WARN  [UploaderApp] Fichier trop long ignoré (conservé dans le répertoire) : Lendrema.mp3 (Durée: 491s, Max: 360s)
2026-07-01 16:36:43 WARN  [UploaderApp] Fichier blacklisté ignoré (conservé dans le répertoire) : 18 taona.mp3 (Artiste: Jeneraly, Genre: Folk)
2026-07-01 16:36:43 WARN  [UploaderApp] Fichier trop long ignoré (conservé dans le répertoire) : Lendrema.mp3 (Durée: 491s, Max: 360s)
2026-07-01 16:36:43 WARN  [UploaderApp] Fichier blacklisté ignoré (conservé dans le répertoire) : 18 taona.mp3 (Artiste: Jeneraly, Genre: Folk)
2026-07-01 16:36:43 WARN  [UploaderApp] Fichier trop long ignoré (conservé dans le répertoire) : Lendrema.mp3 (Durée: 491s, Max: 360s)
2026-07-01 16:36:43 WARN  [UploaderApp] Fichier blacklisté ignoré (conservé dans le répertoire) : 18 taona.mp3 (Artiste: Jeneraly, Genre: Folk)
2026-07-01 16:36:43 WARN  [UploaderApp] Fichier trop long ignoré (conservé dans le répertoire) : Lendrema.mp3 (Durée: 491s, Max: 360s)
2026-07-01 16:36:43 WARN  [UploaderApp] Fichier blacklisté ignoré (conservé dans le répertoire) : 18 taona.mp3 (Artiste: Jeneraly, Genre: Folk)
2026-07-01 16:36:43 WARN  [UploaderApp] Fichier trop long ignoré (conservé dans le répertoire) : Lendrema.mp3 (Durée: 491s, Max: 360s)
2026-07-01 16:36:43 WARN  [UploaderApp] Fichier blacklisté ignoré (conservé dans le répertoire) : 18 taona.mp3 (Artiste: Jeneraly, Genre: Folk)
2026-07-01 16:36:43 WARN  [UploaderApp] Fichier trop long ignoré (conservé dans le répertoire) : Lendrema.mp3 (Durée: 491s, Max: 360s)
2026-07-01 16:36:43 WARN  [UploaderApp] Fichier blacklisté ignoré (conservé dans le répertoire) : 18 taona.mp3 (Artiste: Jeneraly, Genre: Folk)
2026-07-01 16:36:43 WARN  [UploaderApp] Fichier trop long ignoré (conservé dans le répertoire) : Lendrema.mp3 (Durée: 491s, Max: 360s)
2026-07-01 16:36:43 WARN  [UploaderApp] Fichier blacklisté ignoré (conservé dans le répertoire) : 18 taona.mp3 (Artiste: Jeneraly, Genre: Folk)
2026-07-01 16:36:43 WARN  [UploaderApp] Fichier trop long ignoré (conservé dans le répertoire) : Lendrema.mp3 (Durée: 491s, Max: 360s)
2026-07-01 16:36:43 WARN  [UploaderApp] Fichier blacklisté ignoré (conservé dans le répertoire) : 18 taona.mp3 (Artiste: Jeneraly, Genre: Folk)
2026-07-01 16:36:43 WARN  [UploaderApp] Fichier trop long ignoré (conservé dans le répertoire) : Lendrema.mp3 (Durée: 491s, Max: 360s)
2026-07-01 16:36:43 WARN  [UploaderApp] Fichier blacklisté ignoré (conservé dans le répertoire) : 18 taona.mp3 (Artiste: Jeneraly, Genre: Folk)
2026-07-01 16:36:43 WARN  [UploaderApp] Fichier trop long ignoré (conservé dans le répertoire) : Lendrema.mp3 (Durée: 491s, Max: 360s)
2026-07-01 16:36:43 WARN  [UploaderApp] Fichier blacklisté ignoré (conservé dans le répertoire) : 18 taona.mp3 (Artiste: Jeneraly, Genre: Folk)
2026-07-01 16:36:43 WARN  [UploaderApp] Fichier trop long ignoré (conservé dans le répertoire) : Lendrema.mp3 (Durée: 491s, Max: 360s)
2026-07-01 16:36:43 WARN  [UploaderApp] Fichier blacklisté ignoré (conservé dans le répertoire) : 18 taona.mp3 (Artiste: Jeneraly, Genre: Folk)
2026-07-01 16:36:43 WARN  [UploaderApp] Fichier trop long ignoré (conservé dans le répertoire) : Lendrema.mp3 (Durée: 491s, Max: 360s)
2026-07-01 16:36:43 WARN  [UploaderApp] Fichier blacklisté ignoré (conservé dans le répertoire) : 18 taona.mp3 (Artiste: Jeneraly, Genre: Folk)
2026-07-01 16:36:43 WARN  [UploaderApp] Fichier trop long ignoré (conservé dans le répertoire) : Lendrema.mp3 (Durée: 491s, Max: 360s)
2026-07-01 16:36:43 WARN  [UploaderApp] Fichier blacklisté ignoré (conservé dans le répertoire) : 18 taona.mp3 (Artiste: Jeneraly, Genre: Folk)
2026-07-01 16:36:43 WARN  [UploaderApp] Fichier trop long ignoré (conservé dans le répertoire) : Lendrema.mp3 (Durée: 491s, Max: 360s)
2026-07-01 16:36:43 WARN  [UploaderApp] Fichier blacklisté ignoré (conservé dans le répertoire) : 18 taona.mp3 (Artiste: Jeneraly, Genre: Folk)
2026-07-01 16:36:43 WARN  [UploaderApp] Fichier trop long ignoré (conservé dans le répertoire) : Lendrema.mp3 (Durée: 491s, Max: 360s)
2026-07-01 16:36:43 WARN  [UploaderApp] Fichier blacklisté ignoré (conservé dans le répertoire) : 18 taona.mp3 (Artiste: Jeneraly, Genre: Folk)
2026-07-01 16:36:43 WARN  [UploaderApp] Fichier trop long ignoré (conservé dans le répertoire) : Lendrema.mp3 (Durée: 491s, Max: 360s)
2026-07-01 16:36:43 WARN  [UploaderApp] Fichier blacklisté ignoré (conservé dans le répertoire) : 18 taona.mp3 (Artiste: Jeneraly, Genre: Folk)
2026-07-01 16:36:43 WARN  [UploaderApp] Fichier trop long ignoré (conservé dans le répertoire) : Lendrema.mp3 (Durée: 491s, Max: 360s)
2026-07-01 16:36:43 WARN  [UploaderApp] Fichier blacklisté ignoré (conservé dans le répertoire) : 18 taona.mp3 (Artiste: Jeneraly, Genre: Folk)
2026-07-01 16:36:43 WARN  [UploaderApp] Fichier trop long ignoré (conservé dans le répertoire) : Lendrema.mp3 (Durée: 491s, Max: 360s)
2026-07-01 16:36:43 WARN  [UploaderApp] Fichier blacklisté ignoré (conservé dans le répertoire) : 18 taona.mp3 (Artiste: Jeneraly, Genre: Folk)
2026-07-01 16:36:43 WARN  [UploaderApp] Fichier trop long ignoré (conservé dans le répertoire) : Lendrema.mp3 (Durée: 491s, Max: 360s)
2026-07-01 16:36:43 WARN  [UploaderApp] Fichier blacklisté ignoré (conservé dans le répertoire) : 18 taona.mp3 (Artiste: Jeneraly, Genre: Folk)
2026-07-01 16:36:43 WARN  [UploaderApp] Fichier trop long ignoré (conservé dans le répertoire) : Lendrema.mp3 (Durée: 491s, Max: 360s)
2026-07-01 16:36:43 WARN  [UploaderApp] Fichier blacklisté ignoré (conservé dans le répertoire) : 18 taona.mp3 (Artiste: Jeneraly, Genre: Folk)
2026-07-01 16:36:43 WARN  [UploaderApp] Fichier trop long ignoré (conservé dans le répertoire) : Lendrema.mp3 (Durée: 491s, Max: 360s)
2026-07-01 16:36:43 WARN  [UploaderApp] Fichier blacklisté ignoré (conservé dans le répertoire) : 18 taona.mp3 (Artiste: Jeneraly, Genre: Folk)
2026-07-01 16:36:43 WARN  [UploaderApp] Fichier trop long ignoré (conservé dans le répertoire) : Lendrema.mp3 (Durée: 491s, Max: 360s)
2026-07-01 16:36:43 WARN  [UploaderApp] Fichier blacklisté ignoré (conservé dans le répertoire) : 18 taona.mp3 (Artiste: Jeneraly, Genre: Folk)
2026-07-01 16:36:43 WARN  [UploaderApp] Fichier trop long ignoré (conservé dans le répertoire) : Lendrema.mp3 (Durée: 491s, Max: 360s)
2026-07-01 16:36:43 WARN  [UploaderApp] Fichier blacklisté ignoré (conservé dans le répertoire) : 18 taona.mp3 (Artiste: Jeneraly, Genre: Folk)
2026-07-01 16:36:43 WARN  [UploaderApp] Fichier trop long ignoré (conservé dans le répertoire) : Lendrema.mp3 (Durée: 491s, Max: 360s)
2026-07-01 16:36:44 WARN  [UploaderApp] Fichier blacklisté ignoré (conservé dans le répertoire) : 18 taona.mp3 (Artiste: Jeneraly, Genre: Folk)
2026-07-01 16:36:44 WARN  [UploaderApp] Fichier trop long ignoré (conservé dans le répertoire) : Lendrema.mp3 (Durée: 491s, Max: 360s)
2026-07-01 16:36:44 WARN  [UploaderApp] Fichier blacklisté ignoré (conservé dans le répertoire) : 18 taona.mp3 (Artiste: Jeneraly, Genre: Folk)
2026-07-01 16:36:44 WARN  [UploaderApp] Fichier trop long ignoré (conservé dans le répertoire) : Lendrema.mp3 (Durée: 491s, Max: 360s)
2026-07-01 16:36:44 WARN  [UploaderApp] Fichier blacklisté ignoré (conservé dans le répertoire) : 18 taona.mp3 (Artiste: Jeneraly, Genre: Folk)
2026-07-01 16:36:44 WARN  [UploaderApp] Fichier trop long ignoré (conservé dans le répertoire) : Lendrema.mp3 (Durée: 491s, Max: 360s)
2026-07-01 16:36:44 WARN  [UploaderApp] Fichier blacklisté ignoré (conservé dans le répertoire) : 18 taona.mp3 (Artiste: Jeneraly, Genre: Folk)
2026-07-01 16:36:44 WARN  [UploaderApp] Fichier trop long ignoré (conservé dans le répertoire) : Lendrema.mp3 (Durée: 491s, Max: 360s)
2026-07-01 16:36:44 WARN  [UploaderApp] Fichier blacklisté ignoré (conservé dans le répertoire) : 18 taona.mp3 (Artiste: Jeneraly, Genre: Folk)
2026-07-01 16:36:44 WARN  [UploaderApp] Fichier trop long ignoré (conservé dans le répertoire) : Lendrema.mp3 (Durée: 491s, Max: 360s)
2026-07-01 16:36:44 WARN  [UploaderApp] Fichier blacklisté ignoré (conservé dans le répertoire) : 18 taona.mp3 (Artiste: Jeneraly, Genre: Folk)
2026-07-01 16:36:44 WARN  [UploaderApp] Fichier trop long ignoré (conservé dans le répertoire) : Lendrema.mp3 (Durée: 491s, Max: 360s)
2026-07-01 16:36:44 WARN  [UploaderApp] Fichier blacklisté ignoré (conservé dans le répertoire) : 18 taona.mp3 (Artiste: Jeneraly, Genre: Folk)
2026-07-01 16:36:44 WARN  [UploaderApp] Fichier trop long ignoré (conservé dans le répertoire) : Lendrema.mp3 (Durée: 491s, Max: 360s)
2026-07-01 16:36:44 WARN  [UploaderApp] Fichier blacklisté ignoré (conservé dans le répertoire) : 18 taona.mp3 (Artiste: Jeneraly, Genre: Folk)
2026-07-01 16:36:44 WARN  [UploaderApp] Fichier trop long ignoré (conservé dans le répertoire) : Lendrema.mp3 (Durée: 491s, Max: 360s)
2026-07-01 16:36:44 WARN  [UploaderApp] Fichier blacklisté ignoré (conservé dans le répertoire) : 18 taona.mp3 (Artiste: Jeneraly, Genre: Folk)
2026-07-01 16:36:44 WARN  [UploaderApp] Fichier trop long ignoré (conservé dans le répertoire) : Lendrema.mp3 (Durée: 491s, Max: 360s)
2026-07-01 16:36:44 WARN  [UploaderApp] Fichier blacklisté ignoré (conservé dans le répertoire) : 18 taona.mp3 (Artiste: Jeneraly, Genre: Folk)
2026-07-01 16:36:44 WARN  [UploaderApp] Fichier trop long ignoré (conservé dans le répertoire) : Lendrema.mp3 (Durée: 491s, Max: 360s)
2026-07-01 16:36:44 WARN  [UploaderApp] Fichier blacklisté ignoré (conservé dans le répertoire) : 18 taona.mp3 (Artiste: Jeneraly, Genre: Folk)
2026-07-01 16:36:44 WARN  [UploaderApp] Fichier trop long ignoré (conservé dans le répertoire) : Lendrema.mp3 (Durée: 491s, Max: 360s)
2026-07-01 16:36:44 WARN  [UploaderApp] Fichier blacklisté ignoré (conservé dans le répertoire) : 18 taona.mp3 (Artiste: Jeneraly, Genre: Folk)
2026-07-01 16:36:44 WARN  [UploaderApp] Fichier trop long ignoré (conservé dans le répertoire) : Lendrema.mp3 (Durée: 491s, Max: 360s)
2026-07-01 16:36:44 WARN  [UploaderApp] Fichier blacklisté ignoré (conservé dans le répertoire) : 18 taona.mp3 (Artiste: Jeneraly, Genre: Folk)
2026-07-01 16:36:44 WARN  [UploaderApp] Fichier trop long ignoré (conservé dans le répertoire) : Lendrema.mp3 (Durée: 491s, Max: 360s)
2026-07-01 16:36:44 WARN  [UploaderApp] Fichier blacklisté ignoré (conservé dans le répertoire) : 18 taona.mp3 (Artiste: Jeneraly, Genre: Folk)
2026-07-01 16:36:44 WARN  [UploaderApp] Fichier trop long ignoré (conservé dans le répertoire) : Lendrema.mp3 (Durée: 491s, Max: 360s)
2026-07-01 16:36:44 WARN  [UploaderApp] Fichier blacklisté ignoré (conservé dans le répertoire) : 18 taona.mp3 (Artiste: Jeneraly, Genre: Folk)
2026-07-01 16:36:44 WARN  [UploaderApp] Fichier trop long ignoré (conservé dans le répertoire) : Lendrema.mp3 (Durée: 491s, Max: 360s)
2026-07-01 16:36:44 WARN  [UploaderApp] Fichier blacklisté ignoré (conservé dans le répertoire) : 18 taona.mp3 (Artiste: Jeneraly, Genre: Folk)
2026-07-01 16:36:44 WARN  [UploaderApp] Fichier trop long ignoré (conservé dans le répertoire) : Lendrema.mp3 (Durée: 491s, Max: 360s)
2026-07-01 16:36:44 WARN  [UploaderApp] Fichier blacklisté ignoré (conservé dans le répertoire) : 18 taona.mp3 (Artiste: Jeneraly, Genre: Folk)
2026-07-01 16:36:44 WARN  [UploaderApp] Fichier trop long ignoré (conservé dans le répertoire) : Lendrema.mp3 (Durée: 491s, Max: 360s)
2026-07-01 16:36:44 WARN  [UploaderApp] Fichier blacklisté ignoré (conservé dans le répertoire) : 18 taona.mp3 (Artiste: Jeneraly, Genre: Folk)
2026-07-01 16:36:44 WARN  [UploaderApp] Fichier trop long ignoré (conservé dans le répertoire) : Lendrema.mp3 (Durée: 491s, Max: 360s)
2026-07-01 16:36:44 WARN  [UploaderApp] Fichier blacklisté ignoré (conservé dans le répertoire) : 18 taona.mp3 (Artiste: Jeneraly, Genre: Folk)
2026-07-01 16:36:44 WARN  [UploaderApp] Fichier trop long ignoré (conservé dans le répertoire) : Lendrema.mp3 (Durée: 491s, Max: 360s)
2026-07-01 16:36:44 WARN  [UploaderApp] Fichier blacklisté ignoré (conservé dans le répertoire) : 18 taona.mp3 (Artiste: Jeneraly, Genre: Folk)
2026-07-01 16:36:44 WARN  [UploaderApp] Fichier trop long ignoré (conservé dans le répertoire) : Lendrema.mp3 (Durée: 491s, Max: 360s)
2026-07-01 16:36:44 WARN  [UploaderApp] Fichier blacklisté ignoré (conservé dans le répertoire) : 18 taona.mp3 (Artiste: Jeneraly, Genre: Folk)
2026-07-01 16:36:44 WARN  [UploaderApp] Fichier trop long ignoré (conservé dans le répertoire) : Lendrema.mp3 (Durée: 491s, Max: 360s)
2026-07-01 16:36:44 WARN  [UploaderApp] Fichier blacklisté ignoré (conservé dans le répertoire) : 18 taona.mp3 (Artiste: Jeneraly, Genre: Folk)
2026-07-01 16:36:44 WARN  [UploaderApp] Fichier trop long ignoré (conservé dans le répertoire) : Lendrema.mp3 (Durée: 491s, Max: 360s)
2026-07-01 16:36:44 WARN  [UploaderApp] Fichier blacklisté ignoré (conservé dans le répertoire) : 18 taona.mp3 (Artiste: Jeneraly, Genre: Folk)
2026-07-01 16:36:44 WARN  [UploaderApp] Fichier trop long ignoré (conservé dans le répertoire) : Lendrema.mp3 (Durée: 491s, Max: 360s)
2026-07-01 16:36:44 WARN  [UploaderApp] Fichier blacklisté ignoré (conservé dans le répertoire) : 18 taona.mp3 (Artiste: Jeneraly, Genre: Folk)
2026-07-01 16:36:44 WARN  [UploaderApp] Fichier trop long ignoré (conservé dans le répertoire) : Lendrema.mp3 (Durée: 491s, Max: 360s)
2026-07-01 16:36:44 WARN  [UploaderApp] Fichier blacklisté ignoré (conservé dans le répertoire) : 18 taona.mp3 (Artiste: Jeneraly, Genre: Folk)
2026-07-01 16:36:44 WARN  [UploaderApp] Fichier trop long ignoré (conservé dans le répertoire) : Lendrema.mp3 (Durée: 491s, Max: 360s)
2026-07-01 16:36:44 WARN  [UploaderApp] Fichier blacklisté ignoré (conservé dans le répertoire) : 18 taona.mp3 (Artiste: Jeneraly, Genre: Folk)
2026-07-01 16:36:44 WARN  [UploaderApp] Fichier trop long ignoré (conservé dans le répertoire) : Lendrema.mp3 (Durée: 491s, Max: 360s)
2026-07-01 16:36:44 WARN  [UploaderApp] Fichier blacklisté ignoré (conservé dans le répertoire) : 18 taona.mp3 (Artiste: Jeneraly, Genre: Folk)
2026-07-01 16:36:44 WARN  [UploaderApp] Fichier trop long ignoré (conservé dans le répertoire) : Lendrema.mp3 (Durée: 491s, Max: 360s)
2026-07-01 16:36:44 WARN  [UploaderApp] Fichier blacklisté ignoré (conservé dans le répertoire) : 18 taona.mp3 (Artiste: Jeneraly, Genre: Folk)
2026-07-01 16:36:44 WARN  [UploaderApp] Fichier trop long ignoré (conservé dans le répertoire) : Lendrema.mp3 (Durée: 491s, Max: 360s)
2026-07-01 16:36:44 WARN  [UploaderApp] Fichier blacklisté ignoré (conservé dans le répertoire) : 18 taona.mp3 (Artiste: Jeneraly, Genre: Folk)
2026-07-01 16:36:44 WARN  [UploaderApp] Fichier trop long ignoré (conservé dans le répertoire) : Lendrema.mp3 (Durée: 491s, Max: 360s)
2026-07-01 16:36:44 WARN  [UploaderApp] Fichier blacklisté ignoré (conservé dans le répertoire) : 18 taona.mp3 (Artiste: Jeneraly, Genre: Folk)
2026-07-01 16:36:44 WARN  [UploaderApp] Fichier trop long ignoré (conservé dans le répertoire) : Lendrema.mp3 (Durée: 491s, Max: 360s)
2026-07-01 16:36:44 WARN  [UploaderApp] Fichier blacklisté ignoré (conservé dans le répertoire) : 18 taona.mp3 (Artiste: Jeneraly, Genre: Folk)
2026-07-01 16:36:44 WARN  [UploaderApp] Fichier trop long ignoré (conservé dans le répertoire) : Lendrema.mp3 (Durée: 491s, Max: 360s)
2026-07-01 16:36:44 WARN  [UploaderApp] Fichier blacklisté ignoré (conservé dans le répertoire) : 18 taona.mp3 (Artiste: Jeneraly, Genre: Folk)
2026-07-01 16:36:44 WARN  [UploaderApp] Fichier trop long ignoré (conservé dans le répertoire) : Lendrema.mp3 (Durée: 491s, Max: 360s)
2026-07-01 16:36:44 WARN  [UploaderApp] Fichier blacklisté ignoré (conservé dans le répertoire) : 18 taona.mp3 (Artiste: Jeneraly, Genre: Folk)
2026-07-01 16:36:44 WARN  [UploaderApp] Fichier trop long ignoré (conservé dans le répertoire) : Lendrema.mp3 (Durée: 491s, Max: 360s)
2026-07-01 16:36:44 WARN  [UploaderApp] Fichier blacklisté ignoré (conservé dans le répertoire) : 18 taona.mp3 (Artiste: Jeneraly, Genre: Folk)
2026-07-01 16:36:44 WARN  [UploaderApp] Fichier trop long ignoré (conservé dans le répertoire) : Lendrema.mp3 (Durée: 491s, Max: 360s)
2026-07-01 16:36:44 WARN  [UploaderApp] Fichier blacklisté ignoré (conservé dans le répertoire) : 18 taona.mp3 (Artiste: Jeneraly, Genre: Folk)
2026-07-01 16:36:44 WARN  [UploaderApp] Fichier trop long ignoré (conservé dans le répertoire) : Lendrema.mp3 (Durée: 491s, Max: 360s)
2026-07-01 16:36:44 WARN  [UploaderApp] Fichier blacklisté ignoré (conservé dans le répertoire) : 18 taona.mp3 (Artiste: Jeneraly, Genre: Folk)
2026-07-01 16:36:44 WARN  [UploaderApp] Fichier trop long ignoré (conservé dans le répertoire) : Lendrema.mp3 (Durée: 491s, Max: 360s)
2026-07-01 16:36:44 WARN  [UploaderApp] Fichier blacklisté ignoré (conservé dans le répertoire) : 18 taona.mp3 (Artiste: Jeneraly, Genre: Folk)
2026-07-01 16:36:44 WARN  [UploaderApp] Fichier trop long ignoré (conservé dans le répertoire) : Lendrema.mp3 (Durée: 491s, Max: 360s)
2026-07-01 16:36:44 WARN  [UploaderApp] Fichier blacklisté ignoré (conservé dans le répertoire) : 18 taona.mp3 (Artiste: Jeneraly, Genre: Folk)
2026-07-01 16:36:44 WARN  [UploaderApp] Fichier trop long ignoré (conservé dans le répertoire) : Lendrema.mp3 (Durée: 491s, Max: 360s)
2026-07-01 16:36:44 WARN  [UploaderApp] Fichier blacklisté ignoré (conservé dans le répertoire) : 18 taona.mp3 (Artiste: Jeneraly, Genre: Folk)
2026-07-01 16:36:44 WARN  [UploaderApp] Fichier trop long ignoré (conservé dans le répertoire) : Lendrema.mp3 (Durée: 491s, Max: 360s)
2026-07-01 16:36:44 WARN  [UploaderApp] Fichier blacklisté ignoré (conservé dans le répertoire) : 18 taona.mp3 (Artiste: Jeneraly, Genre: Folk)
2026-07-01 16:36:44 WARN  [UploaderApp] Fichier trop long ignoré (conservé dans le répertoire) : Lendrema.mp3 (Durée: 491s, Max: 360s)
2026-07-01 16:36:44 WARN  [UploaderApp] Fichier blacklisté ignoré (conservé dans le répertoire) : 18 taona.mp3 (Artiste: Jeneraly, Genre: Folk)
2026-07-01 16:36:44 WARN  [UploaderApp] Fichier trop long ignoré (conservé dans le répertoire) : Lendrema.mp3 (Durée: 491s, Max: 360s)
2026-07-01 16:36:44 WARN  [UploaderApp] Fichier blacklisté ignoré (conservé dans le répertoire) : 18 taona.mp3 (Artiste: Jeneraly, Genre: Folk)
2026-07-01 16:36:44 WARN  [UploaderApp] Fichier trop long ignoré (conservé dans le répertoire) : Lendrema.mp3 (Durée: 491s, Max: 360s)
2026-07-01 16:36:44 WARN  [UploaderApp] Fichier blacklisté ignoré (conservé dans le répertoire) : 18 taona.mp3 (Artiste: Jeneraly, Genre: Folk)
2026-07-01 16:36:44 WARN  [UploaderApp] Fichier trop long ignoré (conservé dans le répertoire) : Lendrema.mp3 (Durée: 491s, Max: 360s)
2026-07-01 16:36:44 WARN  [UploaderApp] Fichier blacklisté ignoré (conservé dans le répertoire) : 18 taona.mp3 (Artiste: Jeneraly, Genre: Folk)
2026-07-01 16:36:44 WARN  [UploaderApp] Fichier trop long ignoré (conservé dans le répertoire) : Lendrema.mp3 (Durée: 491s, Max: 360s)
2026-07-01 16:36:44 WARN  [UploaderApp] Fichier blacklisté ignoré (conservé dans le répertoire) : 18 taona.mp3 (Artiste: Jeneraly, Genre: Folk)
2026-07-01 16:36:44 WARN  [UploaderApp] Fichier trop long ignoré (conservé dans le répertoire) : Lendrema.mp3 (Durée: 491s, Max: 360s)
2026-07-01 16:36:44 WARN  [UploaderApp] Fichier blacklisté ignoré (conservé dans le répertoire) : 18 taona.mp3 (Artiste: Jeneraly, Genre: Folk)
2026-07-01 16:36:44 WARN  [UploaderApp] Fichier trop long ignoré (conservé dans le répertoire) : Lendrema.mp3 (Durée: 491s, Max: 360s)
2026-07-01 16:36:44 WARN  [UploaderApp] Fichier blacklisté ignoré (conservé dans le répertoire) : 18 taona.mp3 (Artiste: Jeneraly, Genre: Folk)
2026-07-01 16:36:44 WARN  [UploaderApp] Fichier trop long ignoré (conservé dans le répertoire) : Lendrema.mp3 (Durée: 491s, Max: 360s)
2026-07-01 16:36:44 WARN  [UploaderApp] Fichier blacklisté ignoré (conservé dans le répertoire) : 18 taona.mp3 (Artiste: Jeneraly, Genre: Folk)
2026-07-01 16:36:44 WARN  [UploaderApp] Fichier trop long ignoré (conservé dans le répertoire) : Lendrema.mp3 (Durée: 491s, Max: 360s)
2026-07-01 16:36:44 WARN  [UploaderApp] Fichier blacklisté ignoré (conservé dans le répertoire) : 18 taona.mp3 (Artiste: Jeneraly, Genre: Folk)
2026-07-01 16:36:44 WARN  [UploaderApp] Fichier trop long ignoré (conservé dans le répertoire) : Lendrema.mp3 (Durée: 491s, Max: 360s)
2026-07-01 16:36:44 WARN  [UploaderApp] Fichier blacklisté ignoré (conservé dans le répertoire) : 18 taona.mp3 (Artiste: Jeneraly, Genre: Folk)
2026-07-01 16:36:44 WARN  [UploaderApp] Fichier trop long ignoré (conservé dans le répertoire) : Lendrema.mp3 (Durée: 491s, Max: 360s)
2026-07-01 16:36:44 WARN  [UploaderApp] Fichier blacklisté ignoré (conservé dans le répertoire) : 18 taona.mp3 (Artiste: Jeneraly, Genre: Folk)
2026-07-01 16:36:44 WARN  [UploaderApp] Fichier trop long ignoré (conservé dans le répertoire) : Lendrema.mp3 (Durée: 491s, Max: 360s)
2026-07-01 16:36:44 WARN  [UploaderApp] Fichier blacklisté ignoré (conservé dans le répertoire) : 18 taona.mp3 (Artiste: Jeneraly, Genre: Folk)
2026-07-01 16:36:44 WARN  [UploaderApp] Fichier trop long ignoré (conservé dans le répertoire) : Lendrema.mp3 (Durée: 491s, Max: 360s)
2026-07-01 16:36:44 WARN  [UploaderApp] Fichier blacklisté ignoré (conservé dans le répertoire) : 18 taona.mp3 (Artiste: Jeneraly, Genre: Folk)
2026-07-01 16:36:44 WARN  [UploaderApp] Fichier trop long ignoré (conservé dans le répertoire) : Lendrema.mp3 (Durée: 491s, Max: 360s)
2026-07-01 16:36:44 WARN  [UploaderApp] Fichier blacklisté ignoré (conservé dans le répertoire) : 18 taona.mp3 (Artiste: Jeneraly, Genre: Folk)
2026-07-01 16:36:44 WARN  [UploaderApp] Fichier trop long ignoré (conservé dans le répertoire) : Lendrema.mp3 (Durée: 491s, Max: 360s)
2026-07-01 16:36:44 WARN  [UploaderApp] Fichier blacklisté ignoré (conservé dans le répertoire) : 18 taona.mp3 (Artiste: Jeneraly, Genre: Folk)
2026-07-01 16:36:44 WARN  [UploaderApp] Fichier trop long ignoré (conservé dans le répertoire) : Lendrema.mp3 (Durée: 491s, Max: 360s)
2026-07-01 16:36:44 WARN  [UploaderApp] Fichier blacklisté ignoré (conservé dans le répertoire) : 18 taona.mp3 (Artiste: Jeneraly, Genre: Folk)
2026-07-01 16:36:44 WARN  [UploaderApp] Fichier trop long ignoré (conservé dans le répertoire) : Lendrema.mp3 (Durée: 491s, Max: 360s)
2026-07-01 16:36:44 WARN  [UploaderApp] Fichier blacklisté ignoré (conservé dans le répertoire) : 18 taona.mp3 (Artiste: Jeneraly, Genre: Folk)
2026-07-01 16:36:44 WARN  [UploaderApp] Fichier trop long ignoré (conservé dans le répertoire) : Lendrema.mp3 (Durée: 491s, Max: 360s)
2026-07-01 16:36:44 WARN  [UploaderApp] Fichier blacklisté ignoré (conservé dans le répertoire) : 18 taona.mp3 (Artiste: Jeneraly, Genre: Folk)
2026-07-01 16:36:44 WARN  [UploaderApp] Fichier trop long ignoré (conservé dans le répertoire) : Lendrema.mp3 (Durée: 491s, Max: 360s)
2026-07-01 16:36:44 WARN  [UploaderApp] Fichier blacklisté ignoré (conservé dans le répertoire) : 18 taona.mp3 (Artiste: Jeneraly, Genre: Folk)
2026-07-01 16:36:44 WARN  [UploaderApp] Fichier trop long ignoré (conservé dans le répertoire) : Lendrema.mp3 (Durée: 491s, Max: 360s)
2026-07-01 16:36:44 WARN  [UploaderApp] Fichier blacklisté ignoré (conservé dans le répertoire) : 18 taona.mp3 (Artiste: Jeneraly, Genre: Folk)
2026-07-01 16:36:44 WARN  [UploaderApp] Fichier trop long ignoré (conservé dans le répertoire) : Lendrema.mp3 (Durée: 491s, Max: 360s)
2026-07-01 16:36:44 WARN  [UploaderApp] Fichier blacklisté ignoré (conservé dans le répertoire) : 18 taona.mp3 (Artiste: Jeneraly, Genre: Folk)
2026-07-01 16:36:44 WARN  [UploaderApp] Fichier trop long ignoré (conservé dans le répertoire) : Lendrema.mp3 (Durée: 491s, Max: 360s)
2026-07-01 16:36:44 WARN  [UploaderApp] Fichier blacklisté ignoré (conservé dans le répertoire) : 18 taona.mp3 (Artiste: Jeneraly, Genre: Folk)
2026-07-01 16:36:44 WARN  [UploaderApp] Fichier trop long ignoré (conservé dans le répertoire) : Lendrema.mp3 (Durée: 491s, Max: 360s)
2026-07-01 16:36:44 WARN  [UploaderApp] Fichier blacklisté ignoré (conservé dans le répertoire) : 18 taona.mp3 (Artiste: Jeneraly, Genre: Folk)
2026-07-01 16:36:44 WARN  [UploaderApp] Fichier trop long ignoré (conservé dans le répertoire) : Lendrema.mp3 (Durée: 491s, Max: 360s)
2026-07-01 16:36:44 WARN  [UploaderApp] Fichier blacklisté ignoré (conservé dans le répertoire) : 18 taona.mp3 (Artiste: Jeneraly, Genre: Folk)
2026-07-01 16:36:44 WARN  [UploaderApp] Fichier trop long ignoré (conservé dans le répertoire) : Lendrema.mp3 (Durée: 491s, Max: 360s)
2026-07-01 16:36:44 WARN  [UploaderApp] Fichier blacklisté ignoré (conservé dans le répertoire) : 18 taona.mp3 (Artiste: Jeneraly, Genre: Folk)
2026-07-01 16:36:44 WARN  [UploaderApp] Fichier trop long ignoré (conservé dans le répertoire) : Lendrema.mp3 (Durée: 491s, Max: 360s)
2026-07-01 16:36:44 WARN  [UploaderApp] Fichier blacklisté ignoré (conservé dans le répertoire) : 18 taona.mp3 (Artiste: Jeneraly, Genre: Folk)
2026-07-01 16:36:44 WARN  [UploaderApp] Fichier trop long ignoré (conservé dans le répertoire) : Lendrema.mp3 (Durée: 491s, Max: 360s)
2026-07-01 16:36:44 WARN  [UploaderApp] Fichier blacklisté ignoré (conservé dans le répertoire) : 18 taona.mp3 (Artiste: Jeneraly, Genre: Folk)
2026-07-01 16:36:44 WARN  [UploaderApp] Fichier trop long ignoré (conservé dans le répertoire) : Lendrema.mp3 (Durée: 491s, Max: 360s)
2026-07-01 16:36:44 WARN  [UploaderApp] Fichier blacklisté ignoré (conservé dans le répertoire) : 18 taona.mp3 (Artiste: Jeneraly, Genre: Folk)
2026-07-01 16:36:44 WARN  [UploaderApp] Fichier trop long ignoré (conservé dans le répertoire) : Lendrema.mp3 (Durée: 491s, Max: 360s)
2026-07-01 16:36:44 WARN  [UploaderApp] Fichier blacklisté ignoré (conservé dans le répertoire) : 18 taona.mp3 (Artiste: Jeneraly, Genre: Folk)
2026-07-01 16:36:44 WARN  [UploaderApp] Fichier trop long ignoré (conservé dans le répertoire) : Lendrema.mp3 (Durée: 491s, Max: 360s)
2026-07-01 16:36:44 WARN  [UploaderApp] Fichier blacklisté ignoré (conservé dans le répertoire) : 18 taona.mp3 (Artiste: Jeneraly, Genre: Folk)
2026-07-01 16:36:44 WARN  [UploaderApp] Fichier trop long ignoré (conservé dans le répertoire) : Lendrema.mp3 (Durée: 491s, Max: 360s)
2026-07-01 16:36:44 WARN  [UploaderApp] Fichier blacklisté ignoré (conservé dans le répertoire) : 18 taona.mp3 (Artiste: Jeneraly, Genre: Folk)
2026-07-01 16:36:44 WARN  [UploaderApp] Fichier trop long ignoré (conservé dans le répertoire) : Lendrema.mp3 (Durée: 491s, Max: 360s)
2026-07-01 16:36:44 WARN  [UploaderApp] Fichier blacklisté ignoré (conservé dans le répertoire) : 18 taona.mp3 (Artiste: Jeneraly, Genre: Folk)
2026-07-01 16:36:44 WARN  [UploaderApp] Fichier trop long ignoré (conservé dans le répertoire) : Lendrema.mp3 (Durée: 491s, Max: 360s)
2026-07-01 16:36:44 WARN  [UploaderApp] Fichier blacklisté ignoré (conservé dans le répertoire) : 18 taona.mp3 (Artiste: Jeneraly, Genre: Folk)
2026-07-01 16:36:44 WARN  [UploaderApp] Fichier trop long ignoré (conservé dans le répertoire) : Lendrema.mp3 (Durée: 491s, Max: 360s)
2026-07-01 16:36:44 WARN  [UploaderApp] Fichier blacklisté ignoré (conservé dans le répertoire) : 18 taona.mp3 (Artiste: Jeneraly, Genre: Folk)
2026-07-01 16:36:44 WARN  [UploaderApp] Fichier trop long ignoré (conservé dans le répertoire) : Lendrema.mp3 (Durée: 491s, Max: 360s)
2026-07-01 16:36:44 WARN  [UploaderApp] Fichier blacklisté ignoré (conservé dans le répertoire) : 18 taona.mp3 (Artiste: Jeneraly, Genre: Folk)
2026-07-01 16:36:44 WARN  [UploaderApp] Fichier trop long ignoré (conservé dans le répertoire) : Lendrema.mp3 (Durée: 491s, Max: 360s)
2026-07-01 16:36:44 WARN  [UploaderApp] Fichier blacklisté ignoré (conservé dans le répertoire) : 18 taona.mp3 (Artiste: Jeneraly, Genre: Folk)
2026-07-01 16:36:44 WARN  [UploaderApp] Fichier trop long ignoré (conservé dans le répertoire) : Lendrema.mp3 (Durée: 491s, Max: 360s)
2026-07-01 16:36:44 WARN  [UploaderApp] Fichier blacklisté ignoré (conservé dans le répertoire) : 18 taona.mp3 (Artiste: Jeneraly, Genre: Folk)
2026-07-01 16:36:44 WARN  [UploaderApp] Fichier trop long ignoré (conservé dans le répertoire) : Lendrema.mp3 (Durée: 491s, Max: 360s)
2026-07-01 16:36:44 WARN  [UploaderApp] Fichier blacklisté ignoré (conservé dans le répertoire) : 18 taona.mp3 (Artiste: Jeneraly, Genre: Folk)
2026-07-01 16:36:44 WARN  [UploaderApp] Fichier trop long ignoré (conservé dans le répertoire) : Lendrema.mp3 (Durée: 491s, Max: 360s)
2026-07-01 16:36:44 WARN  [UploaderApp] Fichier blacklisté ignoré (conservé dans le répertoire) : 18 taona.mp3 (Artiste: Jeneraly, Genre: Folk)
2026-07-01 16:36:44 WARN  [UploaderApp] Fichier trop long ignoré (conservé dans le répertoire) : Lendrema.mp3 (Durée: 491s, Max: 360s)
2026-07-01 16:36:44 WARN  [UploaderApp] Fichier blacklisté ignoré (conservé dans le répertoire) : 18 taona.mp3 (Artiste: Jeneraly, Genre: Folk)
2026-07-01 16:36:44 WARN  [UploaderApp] Fichier trop long ignoré (conservé dans le répertoire) : Lendrema.mp3 (Durée: 491s, Max: 360s)
2026-07-01 16:36:44 WARN  [UploaderApp] Fichier blacklisté ignoré (conservé dans le répertoire) : 18 taona.mp3 (Artiste: Jeneraly, Genre: Folk)
2026-07-01 16:36:44 WARN  [UploaderApp] Fichier trop long ignoré (conservé dans le répertoire) : Lendrema.mp3 (Durée: 491s, Max: 360s)
2026-07-01 16:36:44 WARN  [UploaderApp] Fichier blacklisté ignoré (conservé dans le répertoire) : 18 taona.mp3 (Artiste: Jeneraly, Genre: Folk)
2026-07-01 16:36:44 WARN  [UploaderApp] Fichier trop long ignoré (conservé dans le répertoire) : Lendrema.mp3 (Durée: 491s, Max: 360s)
2026-07-01 16:36:44 WARN  [UploaderApp] Fichier blacklisté ignoré (conservé dans le répertoire) : 18 taona.mp3 (Artiste: Jeneraly, Genre: Folk)
2026-07-01 16:36:44 WARN  [UploaderApp] Fichier trop long ignoré (conservé dans le répertoire) : Lendrema.mp3 (Durée: 491s, Max: 360s)
2026-07-01 16:36:44 WARN  [UploaderApp] Fichier blacklisté ignoré (conservé dans le répertoire) : 18 taona.mp3 (Artiste: Jeneraly, Genre: Folk)
2026-07-01 16:36:44 WARN  [UploaderApp] Fichier trop long ignoré (conservé dans le répertoire) : Lendrema.mp3 (Durée: 491s, Max: 360s)
2026-07-01 16:36:44 WARN  [UploaderApp] Fichier blacklisté ignoré (conservé dans le répertoire) : 18 taona.mp3 (Artiste: Jeneraly, Genre: Folk)
2026-07-01 16:36:44 WARN  [UploaderApp] Fichier trop long ignoré (conservé dans le répertoire) : Lendrema.mp3 (Durée: 491s, Max: 360s)
2026-07-01 16:36:44 WARN  [UploaderApp] Fichier blacklisté ignoré (conservé dans le répertoire) : 18 taona.mp3 (Artiste: Jeneraly, Genre: Folk)
2026-07-01 16:36:44 WARN  [UploaderApp] Fichier trop long ignoré (conservé dans le répertoire) : Lendrema.mp3 (Durée: 491s, Max: 360s)
2026-07-01 16:36:44 WARN  [UploaderApp] Fichier blacklisté ignoré (conservé dans le répertoire) : 18 taona.mp3 (Artiste: Jeneraly, Genre: Folk)
2026-07-01 16:36:44 WARN  [UploaderApp] Fichier trop long ignoré (conservé dans le répertoire) : Lendrema.mp3 (Durée: 491s, Max: 360s)
2026-07-01 16:36:44 WARN  [UploaderApp] Fichier blacklisté ignoré (conservé dans le répertoire) : 18 taona.mp3 (Artiste: Jeneraly, Genre: Folk)
2026-07-01 16:36:44 WARN  [UploaderApp] Fichier trop long ignoré (conservé dans le répertoire) : Lendrema.mp3 (Durée: 491s, Max: 360s)
2026-07-01 16:36:44 WARN  [UploaderApp] Fichier blacklisté ignoré (conservé dans le répertoire) : 18 taona.mp3 (Artiste: Jeneraly, Genre: Folk)
2026-07-01 16:36:44 WARN  [UploaderApp] Fichier trop long ignoré (conservé dans le répertoire) : Lendrema.mp3 (Durée: 491s, Max: 360s)
2026-07-01 16:36:44 WARN  [UploaderApp] Fichier blacklisté ignoré (conservé dans le répertoire) : 18 taona.mp3 (Artiste: Jeneraly, Genre: Folk)
2026-07-01 16:36:44 WARN  [UploaderApp] Fichier trop long ignoré (conservé dans le répertoire) : Lendrema.mp3 (Durée: 491s, Max: 360s)
2026-07-01 16:36:44 WARN  [UploaderApp] Fichier blacklisté ignoré (conservé dans le répertoire) : 18 taona.mp3 (Artiste: Jeneraly, Genre: Folk)
2026-07-01 16:36:44 WARN  [UploaderApp] Fichier trop long ignoré (conservé dans le répertoire) : Lendrema.mp3 (Durée: 491s, Max: 360s)
2026-07-01 16:36:44 WARN  [UploaderApp] Fichier blacklisté ignoré (conservé dans le répertoire) : 18 taona.mp3 (Artiste: Jeneraly, Genre: Folk)
2026-07-01 16:36:44 WARN  [UploaderApp] Fichier trop long ignoré (conservé dans le répertoire) : Lendrema.mp3 (Durée: 491s, Max: 360s)
2026-07-01 16:36:44 WARN  [UploaderApp] Fichier blacklisté ignoré (conservé dans le répertoire) : 18 taona.mp3 (Artiste: Jeneraly, Genre: Folk)
2026-07-01 16:36:44 WARN  [UploaderApp] Fichier trop long ignoré (conservé dans le répertoire) : Lendrema.mp3 (Durée: 491s, Max: 360s)
2026-07-01 16:36:44 WARN  [UploaderApp] Fichier blacklisté ignoré (conservé dans le répertoire) : 18 taona.mp3 (Artiste: Jeneraly, Genre: Folk)
2026-07-01 16:36:44 WARN  [UploaderApp] Fichier trop long ignoré (conservé dans le répertoire) : Lendrema.mp3 (Durée: 491s, Max: 360s)
2026-07-01 16:36:44 WARN  [UploaderApp] Fichier blacklisté ignoré (conservé dans le répertoire) : 18 taona.mp3 (Artiste: Jeneraly, Genre: Folk)
2026-07-01 16:36:44 WARN  [UploaderApp] Fichier trop long ignoré (conservé dans le répertoire) : Lendrema.mp3 (Durée: 491s, Max: 360s)
2026-07-01 16:36:44 WARN  [UploaderApp] Fichier blacklisté ignoré (conservé dans le répertoire) : 18 taona.mp3 (Artiste: Jeneraly, Genre: Folk)
2026-07-01 16:36:44 WARN  [UploaderApp] Fichier trop long ignoré (conservé dans le répertoire) : Lendrema.mp3 (Durée: 491s, Max: 360s)
2026-07-01 16:36:44 WARN  [UploaderApp] Fichier blacklisté ignoré (conservé dans le répertoire) : 18 taona.mp3 (Artiste: Jeneraly, Genre: Folk)
2026-07-01 16:36:44 WARN  [UploaderApp] Fichier trop long ignoré (conservé dans le répertoire) : Lendrema.mp3 (Durée: 491s, Max: 360s)
2026-07-01 16:36:44 WARN  [UploaderApp] Fichier blacklisté ignoré (conservé dans le répertoire) : 18 taona.mp3 (Artiste: Jeneraly, Genre: Folk)
2026-07-01 16:36:44 WARN  [UploaderApp] Fichier trop long ignoré (conservé dans le répertoire) : Lendrema.mp3 (Durée: 491s, Max: 360s)
2026-07-01 16:36:44 WARN  [UploaderApp] Fichier blacklisté ignoré (conservé dans le répertoire) : 18 taona.mp3 (Artiste: Jeneraly, Genre: Folk)
2026-07-01 16:36:44 WARN  [UploaderApp] Fichier trop long ignoré (conservé dans le répertoire) : Lendrema.mp3 (Durée: 491s, Max: 360s)
2026-07-01 16:36:44 WARN  [UploaderApp] Fichier blacklisté ignoré (conservé dans le répertoire) : 18 taona.mp3 (Artiste: Jeneraly, Genre: Folk)
2026-07-01 16:36:44 WARN  [UploaderApp] Fichier trop long ignoré (conservé dans le répertoire) : Lendrema.mp3 (Durée: 491s, Max: 360s)
2026-07-01 16:36:44 WARN  [UploaderApp] Fichier blacklisté ignoré (conservé dans le répertoire) : 18 taona.mp3 (Artiste: Jeneraly, Genre: Folk)
2026-07-01 16:36:44 WARN  [UploaderApp] Fichier trop long ignoré (conservé dans le répertoire) : Lendrema.mp3 (Durée: 491s, Max: 360s)
2026-07-01 16:36:44 WARN  [UploaderApp] Fichier blacklisté ignoré (conservé dans le répertoire) : 18 taona.mp3 (Artiste: Jeneraly, Genre: Folk)
2026-07-01 16:36:44 WARN  [UploaderApp] Fichier trop long ignoré (conservé dans le répertoire) : Lendrema.mp3 (Durée: 491s, Max: 360s)
2026-07-01 16:36:44 WARN  [UploaderApp] Fichier blacklisté ignoré (conservé dans le répertoire) : 18 taona.mp3 (Artiste: Jeneraly, Genre: Folk)
2026-07-01 16:36:44 WARN  [UploaderApp] Fichier trop long ignoré (conservé dans le répertoire) : Lendrema.mp3 (Durée: 491s, Max: 360s)
2026-07-01 16:36:44 WARN  [UploaderApp] Fichier blacklisté ignoré (conservé dans le répertoire) : 18 taona.mp3 (Artiste: Jeneraly, Genre: Folk)
2026-07-01 16:36:44 WARN  [UploaderApp] Fichier trop long ignoré (conservé dans le répertoire) : Lendrema.mp3 (Durée: 491s, Max: 360s)
2026-07-01 16:36:44 WARN  [UploaderApp] Fichier blacklisté ignoré (conservé dans le répertoire) : 18 taona.mp3 (Artiste: Jeneraly, Genre: Folk)
2026-07-01 16:36:44 WARN  [UploaderApp] Fichier trop long ignoré (conservé dans le répertoire) : Lendrema.mp3 (Durée: 491s, Max: 360s)
2026-07-01 16:36:44 WARN  [UploaderApp] Fichier blacklisté ignoré (conservé dans le répertoire) : 18 taona.mp3 (Artiste: Jeneraly, Genre: Folk)
2026-07-01 16:36:44 WARN  [UploaderApp] Fichier trop long ignoré (conservé dans le répertoire) : Lendrema.mp3 (Durée: 491s, Max: 360s)
2026-07-01 16:36:44 WARN  [UploaderApp] Fichier blacklisté ignoré (conservé dans le répertoire) : 18 taona.mp3 (Artiste: Jeneraly, Genre: Folk)
2026-07-01 16:36:44 WARN  [UploaderApp] Fichier trop long ignoré (conservé dans le répertoire) : Lendrema.mp3 (Durée: 491s, Max: 360s)
2026-07-01 16:36:44 WARN  [UploaderApp] Fichier blacklisté ignoré (conservé dans le répertoire) : 18 taona.mp3 (Artiste: Jeneraly, Genre: Folk)
2026-07-01 16:36:44 WARN  [UploaderApp] Fichier trop long ignoré (conservé dans le répertoire) : Lendrema.mp3 (Durée: 491s, Max: 360s)
2026-07-01 16:36:44 WARN  [UploaderApp] Fichier blacklisté ignoré (conservé dans le répertoire) : 18 taona.mp3 (Artiste: Jeneraly, Genre: Folk)
2026-07-01 16:36:44 WARN  [UploaderApp] Fichier trop long ignoré (conservé dans le répertoire) : Lendrema.mp3 (Durée: 491s, Max: 360s)
2026-07-01 16:36:44 WARN  [UploaderApp] Fichier blacklisté ignoré (conservé dans le répertoire) : 18 taona.mp3 (Artiste: Jeneraly, Genre: Folk)
2026-07-01 16:36:44 WARN  [UploaderApp] Fichier trop long ignoré (conservé dans le répertoire) : Lendrema.mp3 (Durée: 491s, Max: 360s)
2026-07-01 16:36:44 WARN  [UploaderApp] Fichier blacklisté ignoré (conservé dans le répertoire) : 18 taona.mp3 (Artiste: Jeneraly, Genre: Folk)
2026-07-01 16:36:44 WARN  [UploaderApp] Fichier trop long ignoré (conservé dans le répertoire) : Lendrema.mp3 (Durée: 491s, Max: 360s)
2026-07-01 16:36:44 WARN  [UploaderApp] Fichier blacklisté ignoré (conservé dans le répertoire) : 18 taona.mp3 (Artiste: Jeneraly, Genre: Folk)
2026-07-01 16:36:44 WARN  [UploaderApp] Fichier trop long ignoré (conservé dans le répertoire) : Lendrema.mp3 (Durée: 491s, Max: 360s)
2026-07-01 16:36:44 WARN  [UploaderApp] Fichier blacklisté ignoré (conservé dans le répertoire) : 18 taona.mp3 (Artiste: Jeneraly, Genre: Folk)
2026-07-01 16:36:44 WARN  [UploaderApp] Fichier trop long ignoré (conservé dans le répertoire) : Lendrema.mp3 (Durée: 491s, Max: 360s)
2026-07-01 16:36:44 WARN  [UploaderApp] Fichier blacklisté ignoré (conservé dans le répertoire) : 18 taona.mp3 (Artiste: Jeneraly, Genre: Folk)
2026-07-01 16:36:44 WARN  [UploaderApp] Fichier trop long ignoré (conservé dans le répertoire) : Lendrema.mp3 (Durée: 491s, Max: 360s)
2026-07-01 16:36:44 WARN  [UploaderApp] Fichier blacklisté ignoré (conservé dans le répertoire) : 18 taona.mp3 (Artiste: Jeneraly, Genre: Folk)
2026-07-01 16:36:44 WARN  [UploaderApp] Fichier trop long ignoré (conservé dans le répertoire) : Lendrema.mp3 (Durée: 491s, Max: 360s)
2026-07-01 16:36:44 WARN  [UploaderApp] Fichier blacklisté ignoré (conservé dans le répertoire) : 18 taona.mp3 (Artiste: Jeneraly, Genre: Folk)
2026-07-01 16:36:44 WARN  [UploaderApp] Fichier trop long ignoré (conservé dans le répertoire) : Lendrema.mp3 (Durée: 491s, Max: 360s)
2026-07-01 16:36:44 WARN  [UploaderApp] Fichier blacklisté ignoré (conservé dans le répertoire) : 18 taona.mp3 (Artiste: Jeneraly, Genre: Folk)
2026-07-01 16:36:44 WARN  [UploaderApp] Fichier trop long ignoré (conservé dans le répertoire) : Lendrema.mp3 (Durée: 491s, Max: 360s)
2026-07-01 16:36:44 WARN  [UploaderApp] Fichier blacklisté ignoré (conservé dans le répertoire) : 18 taona.mp3 (Artiste: Jeneraly, Genre: Folk)
2026-07-01 16:36:44 WARN  [UploaderApp] Fichier trop long ignoré (conservé dans le répertoire) : Lendrema.mp3 (Durée: 491s, Max: 360s)
2026-07-01 16:36:44 WARN  [UploaderApp] Fichier blacklisté ignoré (conservé dans le répertoire) : 18 taona.mp3 (Artiste: Jeneraly, Genre: Folk)
2026-07-01 16:36:44 WARN  [UploaderApp] Fichier trop long ignoré (conservé dans le répertoire) : Lendrema.mp3 (Durée: 491s, Max: 360s)
2026-07-01 16:36:44 WARN  [UploaderApp] Fichier blacklisté ignoré (conservé dans le répertoire) : 18 taona.mp3 (Artiste: Jeneraly, Genre: Folk)
2026-07-01 16:36:44 WARN  [UploaderApp] Fichier trop long ignoré (conservé dans le répertoire) : Lendrema.mp3 (Durée: 491s, Max: 360s)
2026-07-01 16:36:44 WARN  [UploaderApp] Fichier blacklisté ignoré (conservé dans le répertoire) : 18 taona.mp3 (Artiste: Jeneraly, Genre: Folk)
2026-07-01 16:36:44 WARN  [UploaderApp] Fichier trop long ignoré (conservé dans le répertoire) : Lendrema.mp3 (Durée: 491s, Max: 360s)
2026-07-01 16:36:44 WARN  [UploaderApp] Fichier blacklisté ignoré (conservé dans le répertoire) : 18 taona.mp3 (Artiste: Jeneraly, Genre: Folk)
2026-07-01 16:36:44 WARN  [UploaderApp] Fichier trop long ignoré (conservé dans le répertoire) : Lendrema.mp3 (Durée: 491s, Max: 360s)
2026-07-01 16:36:44 WARN  [UploaderApp] Fichier blacklisté ignoré (conservé dans le répertoire) : 18 taona.mp3 (Artiste: Jeneraly, Genre: Folk)
2026-07-01 16:36:44 WARN  [UploaderApp] Fichier trop long ignoré (conservé dans le répertoire) : Lendrema.mp3 (Durée: 491s, Max: 360s)
2026-07-01 16:36:44 WARN  [UploaderApp] Fichier blacklisté ignoré (conservé dans le répertoire) : 18 taona.mp3 (Artiste: Jeneraly, Genre: Folk)
2026-07-01 16:36:44 WARN  [UploaderApp] Fichier trop long ignoré (conservé dans le répertoire) : Lendrema.mp3 (Durée: 491s, Max: 360s)
2026-07-01 16:36:44 WARN  [UploaderApp] Fichier blacklisté ignoré (conservé dans le répertoire) : 18 taona.mp3 (Artiste: Jeneraly, Genre: Folk)
2026-07-01 16:36:44 WARN  [UploaderApp] Fichier trop long ignoré (conservé dans le répertoire) : Lendrema.mp3 (Durée: 491s, Max: 360s)
2026-07-01 16:36:45 WARN  [UploaderApp] Fichier blacklisté ignoré (conservé dans le répertoire) : 18 taona.mp3 (Artiste: Jeneraly, Genre: Folk)
2026-07-01 16:36:45 WARN  [UploaderApp] Fichier trop long ignoré (conservé dans le répertoire) : Lendrema.mp3 (Durée: 491s, Max: 360s)
2026-07-01 16:36:45 WARN  [UploaderApp] Fichier blacklisté ignoré (conservé dans le répertoire) : 18 taona.mp3 (Artiste: Jeneraly, Genre: Folk)
2026-07-01 16:36:45 WARN  [UploaderApp] Fichier trop long ignoré (conservé dans le répertoire) : Lendrema.mp3 (Durée: 491s, Max: 360s)
2026-07-01 16:36:45 WARN  [UploaderApp] Fichier blacklisté ignoré (conservé dans le répertoire) : 18 taona.mp3 (Artiste: Jeneraly, Genre: Folk)
2026-07-01 16:36:45 WARN  [UploaderApp] Fichier trop long ignoré (conservé dans le répertoire) : Lendrema.mp3 (Durée: 491s, Max: 360s)
2026-07-01 16:36:45 WARN  [UploaderApp] Fichier blacklisté ignoré (conservé dans le répertoire) : 18 taona.mp3 (Artiste: Jeneraly, Genre: Folk)
2026-07-01 16:36:45 WARN  [UploaderApp] Fichier trop long ignoré (conservé dans le répertoire) : Lendrema.mp3 (Durée: 491s, Max: 360s)
2026-07-01 16:36:45 WARN  [UploaderApp] Fichier blacklisté ignoré (conservé dans le répertoire) : 18 taona.mp3 (Artiste: Jeneraly, Genre: Folk)
2026-07-01 16:36:45 WARN  [UploaderApp] Fichier trop long ignoré (conservé dans le répertoire) : Lendrema.mp3 (Durée: 491s, Max: 360s)
2026-07-01 16:36:45 WARN  [UploaderApp] Fichier blacklisté ignoré (conservé dans le répertoire) : 18 taona.mp3 (Artiste: Jeneraly, Genre: Folk)
2026-07-01 16:36:45 WARN  [UploaderApp] Fichier trop long ignoré (conservé dans le répertoire) : Lendrema.mp3 (Durée: 491s, Max: 360s)
2026-07-01 16:36:45 WARN  [UploaderApp] Fichier blacklisté ignoré (conservé dans le répertoire) : 18 taona.mp3 (Artiste: Jeneraly, Genre: Folk)
2026-07-01 16:36:45 WARN  [UploaderApp] Fichier trop long ignoré (conservé dans le répertoire) : Lendrema.mp3 (Durée: 491s, Max: 360s)
2026-07-01 16:36:45 WARN  [UploaderApp] Fichier blacklisté ignoré (conservé dans le répertoire) : 18 taona.mp3 (Artiste: Jeneraly, Genre: Folk)
2026-07-01 16:36:45 WARN  [UploaderApp] Fichier trop long ignoré (conservé dans le répertoire) : Lendrema.mp3 (Durée: 491s, Max: 360s)
2026-07-01 16:36:45 WARN  [UploaderApp] Fichier blacklisté ignoré (conservé dans le répertoire) : 18 taona.mp3 (Artiste: Jeneraly, Genre: Folk)
2026-07-01 16:36:45 WARN  [UploaderApp] Fichier trop long ignoré (conservé dans le répertoire) : Lendrema.mp3 (Durée: 491s, Max: 360s)
2026-07-01 16:36:45 WARN  [UploaderApp] Fichier blacklisté ignoré (conservé dans le répertoire) : 18 taona.mp3 (Artiste: Jeneraly, Genre: Folk)
2026-07-01 16:36:45 WARN  [UploaderApp] Fichier trop long ignoré (conservé dans le répertoire) : Lendrema.mp3 (Durée: 491s, Max: 360s)
2026-07-01 16:36:45 WARN  [UploaderApp] Fichier blacklisté ignoré (conservé dans le répertoire) : 18 taona.mp3 (Artiste: Jeneraly, Genre: Folk)
2026-07-01 16:36:45 WARN  [UploaderApp] Fichier trop long ignoré (conservé dans le répertoire) : Lendrema.mp3 (Durée: 491s, Max: 360s)
2026-07-01 16:36:45 WARN  [UploaderApp] Fichier blacklisté ignoré (conservé dans le répertoire) : 18 taona.mp3 (Artiste: Jeneraly, Genre: Folk)
2026-07-01 16:36:45 WARN  [UploaderApp] Fichier trop long ignoré (conservé dans le répertoire) : Lendrema.mp3 (Durée: 491s, Max: 360s)
2026-07-01 16:36:45 WARN  [UploaderApp] Fichier blacklisté ignoré (conservé dans le répertoire) : 18 taona.mp3 (Artiste: Jeneraly, Genre: Folk)
2026-07-01 16:36:45 WARN  [UploaderApp] Fichier trop long ignoré (conservé dans le répertoire) : Lendrema.mp3 (Durée: 491s, Max: 360s)
2026-07-01 16:36:45 WARN  [UploaderApp] Fichier blacklisté ignoré (conservé dans le répertoire) : 18 taona.mp3 (Artiste: Jeneraly, Genre: Folk)
2026-07-01 16:36:45 WARN  [UploaderApp] Fichier trop long ignoré (conservé dans le répertoire) : Lendrema.mp3 (Durée: 491s, Max: 360s)
2026-07-01 16:36:45 WARN  [UploaderApp] Fichier blacklisté ignoré (conservé dans le répertoire) : 18 taona.mp3 (Artiste: Jeneraly, Genre: Folk)
2026-07-01 16:36:45 WARN  [UploaderApp] Fichier trop long ignoré (conservé dans le répertoire) : Lendrema.mp3 (Durée: 491s, Max: 360s)
2026-07-01 16:36:45 WARN  [UploaderApp] Fichier blacklisté ignoré (conservé dans le répertoire) : 18 taona.mp3 (Artiste: Jeneraly, Genre: Folk)
2026-07-01 16:36:45 WARN  [UploaderApp] Fichier trop long ignoré (conservé dans le répertoire) : Lendrema.mp3 (Durée: 491s, Max: 360s)
2026-07-01 16:36:45 WARN  [UploaderApp] Fichier blacklisté ignoré (conservé dans le répertoire) : 18 taona.mp3 (Artiste: Jeneraly, Genre: Folk)
2026-07-01 16:36:45 WARN  [UploaderApp] Fichier trop long ignoré (conservé dans le répertoire) : Lendrema.mp3 (Durée: 491s, Max: 360s)
2026-07-01 16:36:45 WARN  [UploaderApp] Fichier blacklisté ignoré (conservé dans le répertoire) : 18 taona.mp3 (Artiste: Jeneraly, Genre: Folk)
2026-07-01 16:36:45 WARN  [UploaderApp] Fichier trop long ignoré (conservé dans le répertoire) : Lendrema.mp3 (Durée: 491s, Max: 360s)
2026-07-01 16:36:45 WARN  [UploaderApp] Fichier blacklisté ignoré (conservé dans le répertoire) : 18 taona.mp3 (Artiste: Jeneraly, Genre: Folk)
2026-07-01 16:36:45 WARN  [UploaderApp] Fichier trop long ignoré (conservé dans le répertoire) : Lendrema.mp3 (Durée: 491s, Max: 360s)
2026-07-01 16:36:45 WARN  [UploaderApp] Fichier blacklisté ignoré (conservé dans le répertoire) : 18 taona.mp3 (Artiste: Jeneraly, Genre: Folk)
2026-07-01 16:36:45 WARN  [UploaderApp] Fichier trop long ignoré (conservé dans le répertoire) : Lendrema.mp3 (Durée: 491s, Max: 360s)
2026-07-01 16:36:45 WARN  [UploaderApp] Fichier blacklisté ignoré (conservé dans le répertoire) : 18 taona.mp3 (Artiste: Jeneraly, Genre: Folk)
2026-07-01 16:36:45 WARN  [UploaderApp] Fichier trop long ignoré (conservé dans le répertoire) : Lendrema.mp3 (Durée: 491s, Max: 360s)
2026-07-01 16:36:45 WARN  [UploaderApp] Fichier blacklisté ignoré (conservé dans le répertoire) : 18 taona.mp3 (Artiste: Jeneraly, Genre: Folk)
2026-07-01 16:36:45 WARN  [UploaderApp] Fichier trop long ignoré (conservé dans le répertoire) : Lendrema.mp3 (Durée: 491s, Max: 360s)
2026-07-01 16:36:45 WARN  [UploaderApp] Fichier blacklisté ignoré (conservé dans le répertoire) : 18 taona.mp3 (Artiste: Jeneraly, Genre: Folk)
2026-07-01 16:36:45 WARN  [UploaderApp] Fichier trop long ignoré (conservé dans le répertoire) : Lendrema.mp3 (Durée: 491s, Max: 360s)
2026-07-01 16:36:45 WARN  [UploaderApp] Fichier blacklisté ignoré (conservé dans le répertoire) : 18 taona.mp3 (Artiste: Jeneraly, Genre: Folk)
2026-07-01 16:36:45 WARN  [UploaderApp] Fichier trop long ignoré (conservé dans le répertoire) : Lendrema.mp3 (Durée: 491s, Max: 360s)
2026-07-01 16:36:45 WARN  [UploaderApp] Fichier blacklisté ignoré (conservé dans le répertoire) : 18 taona.mp3 (Artiste: Jeneraly, Genre: Folk)
2026-07-01 16:36:45 WARN  [UploaderApp] Fichier trop long ignoré (conservé dans le répertoire) : Lendrema.mp3 (Durée: 491s, Max: 360s)
2026-07-01 16:36:45 WARN  [UploaderApp] Fichier blacklisté ignoré (conservé dans le répertoire) : 18 taona.mp3 (Artiste: Jeneraly, Genre: Folk)
2026-07-01 16:36:45 WARN  [UploaderApp] Fichier trop long ignoré (conservé dans le répertoire) : Lendrema.mp3 (Durée: 491s, Max: 360s)
2026-07-01 16:36:45 WARN  [UploaderApp] Fichier blacklisté ignoré (conservé dans le répertoire) : 18 taona.mp3 (Artiste: Jeneraly, Genre: Folk)
2026-07-01 16:36:45 WARN  [UploaderApp] Fichier trop long ignoré (conservé dans le répertoire) : Lendrema.mp3 (Durée: 491s, Max: 360s)
2026-07-01 16:36:45 WARN  [UploaderApp] Fichier blacklisté ignoré (conservé dans le répertoire) : 18 taona.mp3 (Artiste: Jeneraly, Genre: Folk)
2026-07-01 16:36:45 WARN  [UploaderApp] Fichier trop long ignoré (conservé dans le répertoire) : Lendrema.mp3 (Durée: 491s, Max: 360s)
2026-07-01 16:36:45 WARN  [UploaderApp] Fichier blacklisté ignoré (conservé dans le répertoire) : 18 taona.mp3 (Artiste: Jeneraly, Genre: Folk)
2026-07-01 16:36:45 WARN  [UploaderApp] Fichier trop long ignoré (conservé dans le répertoire) : Lendrema.mp3 (Durée: 491s, Max: 360s)
2026-07-01 16:36:45 WARN  [UploaderApp] Fichier blacklisté ignoré (conservé dans le répertoire) : 18 taona.mp3 (Artiste: Jeneraly, Genre: Folk)
2026-07-01 16:36:45 WARN  [UploaderApp] Fichier trop long ignoré (conservé dans le répertoire) : Lendrema.mp3 (Durée: 491s, Max: 360s)
2026-07-01 16:36:45 WARN  [UploaderApp] Fichier blacklisté ignoré (conservé dans le répertoire) : 18 taona.mp3 (Artiste: Jeneraly, Genre: Folk)
2026-07-01 16:36:45 WARN  [UploaderApp] Fichier trop long ignoré (conservé dans le répertoire) : Lendrema.mp3 (Durée: 491s, Max: 360s)
2026-07-01 16:36:45 WARN  [UploaderApp] Fichier blacklisté ignoré (conservé dans le répertoire) : 18 taona.mp3 (Artiste: Jeneraly, Genre: Folk)
2026-07-01 16:36:45 WARN  [UploaderApp] Fichier trop long ignoré (conservé dans le répertoire) : Lendrema.mp3 (Durée: 491s, Max: 360s)
2026-07-01 16:36:45 WARN  [UploaderApp] Fichier blacklisté ignoré (conservé dans le répertoire) : 18 taona.mp3 (Artiste: Jeneraly, Genre: Folk)
2026-07-01 16:36:45 WARN  [UploaderApp] Fichier trop long ignoré (conservé dans le répertoire) : Lendrema.mp3 (Durée: 491s, Max: 360s)
2026-07-01 16:36:45 WARN  [UploaderApp] Fichier blacklisté ignoré (conservé dans le répertoire) : 18 taona.mp3 (Artiste: Jeneraly, Genre: Folk)
2026-07-01 16:36:45 WARN  [UploaderApp] Fichier trop long ignoré (conservé dans le répertoire) : Lendrema.mp3 (Durée: 491s, Max: 360s)
2026-07-01 16:36:45 WARN  [UploaderApp] Fichier blacklisté ignoré (conservé dans le répertoire) : 18 taona.mp3 (Artiste: Jeneraly, Genre: Folk)
2026-07-01 16:36:45 WARN  [UploaderApp] Fichier trop long ignoré (conservé dans le répertoire) : Lendrema.mp3 (Durée: 491s, Max: 360s)
2026-07-01 16:36:45 WARN  [UploaderApp] Fichier blacklisté ignoré (conservé dans le répertoire) : 18 taona.mp3 (Artiste: Jeneraly, Genre: Folk)
2026-07-01 16:36:45 WARN  [UploaderApp] Fichier trop long ignoré (conservé dans le répertoire) : Lendrema.mp3 (Durée: 491s, Max: 360s)
2026-07-01 16:36:45 WARN  [UploaderApp] Fichier blacklisté ignoré (conservé dans le répertoire) : 18 taona.mp3 (Artiste: Jeneraly, Genre: Folk)
2026-07-01 16:36:45 WARN  [UploaderApp] Fichier trop long ignoré (conservé dans le répertoire) : Lendrema.mp3 (Durée: 491s, Max: 360s)
2026-07-01 16:36:45 WARN  [UploaderApp] Fichier blacklisté ignoré (conservé dans le répertoire) : 18 taona.mp3 (Artiste: Jeneraly, Genre: Folk)
2026-07-01 16:36:45 WARN  [UploaderApp] Fichier trop long ignoré (conservé dans le répertoire) : Lendrema.mp3 (Durée: 491s, Max: 360s)
2026-07-01 16:36:45 WARN  [UploaderApp] Fichier blacklisté ignoré (conservé dans le répertoire) : 18 taona.mp3 (Artiste: Jeneraly, Genre: Folk)
2026-07-01 16:36:45 WARN  [UploaderApp] Fichier trop long ignoré (conservé dans le répertoire) : Lendrema.mp3 (Durée: 491s, Max: 360s)
2026-07-01 16:36:45 WARN  [UploaderApp] Fichier blacklisté ignoré (conservé dans le répertoire) : 18 taona.mp3 (Artiste: Jeneraly, Genre: Folk)
2026-07-01 16:36:45 WARN  [UploaderApp] Fichier trop long ignoré (conservé dans le répertoire) : Lendrema.mp3 (Durée: 491s, Max: 360s)
2026-07-01 16:36:45 WARN  [UploaderApp] Fichier blacklisté ignoré (conservé dans le répertoire) : 18 taona.mp3 (Artiste: Jeneraly, Genre: Folk)
2026-07-01 16:36:45 WARN  [UploaderApp] Fichier trop long ignoré (conservé dans le répertoire) : Lendrema.mp3 (Durée: 491s, Max: 360s)
2026-07-01 16:36:45 WARN  [UploaderApp] Fichier blacklisté ignoré (conservé dans le répertoire) : 18 taona.mp3 (Artiste: Jeneraly, Genre: Folk)
2026-07-01 16:36:45 WARN  [UploaderApp] Fichier trop long ignoré (conservé dans le répertoire) : Lendrema.mp3 (Durée: 491s, Max: 360s)
2026-07-01 16:36:45 WARN  [UploaderApp] Fichier blacklisté ignoré (conservé dans le répertoire) : 18 taona.mp3 (Artiste: Jeneraly, Genre: Folk)
2026-07-01 16:36:45 WARN  [UploaderApp] Fichier trop long ignoré (conservé dans le répertoire) : Lendrema.mp3 (Durée: 491s, Max: 360s)
2026-07-01 16:36:45 WARN  [UploaderApp] Fichier blacklisté ignoré (conservé dans le répertoire) : 18 taona.mp3 (Artiste: Jeneraly, Genre: Folk)
2026-07-01 16:36:45 WARN  [UploaderApp] Fichier trop long ignoré (conservé dans le répertoire) : Lendrema.mp3 (Durée: 491s, Max: 360s)
2026-07-01 16:36:45 WARN  [UploaderApp] Fichier blacklisté ignoré (conservé dans le répertoire) : 18 taona.mp3 (Artiste: Jeneraly, Genre: Folk)
2026-07-01 16:36:45 WARN  [UploaderApp] Fichier trop long ignoré (conservé dans le répertoire) : Lendrema.mp3 (Durée: 491s, Max: 360s)
2026-07-01 16:36:45 WARN  [UploaderApp] Fichier blacklisté ignoré (conservé dans le répertoire) : 18 taona.mp3 (Artiste: Jeneraly, Genre: Folk)
2026-07-01 16:36:45 WARN  [UploaderApp] Fichier trop long ignoré (conservé dans le répertoire) : Lendrema.mp3 (Durée: 491s, Max: 360s)
2026-07-01 16:36:45 WARN  [UploaderApp] Fichier blacklisté ignoré (conservé dans le répertoire) : 18 taona.mp3 (Artiste: Jeneraly, Genre: Folk)
2026-07-01 16:36:45 WARN  [UploaderApp] Fichier trop long ignoré (conservé dans le répertoire) : Lendrema.mp3 (Durée: 491s, Max: 360s)
2026-07-01 16:36:45 WARN  [UploaderApp] Fichier blacklisté ignoré (conservé dans le répertoire) : 18 taona.mp3 (Artiste: Jeneraly, Genre: Folk)
2026-07-01 16:36:45 WARN  [UploaderApp] Fichier trop long ignoré (conservé dans le répertoire) : Lendrema.mp3 (Durée: 491s, Max: 360s)
2026-07-01 16:36:45 WARN  [UploaderApp] Fichier blacklisté ignoré (conservé dans le répertoire) : 18 taona.mp3 (Artiste: Jeneraly, Genre: Folk)
2026-07-01 16:36:45 WARN  [UploaderApp] Fichier trop long ignoré (conservé dans le répertoire) : Lendrema.mp3 (Durée: 491s, Max: 360s)
2026-07-01 16:36:45 WARN  [UploaderApp] Fichier blacklisté ignoré (conservé dans le répertoire) : 18 taona.mp3 (Artiste: Jeneraly, Genre: Folk)
2026-07-01 16:36:45 WARN  [UploaderApp] Fichier trop long ignoré (conservé dans le répertoire) : Lendrema.mp3 (Durée: 491s, Max: 360s)
2026-07-01 16:36:45 WARN  [UploaderApp] Fichier blacklisté ignoré (conservé dans le répertoire) : 18 taona.mp3 (Artiste: Jeneraly, Genre: Folk)
2026-07-01 16:36:45 WARN  [UploaderApp] Fichier trop long ignoré (conservé dans le répertoire) : Lendrema.mp3 (Durée: 491s, Max: 360s)
2026-07-01 16:36:45 WARN  [UploaderApp] Fichier blacklisté ignoré (conservé dans le répertoire) : 18 taona.mp3 (Artiste: Jeneraly, Genre: Folk)
2026-07-01 16:36:45 WARN  [UploaderApp] Fichier trop long ignoré (conservé dans le répertoire) : Lendrema.mp3 (Durée: 491s, Max: 360s)
2026-07-01 16:36:45 WARN  [UploaderApp] Fichier blacklisté ignoré (conservé dans le répertoire) : 18 taona.mp3 (Artiste: Jeneraly, Genre: Folk)
2026-07-01 16:36:45 WARN  [UploaderApp] Fichier trop long ignoré (conservé dans le répertoire) : Lendrema.mp3 (Durée: 491s, Max: 360s)
2026-07-01 16:36:45 WARN  [UploaderApp] Fichier blacklisté ignoré (conservé dans le répertoire) : 18 taona.mp3 (Artiste: Jeneraly, Genre: Folk)
2026-07-01 16:36:45 WARN  [UploaderApp] Fichier trop long ignoré (conservé dans le répertoire) : Lendrema.mp3 (Durée: 491s, Max: 360s)
2026-07-01 16:36:45 WARN  [UploaderApp] Fichier blacklisté ignoré (conservé dans le répertoire) : 18 taona.mp3 (Artiste: Jeneraly, Genre: Folk)
2026-07-01 16:36:45 WARN  [UploaderApp] Fichier trop long ignoré (conservé dans le répertoire) : Lendrema.mp3 (Durée: 491s, Max: 360s)
2026-07-01 16:36:45 WARN  [UploaderApp] Fichier blacklisté ignoré (conservé dans le répertoire) : 18 taona.mp3 (Artiste: Jeneraly, Genre: Folk)
2026-07-01 16:36:45 WARN  [UploaderApp] Fichier trop long ignoré (conservé dans le répertoire) : Lendrema.mp3 (Durée: 491s, Max: 360s)
2026-07-01 16:36:45 WARN  [UploaderApp] Fichier blacklisté ignoré (conservé dans le répertoire) : 18 taona.mp3 (Artiste: Jeneraly, Genre: Folk)
2026-07-01 16:36:45 WARN  [UploaderApp] Fichier trop long ignoré (conservé dans le répertoire) : Lendrema.mp3 (Durée: 491s, Max: 360s)
2026-07-01 16:36:45 WARN  [UploaderApp] Fichier blacklisté ignoré (conservé dans le répertoire) : 18 taona.mp3 (Artiste: Jeneraly, Genre: Folk)
2026-07-01 16:36:45 WARN  [UploaderApp] Fichier trop long ignoré (conservé dans le répertoire) : Lendrema.mp3 (Durée: 491s, Max: 360s)
2026-07-01 16:36:45 WARN  [UploaderApp] Fichier blacklisté ignoré (conservé dans le répertoire) : 18 taona.mp3 (Artiste: Jeneraly, Genre: Folk)
2026-07-01 16:36:45 WARN  [UploaderApp] Fichier trop long ignoré (conservé dans le répertoire) : Lendrema.mp3 (Durée: 491s, Max: 360s)
2026-07-01 16:36:45 WARN  [UploaderApp] Fichier blacklisté ignoré (conservé dans le répertoire) : 18 taona.mp3 (Artiste: Jeneraly, Genre: Folk)
2026-07-01 16:36:45 WARN  [UploaderApp] Fichier trop long ignoré (conservé dans le répertoire) : Lendrema.mp3 (Durée: 491s, Max: 360s)
2026-07-01 16:36:45 WARN  [UploaderApp] Fichier blacklisté ignoré (conservé dans le répertoire) : 18 taona.mp3 (Artiste: Jeneraly, Genre: Folk)
2026-07-01 16:36:45 WARN  [UploaderApp] Fichier trop long ignoré (conservé dans le répertoire) : Lendrema.mp3 (Durée: 491s, Max: 360s)
2026-07-01 16:36:45 WARN  [UploaderApp] Fichier blacklisté ignoré (conservé dans le répertoire) : 18 taona.mp3 (Artiste: Jeneraly, Genre: Folk)
2026-07-01 16:36:45 WARN  [UploaderApp] Fichier trop long ignoré (conservé dans le répertoire) : Lendrema.mp3 (Durée: 491s, Max: 360s)
2026-07-01 16:36:45 WARN  [UploaderApp] Fichier blacklisté ignoré (conservé dans le répertoire) : 18 taona.mp3 (Artiste: Jeneraly, Genre: Folk)
2026-07-01 16:36:45 WARN  [UploaderApp] Fichier trop long ignoré (conservé dans le répertoire) : Lendrema.mp3 (Durée: 491s, Max: 360s)
2026-07-01 16:36:45 WARN  [UploaderApp] Fichier blacklisté ignoré (conservé dans le répertoire) : 18 taona.mp3 (Artiste: Jeneraly, Genre: Folk)
2026-07-01 16:36:45 WARN  [UploaderApp] Fichier trop long ignoré (conservé dans le répertoire) : Lendrema.mp3 (Durée: 491s, Max: 360s)
2026-07-01 16:36:45 WARN  [UploaderApp] Fichier blacklisté ignoré (conservé dans le répertoire) : 18 taona.mp3 (Artiste: Jeneraly, Genre: Folk)
2026-07-01 16:36:45 WARN  [UploaderApp] Fichier trop long ignoré (conservé dans le répertoire) : Lendrema.mp3 (Durée: 491s, Max: 360s)
2026-07-01 16:36:45 WARN  [UploaderApp] Fichier blacklisté ignoré (conservé dans le répertoire) : 18 taona.mp3 (Artiste: Jeneraly, Genre: Folk)
2026-07-01 16:36:45 WARN  [UploaderApp] Fichier trop long ignoré (conservé dans le répertoire) : Lendrema.mp3 (Durée: 491s, Max: 360s)
2026-07-01 16:36:45 WARN  [UploaderApp] Fichier blacklisté ignoré (conservé dans le répertoire) : 18 taona.mp3 (Artiste: Jeneraly, Genre: Folk)
2026-07-01 16:36:45 WARN  [UploaderApp] Fichier trop long ignoré (conservé dans le répertoire) : Lendrema.mp3 (Durée: 491s, Max: 360s)
2026-07-01 16:36:45 WARN  [UploaderApp] Fichier blacklisté ignoré (conservé dans le répertoire) : 18 taona.mp3 (Artiste: Jeneraly, Genre: Folk)
2026-07-01 16:36:45 WARN  [UploaderApp] Fichier trop long ignoré (conservé dans le répertoire) : Lendrema.mp3 (Durée: 491s, Max: 360s)
2026-07-01 16:36:45 WARN  [UploaderApp] Fichier blacklisté ignoré (conservé dans le répertoire) : 18 taona.mp3 (Artiste: Jeneraly, Genre: Folk)
2026-07-01 16:36:45 WARN  [UploaderApp] Fichier trop long ignoré (conservé dans le répertoire) : Lendrema.mp3 (Durée: 491s, Max: 360s)
2026-07-01 16:36:45 WARN  [UploaderApp] Fichier blacklisté ignoré (conservé dans le répertoire) : 18 taona.mp3 (Artiste: Jeneraly, Genre: Folk)
2026-07-01 16:36:45 WARN  [UploaderApp] Fichier trop long ignoré (conservé dans le répertoire) : Lendrema.mp3 (Durée: 491s, Max: 360s)
2026-07-01 16:36:45 WARN  [UploaderApp] Fichier blacklisté ignoré (conservé dans le répertoire) : 18 taona.mp3 (Artiste: Jeneraly, Genre: Folk)
2026-07-01 16:36:45 WARN  [UploaderApp] Fichier trop long ignoré (conservé dans le répertoire) : Lendrema.mp3 (Durée: 491s, Max: 360s)
2026-07-01 16:36:45 WARN  [UploaderApp] Fichier blacklisté ignoré (conservé dans le répertoire) : 18 taona.mp3 (Artiste: Jeneraly, Genre: Folk)
2026-07-01 16:36:45 WARN  [UploaderApp] Fichier trop long ignoré (conservé dans le répertoire) : Lendrema.mp3 (Durée: 491s, Max: 360s)
2026-07-01 16:36:45 WARN  [UploaderApp] Fichier blacklisté ignoré (conservé dans le répertoire) : 18 taona.mp3 (Artiste: Jeneraly, Genre: Folk)
2026-07-01 16:36:45 WARN  [UploaderApp] Fichier trop long ignoré (conservé dans le répertoire) : Lendrema.mp3 (Durée: 491s, Max: 360s)
2026-07-01 16:36:54 WARN  [UploaderApp] Fichier blacklisté ignoré (conservé dans le répertoire) : 18 taona.mp3 (Artiste: Jeneraly, Genre: Folk)
2026-07-01 16:36:54 WARN  [UploaderApp] Fichier trop long ignoré (conservé dans le répertoire) : Lendrema.mp3 (Durée: 491s, Max: 360s)
