2026-07-01 08:33:07 INFO  [WatcherApp] P1 Watcher démarré — répertoire=C:\Users\ttcho\OneDrive\ITU\S6\Naina_Playlist\.\repertoire | intervalle=10s | broker=localhost:5672
2026-07-01 08:57:44 INFO  [WatcherApp] P1 Watcher démarré — répertoire=C:\Users\ttcho\OneDrive\ITU\S6\Naina_Playlist\.\repertoire | intervalle=10s | broker=localhost:5672
2026-07-01 09:04:35 INFO  [WatcherApp] Nouveau mp3 publié : Ankino.mp3 (fileId=fca3464d-fa30-4fd3-b269-60355628ce78)
2026-07-01 09:04:35 INFO  [WatcherApp] Nouveau mp3 publié : Antanambao.MP3 (fileId=e35db917-c6ff-4c87-8c50-17a7760a7e82)
2026-07-01 09:04:35 INFO  [WatcherApp] Nouveau mp3 publié : IAO.MP3 (fileId=21654de8-f3ac-4a90-8529-5c6d28fdef62)
2026-07-01 09:13:58 INFO  [WatcherApp] P1 Watcher démarré — répertoire=C:\Users\ttcho\OneDrive\ITU\S6\Naina_Playlist\.\repertoire | intervalle=10s | broker=localhost:5672
2026-07-01 09:15:38 INFO  [WatcherApp] Nouveau mp3 publié : Ankino.mp3 (fileId=8a84af28-2c86-4937-9bbb-f29d77fb29ab)
2026-07-01 09:15:38 INFO  [WatcherApp] Nouveau mp3 publié : Antanambao.MP3 (fileId=eb9f5ee5-75c3-470f-afdb-0c243293b7a7)
2026-07-01 09:15:38 INFO  [WatcherApp] Nouveau mp3 publié : IAO.MP3 (fileId=a9a24f78-1bcc-4b68-83c6-313adc5f009b)
2026-07-01 09:16:28 INFO  [WatcherApp] Nouveau mp3 publié : Kerchak - Femmes.mp3 (fileId=47f0528a-1c5f-4d6b-9f10-104e5cc2f100)
2026-07-01 09:16:28 INFO  [WatcherApp] Nouveau mp3 publié : Kerchak - Peur feat. @ZiakCC (Clip Officiel).mp3 (fileId=96c2e297-dc2d-4162-ae44-ec1382e33cf5)
2026-07-01 09:29:59 INFO  [WatcherApp] P1 Watcher démarré — répertoire=C:\Users\ttcho\OneDrive\ITU\S6\Naina_Playlist\.\repertoire | intervalle=10s | broker=localhost:5672
2026-07-01 09:30:00 INFO  [WatcherApp] Nouveau mp3 publié : Ankino.mp3 (fileId=1a4dbdf8-b8ac-4150-84c0-90cc3e5a754d)
2026-07-01 09:30:00 INFO  [WatcherApp] Nouveau mp3 publié : Antanambao.MP3 (fileId=8180118b-980f-461d-9f35-3b4e6e549128)
2026-07-01 09:30:00 INFO  [WatcherApp] Nouveau mp3 publié : IAO.MP3 (fileId=6c9b2f71-fc31-475c-b04a-1fd9824097d3)
2026-07-01 09:30:00 INFO  [WatcherApp] Nouveau mp3 publié : Kerchak - Femmes.mp3 (fileId=a43e4280-aec2-424a-af49-09425b8cc9ad)
2026-07-01 09:30:00 INFO  [WatcherApp] Nouveau mp3 publié : Kerchak - Peur feat. @ZiakCC (Clip Officiel).mp3 (fileId=74b0ec87-a283-4246-bf26-83f0cc47afca)
2026-07-01 09:33:09 INFO  [WatcherApp] Nouveau mp3 publié : Ankino.mp3 (fileId=f5eee649-60c7-4cbf-8bb7-4bec9dbc5b9e)
2026-07-01 09:33:09 INFO  [WatcherApp] Nouveau mp3 publié : Antanambao.MP3 (fileId=435dadd5-e96d-4d3e-bf5d-455e95844181)
2026-07-01 09:33:09 INFO  [WatcherApp] Nouveau mp3 publié : IAO.MP3 (fileId=b0e5ab7b-bbb3-4351-ad46-852d45646f14)
2026-07-01 09:34:19 INFO  [WatcherApp] Nouveau mp3 publié : Ankino.mp3 (fileId=de35ac49-2fa2-45d9-93cb-3035c1994b23)
2026-07-01 09:34:19 INFO  [WatcherApp] Nouveau mp3 publié : Antanambao.MP3 (fileId=4cdc8139-9a0f-4ca9-896e-8e5f47e15492)
2026-07-01 09:34:19 INFO  [WatcherApp] Nouveau mp3 publié : IAO.MP3 (fileId=08e50fbc-d9b3-4351-801d-47faa5f8e230)
2026-07-01 09:37:25 INFO  [WatcherApp] P1 Watcher démarré — répertoire=C:\Users\ttcho\OneDrive\ITU\S6\Naina_Playlist\.\repertoire | intervalle=10s | broker=localhost:5672
2026-07-01 09:38:16 INFO  [WatcherApp] Nouveau mp3 publié : Kerchak - Femmes.mp3 (fileId=d44aa501-4efc-4363-a275-9f1a25c11244)
2026-07-01 09:38:16 INFO  [WatcherApp] Nouveau mp3 publié : Kerchak - Peur feat. @ZiakCC (Clip Officiel).mp3 (fileId=c3ad14b5-bba4-4d8d-a51b-811b7cfcb0b6)
2026-07-01 09:40:16 INFO  [WatcherApp] Nouveau mp3 publié : Ankino.mp3 (fileId=ce577dd6-9eed-4031-bff2-0062d5db65a9)
2026-07-01 09:40:16 INFO  [WatcherApp] Nouveau mp3 publié : Antanambao.MP3 (fileId=8b6cd6a8-18ca-46db-b2bd-a8562b5cda90)
2026-07-01 09:40:16 INFO  [WatcherApp] Nouveau mp3 publié : IAO.MP3 (fileId=50fccb16-8980-4285-8ba2-4ba8ccfd521d)
2026-07-01 09:44:56 INFO  [WatcherApp] Nouveau mp3 publié : Kerchak - Femmes.mp3 (fileId=d3feec10-1ac8-42af-9dce-ee4963deab12)
2026-07-01 09:44:56 INFO  [WatcherApp] Nouveau mp3 publié : Kerchak - Peur feat. @ZiakCC (Clip Officiel).mp3 (fileId=09cd8f98-ea76-4eb8-9227-5724267cd476)
2026-07-01 09:50:56 INFO  [WatcherApp] Nouveau mp3 publié : Ankino.mp3 (fileId=c4738d20-4414-4d3d-bb13-29f82a82c980)
2026-07-01 09:50:56 INFO  [WatcherApp] Nouveau mp3 publié : Antanambao.MP3 (fileId=074d86d2-ebb5-4b71-ab51-450cc9d4bdc1)
2026-07-01 09:50:56 INFO  [WatcherApp] Nouveau mp3 publié : IAO.MP3 (fileId=bb01c2b0-1095-4fe8-8bec-3f3249ccfac5)
2026-07-01 09:52:36 INFO  [WatcherApp] Nouveau mp3 publié : Kerchak - Femmes.mp3 (fileId=18bc074a-0993-4643-a2bd-e9c200fc1c33)
2026-07-01 09:52:36 INFO  [WatcherApp] Nouveau mp3 publié : Kerchak - Peur feat. @ZiakCC (Clip Officiel) - Copie.mp3 (fileId=23c270e9-e35e-40da-8976-daf0dea1b24f)
2026-07-01 09:52:36 INFO  [WatcherApp] Nouveau mp3 publié : Kerchak - Peur feat. @ZiakCC (Clip Officiel).mp3 (fileId=ec147f75-5f4a-4603-a904-2f1e74616adb)
2026-07-01 09:56:46 INFO  [WatcherApp] Nouveau mp3 publié : Kerchak - Femmes.mp3 (fileId=7e7edf41-aa6e-4615-a29a-854805c181ce)
2026-07-01 09:56:46 INFO  [WatcherApp] Nouveau mp3 publié : Kerchak - Peur feat. @ZiakCC (Clip Officiel) - Copie.mp3 (fileId=cc8b576a-037b-408b-874c-c6be8063c53c)
2026-07-01 10:05:56 INFO  [WatcherApp] Nouveau mp3 publié : Ankino.mp3 (fileId=afad4624-f8d3-4649-b643-611cd0493b4d)
2026-07-01 10:05:56 INFO  [WatcherApp] Nouveau mp3 publié : Antanambao.MP3 (fileId=800cf024-39ea-443a-8087-eb979c5170e9)
2026-07-01 10:05:56 INFO  [WatcherApp] Nouveau mp3 publié : IAO.MP3 (fileId=f45ccb26-32fe-4208-80bf-f0be03598f7f)
2026-07-01 10:08:32 INFO  [WatcherApp] P1 Watcher démarré — répertoire=C:\Users\ttcho\OneDrive\ITU\S6\Naina_Playlist\.\repertoire | intervalle=10s | broker=localhost:5672
2026-07-01 10:08:32 INFO  [WatcherApp] Nouveau mp3 publié : Ankino.mp3 (fileId=b363eab2-2cae-443f-834f-3e81c915c260)
2026-07-01 10:08:32 INFO  [WatcherApp] Nouveau mp3 publié : Antanambao.MP3 (fileId=b4f71b20-b9f9-45ba-8e08-aa31a5350b4f)
2026-07-01 10:08:32 INFO  [WatcherApp] Nouveau mp3 publié : IAO.MP3 (fileId=17bd9904-a306-4e51-b5ff-9e4e8b7b14ad)
2026-07-01 10:08:42 INFO  [WatcherApp] Nouveau mp3 publié : Ankino.mp3 (fileId=74a9e4b1-5b55-4d95-9cf4-52d3c2991db2)
2026-07-01 10:08:42 INFO  [WatcherApp] Nouveau mp3 publié : Antanambao.MP3 (fileId=5a725937-813d-4feb-800c-6bc5ee04a7db)
2026-07-01 10:08:42 INFO  [WatcherApp] Nouveau mp3 publié : IAO.MP3 (fileId=1ec63ac4-4d42-4445-919a-8e55948bb150)
2026-07-01 10:08:52 INFO  [WatcherApp] Nouveau mp3 publié : Ankino.mp3 (fileId=85814448-1b8d-4742-b367-57c457ae2da0)
2026-07-01 10:08:52 INFO  [WatcherApp] Nouveau mp3 publié : Antanambao.MP3 (fileId=39b2f139-b719-499b-a9e0-e63d05365dca)
2026-07-01 10:08:52 INFO  [WatcherApp] Nouveau mp3 publié : IAO.MP3 (fileId=31b8f4e3-e36e-46b7-9330-6c5055cdfc97)
2026-07-01 10:09:02 INFO  [WatcherApp] Nouveau mp3 publié : Ankino.mp3 (fileId=3cae8670-c257-4bc3-8245-974ba44f3459)
2026-07-01 10:09:02 INFO  [WatcherApp] Nouveau mp3 publié : Antanambao.MP3 (fileId=0b76b0bf-bd7f-4168-a20e-6e542d83e5a7)
2026-07-01 10:09:02 INFO  [WatcherApp] Nouveau mp3 publié : IAO.MP3 (fileId=2fd32a12-d7c8-44b6-a25d-6e917d0dabf0)
2026-07-01 10:09:12 INFO  [WatcherApp] Nouveau mp3 publié : Ankino.mp3 (fileId=123c98f2-0d55-4a58-bdb5-d59b5c1e4a41)
2026-07-01 10:09:12 INFO  [WatcherApp] Nouveau mp3 publié : Antanambao.MP3 (fileId=dabc2041-fed1-408e-b9e8-6c58aaf08bd3)
2026-07-01 10:09:12 INFO  [WatcherApp] Nouveau mp3 publié : IAO.MP3 (fileId=fd9840d2-f1fc-4cad-8217-8e512db8be12)
2026-07-01 10:09:22 INFO  [WatcherApp] Nouveau mp3 publié : Ankino.mp3 (fileId=5030931d-f784-4c0f-a281-b9a9cfb5f23c)
2026-07-01 10:09:22 INFO  [WatcherApp] Nouveau mp3 publié : Antanambao.MP3 (fileId=4b8d72d6-e35a-4540-b971-76ef61be97cf)
2026-07-01 10:09:22 INFO  [WatcherApp] Nouveau mp3 publié : IAO.MP3 (fileId=dcbe3fa2-1682-489a-80fc-740c57c449c2)
2026-07-01 10:09:32 INFO  [WatcherApp] Nouveau mp3 publié : Ankino.mp3 (fileId=285f6595-174e-4c78-a24e-2f3dbb84aeed)
2026-07-01 10:09:32 INFO  [WatcherApp] Nouveau mp3 publié : Antanambao.MP3 (fileId=2ad64913-cbd7-4864-b8cb-4c69edf3e744)
2026-07-01 10:09:32 INFO  [WatcherApp] Nouveau mp3 publié : IAO.MP3 (fileId=db741f0d-872e-4f06-94d2-c5e7cca8b0dc)
2026-07-01 10:09:42 INFO  [WatcherApp] Nouveau mp3 publié : Ankino.mp3 (fileId=900bc518-1bc7-4810-9713-75a2f69360ab)
2026-07-01 10:09:42 INFO  [WatcherApp] Nouveau mp3 publié : Antanambao.MP3 (fileId=b5d3ebd6-a2cf-460c-bfb5-54bdf3621bee)
2026-07-01 10:09:42 INFO  [WatcherApp] Nouveau mp3 publié : IAO.MP3 (fileId=b384c241-281d-4e8e-a1b3-39938e01e8ee)
2026-07-01 10:09:52 INFO  [WatcherApp] Nouveau mp3 publié : Ankino.mp3 (fileId=ebc0da53-a243-47a3-bf2b-5e74dcb5b0e1)
2026-07-01 10:09:52 INFO  [WatcherApp] Nouveau mp3 publié : Antanambao.MP3 (fileId=bddbf62b-0c05-4f3a-881a-d5c00c05a7dd)
2026-07-01 10:09:52 INFO  [WatcherApp] Nouveau mp3 publié : IAO.MP3 (fileId=b86d18cb-5b61-40e5-992c-f4611c2046be)
2026-07-01 10:10:02 INFO  [WatcherApp] Nouveau mp3 publié : Ankino.mp3 (fileId=63c442da-c38c-4fc5-9c47-37ebbbfb2773)
2026-07-01 10:10:02 INFO  [WatcherApp] Nouveau mp3 publié : Antanambao.MP3 (fileId=edc461b1-07d7-49f1-8d5a-1dd70d5f1893)
2026-07-01 10:10:02 INFO  [WatcherApp] Nouveau mp3 publié : IAO.MP3 (fileId=9977488d-6b97-43f7-8251-88b5fdae90af)
2026-07-01 10:10:12 INFO  [WatcherApp] Nouveau mp3 publié : Ankino.mp3 (fileId=0368aa7a-eaf7-4fc2-a966-f55be5c3cb5a)
2026-07-01 10:10:12 INFO  [WatcherApp] Nouveau mp3 publié : Antanambao.MP3 (fileId=fee508f0-7e4f-49f7-808b-e076de6be558)
2026-07-01 10:10:12 INFO  [WatcherApp] Nouveau mp3 publié : IAO.MP3 (fileId=b06c71dc-3099-4c2f-b6e9-3b5089d8cef3)
2026-07-01 10:10:22 INFO  [WatcherApp] Nouveau mp3 publié : Ankino.mp3 (fileId=adfbf885-1411-4c86-aa9f-74ce13af507d)
2026-07-01 10:10:22 INFO  [WatcherApp] Nouveau mp3 publié : Antanambao.MP3 (fileId=7496e86f-0176-4dd5-870b-f8c2815caa69)
2026-07-01 10:10:22 INFO  [WatcherApp] Nouveau mp3 publié : IAO.MP3 (fileId=1bfeb08c-2319-4b25-af80-38fa1f213267)
2026-07-01 10:10:32 INFO  [WatcherApp] Nouveau mp3 publié : Ankino.mp3 (fileId=547c891e-fedf-433d-b5d5-297753b6b68c)
2026-07-01 10:10:32 INFO  [WatcherApp] Nouveau mp3 publié : Antanambao.MP3 (fileId=83eb8e69-18cd-4a56-9555-5747ecd3adfb)
2026-07-01 10:10:32 INFO  [WatcherApp] Nouveau mp3 publié : IAO.MP3 (fileId=5f1bbb93-36ca-4d8b-97ab-a8b808bd5cec)
2026-07-01 10:10:42 INFO  [WatcherApp] Nouveau mp3 publié : Ankino.mp3 (fileId=4ca9ce6b-3e91-4e43-b8f2-d9de6de5269a)
2026-07-01 10:10:42 INFO  [WatcherApp] Nouveau mp3 publié : Antanambao.MP3 (fileId=8f31e753-7f7b-443f-bf23-a01cc72d9ce2)
2026-07-01 10:10:42 INFO  [WatcherApp] Nouveau mp3 publié : IAO.MP3 (fileId=957609ba-956e-4a19-83ad-9b368847683c)
2026-07-01 10:10:52 INFO  [WatcherApp] Nouveau mp3 publié : Ankino.mp3 (fileId=a4b839c1-dbd0-47ad-ada8-5d7689cee9c4)
2026-07-01 10:10:52 INFO  [WatcherApp] Nouveau mp3 publié : Antanambao.MP3 (fileId=e4a2dafe-c67e-4f30-9344-3ddf37535e67)
2026-07-01 10:10:52 INFO  [WatcherApp] Nouveau mp3 publié : IAO.MP3 (fileId=e1266949-e5d8-4d96-a52f-bb792ab2e790)
2026-07-01 10:11:02 INFO  [WatcherApp] Nouveau mp3 publié : Ankino.mp3 (fileId=39cc6cce-896c-47d6-a53b-395f677be664)
2026-07-01 10:11:02 INFO  [WatcherApp] Nouveau mp3 publié : Antanambao.MP3 (fileId=717ac905-9ee0-4bc5-ab43-474c5fb0216e)
2026-07-01 10:11:02 INFO  [WatcherApp] Nouveau mp3 publié : IAO.MP3 (fileId=1f9a1593-ed89-472d-acc8-20d687a858ca)
2026-07-01 10:11:12 INFO  [WatcherApp] Nouveau mp3 publié : Ankino.mp3 (fileId=d76f090b-7fe2-44a8-afab-7d7ea1a0b6c0)
2026-07-01 10:11:12 INFO  [WatcherApp] Nouveau mp3 publié : Antanambao.MP3 (fileId=11dfd6aa-39d4-43da-9b6a-ad3f620e9a5a)
2026-07-01 10:11:12 INFO  [WatcherApp] Nouveau mp3 publié : IAO.MP3 (fileId=db467b3a-bd9f-49bd-a255-f53f374dcf18)
2026-07-01 10:11:22 INFO  [WatcherApp] Nouveau mp3 publié : Ankino.mp3 (fileId=1d675102-436f-4851-a818-e3d77e16a9de)
2026-07-01 10:11:22 INFO  [WatcherApp] Nouveau mp3 publié : Antanambao.MP3 (fileId=49878c4b-017b-4382-b02e-14e4b5329196)
2026-07-01 10:11:22 INFO  [WatcherApp] Nouveau mp3 publié : IAO.MP3 (fileId=c6e2168b-4d1e-4ec7-aa5a-a53c18bbf8d0)
2026-07-01 10:11:32 INFO  [WatcherApp] Nouveau mp3 publié : Ankino.mp3 (fileId=09e02627-c728-4853-b8f2-1cdc667f6258)
2026-07-01 10:11:32 INFO  [WatcherApp] Nouveau mp3 publié : Antanambao.MP3 (fileId=75313302-a74f-4200-be06-965102f2eb7a)
2026-07-01 10:11:32 INFO  [WatcherApp] Nouveau mp3 publié : IAO.MP3 (fileId=95619c1b-8330-4eb0-859d-a9abcc0dad9e)
2026-07-01 10:11:42 INFO  [WatcherApp] Nouveau mp3 publié : Ankino.mp3 (fileId=1d90e6e6-6983-4fa3-9359-b2792f513352)
2026-07-01 10:11:42 INFO  [WatcherApp] Nouveau mp3 publié : Antanambao.MP3 (fileId=0156b79d-cd37-497d-a4f2-f95b504c4758)
2026-07-01 10:11:42 INFO  [WatcherApp] Nouveau mp3 publié : IAO.MP3 (fileId=be672d41-dba9-4ac8-a088-2df66455043a)
2026-07-01 10:11:52 INFO  [WatcherApp] Nouveau mp3 publié : Ankino.mp3 (fileId=bbfb2ff8-be29-49a0-acaa-adadc7c0cf44)
2026-07-01 10:11:52 INFO  [WatcherApp] Nouveau mp3 publié : Antanambao.MP3 (fileId=dc9e4245-b0df-4b78-a462-e23969128e26)
2026-07-01 10:11:52 INFO  [WatcherApp] Nouveau mp3 publié : IAO.MP3 (fileId=5b35e1d9-71f8-4696-965e-4a860e921272)
2026-07-01 10:12:02 INFO  [WatcherApp] Nouveau mp3 publié : Ankino.mp3 (fileId=2484e5d2-0200-432d-a94f-b34daac29863)
2026-07-01 10:12:02 INFO  [WatcherApp] Nouveau mp3 publié : Antanambao.MP3 (fileId=bd57431b-778e-4db3-9c9c-a9dbe860e89e)
2026-07-01 10:12:02 INFO  [WatcherApp] Nouveau mp3 publié : IAO.MP3 (fileId=58351e14-34e7-4810-8b3e-e70c5b54be37)
2026-07-01 10:12:12 INFO  [WatcherApp] Nouveau mp3 publié : Ankino.mp3 (fileId=971880e8-1834-41fd-b720-6b1da39d4670)
2026-07-01 10:12:12 INFO  [WatcherApp] Nouveau mp3 publié : Antanambao.MP3 (fileId=2144d5b3-14eb-440c-b658-c174ec1ee458)
2026-07-01 10:12:12 INFO  [WatcherApp] Nouveau mp3 publié : IAO.MP3 (fileId=cd1fbdce-24d7-4c60-b8dd-3161959a6e44)
2026-07-01 10:12:22 INFO  [WatcherApp] Nouveau mp3 publié : Ankino.mp3 (fileId=62a1ffd6-2c37-4f07-ad22-436a49240480)
2026-07-01 10:12:22 INFO  [WatcherApp] Nouveau mp3 publié : Antanambao.MP3 (fileId=4b9c9235-3a19-4a6e-8c11-7dd3fb8b2b77)
2026-07-01 10:12:22 INFO  [WatcherApp] Nouveau mp3 publié : IAO.MP3 (fileId=bc910c1e-d3e2-4e0a-a0bf-6b4e78623cc3)
2026-07-01 10:12:32 INFO  [WatcherApp] Nouveau mp3 publié : Ankino.mp3 (fileId=9e965e2d-68ed-4817-b253-975e75fa7563)
2026-07-01 10:12:32 INFO  [WatcherApp] Nouveau mp3 publié : Antanambao.MP3 (fileId=b505c32a-e828-42e1-a659-060249455b23)
2026-07-01 10:12:32 INFO  [WatcherApp] Nouveau mp3 publié : IAO.MP3 (fileId=92461eef-d4e5-4ee6-a07b-93c6b8f46cb9)
2026-07-01 10:13:12 INFO  [WatcherApp] P1 Watcher démarré — répertoire=C:\Users\ttcho\OneDrive\ITU\S6\Naina_Playlist\.\repertoire | intervalle=10s | broker=localhost:5672
2026-07-01 10:13:12 INFO  [WatcherApp] Nouveau mp3 publié : Ankino.mp3 (fileId=1958d485-69f9-407d-a80d-84a19cd73399)
2026-07-01 10:13:12 INFO  [WatcherApp] Nouveau mp3 publié : Antanambao.MP3 (fileId=10a79a05-9ded-47b3-b59e-5d57730a5270)
2026-07-01 10:13:12 INFO  [WatcherApp] Nouveau mp3 publié : IAO.MP3 (fileId=fec2a82f-f80c-4236-91d8-92157f922c6e)
2026-07-01 10:13:22 INFO  [WatcherApp] Nouveau mp3 publié : Ankino.mp3 (fileId=8d00641e-5b78-4120-beae-5643ac2ac889)
2026-07-01 10:13:22 INFO  [WatcherApp] Nouveau mp3 publié : Antanambao.MP3 (fileId=666afdce-a1e5-4c88-84f4-b512e2fcf52d)
2026-07-01 10:13:22 INFO  [WatcherApp] Nouveau mp3 publié : IAO.MP3 (fileId=519db5f7-398a-4530-bab3-686996cc2d6b)
2026-07-01 10:13:32 INFO  [WatcherApp] Nouveau mp3 publié : Ankino.mp3 (fileId=3ca59252-3da0-497e-bb0f-8bae9dc77993)
2026-07-01 10:13:42 INFO  [WatcherApp] Nouveau mp3 publié : Ankino.mp3 (fileId=195bcfaa-e3a8-45d0-b1a4-6e42acd7fd7c)
2026-07-01 10:13:52 INFO  [WatcherApp] Nouveau mp3 publié : Ankino.mp3 (fileId=55638e48-7259-4d7d-a6bb-b3400b1c05a9)
2026-07-01 10:14:02 INFO  [WatcherApp] Nouveau mp3 publié : Ankino.mp3 (fileId=530c9206-2335-4646-8a22-132744c86e5a)
2026-07-01 10:14:12 INFO  [WatcherApp] Nouveau mp3 publié : Ankino.mp3 (fileId=0be41a42-3c21-4e1f-b4f2-ba4c251bf4a1)
2026-07-01 10:14:22 INFO  [WatcherApp] Nouveau mp3 publié : Ankino.mp3 (fileId=7c35d08a-6eae-4164-a1a4-792fadf92137)
2026-07-01 10:14:32 INFO  [WatcherApp] Nouveau mp3 publié : Ankino.mp3 (fileId=f0b1806b-d0c7-4ed3-9cbc-d3c8d8b3f2f9)
2026-07-01 10:14:42 INFO  [WatcherApp] Nouveau mp3 publié : Ankino.mp3 (fileId=37a1dc49-ab9d-47d7-bdfb-9f174d3d21cc)
2026-07-01 10:14:52 INFO  [WatcherApp] Nouveau mp3 publié : Ankino.mp3 (fileId=41483ab9-6794-4d00-9574-7cfad1998dbc)
2026-07-01 10:15:02 INFO  [WatcherApp] Nouveau mp3 publié : Ankino.mp3 (fileId=a83dba8e-92b9-4f31-b1ff-d5f6fb345206)
2026-07-01 10:15:02 INFO  [WatcherApp] Nouveau mp3 publié : Antanambao.MP3 (fileId=9cc2675e-c590-4b44-b6be-156e1cacdf3f)
2026-07-01 10:15:02 INFO  [WatcherApp] Nouveau mp3 publié : IAO.MP3 (fileId=3513a2a4-041e-4e56-b2c7-3c784fb81585)
2026-07-01 10:15:12 INFO  [WatcherApp] Nouveau mp3 publié : Ankino.mp3 (fileId=bc10778d-fb82-4496-8445-e30fb42679b8)
2026-07-01 10:15:12 INFO  [WatcherApp] Nouveau mp3 publié : Antanambao.MP3 (fileId=a79a3eaa-bc54-4126-9837-74bb2b5abfef)
2026-07-01 10:15:12 INFO  [WatcherApp] Nouveau mp3 publié : IAO.MP3 (fileId=8009becf-78f8-42b5-8ccc-5d6e933ddd68)
2026-07-01 10:15:22 INFO  [WatcherApp] Nouveau mp3 publié : Ankino.mp3 (fileId=9a968501-9540-4e0e-a6ba-b211900dbab1)
2026-07-01 10:15:22 INFO  [WatcherApp] Nouveau mp3 publié : Antanambao.MP3 (fileId=f07c9ca0-79e5-4df6-8d48-87284f5029c5)
2026-07-01 10:15:22 INFO  [WatcherApp] Nouveau mp3 publié : IAO.MP3 (fileId=253a261b-c932-42e7-9785-d21a50eaeece)
2026-07-01 10:15:32 INFO  [WatcherApp] Nouveau mp3 publié : Ankino.mp3 (fileId=70db1404-bfdc-4396-95df-bffb142e61ed)
2026-07-01 10:15:32 INFO  [WatcherApp] Nouveau mp3 publié : Antanambao.MP3 (fileId=cb5715f0-f5e8-416b-8ef7-1fc421181828)
2026-07-01 10:15:32 INFO  [WatcherApp] Nouveau mp3 publié : IAO.MP3 (fileId=da5b0d7e-0729-4dce-b73a-c013c2a76715)
2026-07-01 10:15:42 INFO  [WatcherApp] Nouveau mp3 publié : Ankino.mp3 (fileId=04b460f4-d761-4400-85db-18e369278df5)
2026-07-01 10:15:52 INFO  [WatcherApp] Nouveau mp3 publié : Ankino.mp3 (fileId=b8fd1000-9024-410c-a8dd-102884e2878d)
2026-07-01 10:16:02 INFO  [WatcherApp] Nouveau mp3 publié : Ankino.mp3 (fileId=0cab9bcc-395e-4ee1-aa6d-6d6f49bad56b)
2026-07-01 10:16:12 INFO  [WatcherApp] Nouveau mp3 publié : Ankino.mp3 (fileId=fc9cbf8b-2ecf-4a9e-b75c-0850fe38c6e1)
2026-07-01 10:16:22 INFO  [WatcherApp] Nouveau mp3 publié : Ankino.mp3 (fileId=e4cae922-b710-4fc3-8030-5362f8bcfa0a)
2026-07-01 10:16:32 INFO  [WatcherApp] Nouveau mp3 publié : Ankino.mp3 (fileId=bc9281d7-07b5-432b-a27a-3c782d45a39e)
2026-07-01 10:16:42 INFO  [WatcherApp] Nouveau mp3 publié : Ankino.mp3 (fileId=b1e503c1-ecd5-49f3-8ae2-ec56dcfa6d89)
2026-07-01 10:16:52 INFO  [WatcherApp] Nouveau mp3 publié : Ankino.mp3 (fileId=bb92b51e-ede3-4d90-94e2-fcb55ae8cc63)
2026-07-01 10:17:02 INFO  [WatcherApp] Nouveau mp3 publié : Ankino.mp3 (fileId=ac02b0d0-bda9-4947-b2ee-56af822ec953)
2026-07-01 10:17:12 INFO  [WatcherApp] Nouveau mp3 publié : Ankino.mp3 (fileId=31d3cca0-13a1-4e54-9e5b-89aadd635dd4)
2026-07-01 10:17:22 INFO  [WatcherApp] Nouveau mp3 publié : Ankino.mp3 (fileId=ab015040-84be-47db-8dc6-1f637dbb7bf9)
2026-07-01 10:17:32 INFO  [WatcherApp] Nouveau mp3 publié : Ankino.mp3 (fileId=a4ea1a81-62dd-4a67-9607-f39ea8e9452e)
2026-07-01 10:17:42 INFO  [WatcherApp] Nouveau mp3 publié : Ankino.mp3 (fileId=524771ea-d2a1-47bf-ba42-a2a8bc229e98)
2026-07-01 10:17:52 INFO  [WatcherApp] Nouveau mp3 publié : Ankino.mp3 (fileId=6c48dfe8-dcf8-4d4c-b7c7-93d097c8a85a)
2026-07-01 10:18:02 INFO  [WatcherApp] Nouveau mp3 publié : Ankino.mp3 (fileId=d8cdd3cc-e6f0-4f9e-9ae2-e48156b01146)
2026-07-01 10:18:12 INFO  [WatcherApp] Nouveau mp3 publié : Ankino.mp3 (fileId=32bead8b-37c8-4e0e-850b-0c18628f2ad1)
2026-07-01 10:18:22 INFO  [WatcherApp] Nouveau mp3 publié : Ankino.mp3 (fileId=1f5ddcfe-5f69-4ad1-ad24-a45d5d6e0fee)
2026-07-01 10:18:32 INFO  [WatcherApp] Nouveau mp3 publié : Ankino.mp3 (fileId=abbea268-6bd5-47d2-988f-789fe927dcb7)
2026-07-01 10:18:42 INFO  [WatcherApp] Nouveau mp3 publié : Ankino.mp3 (fileId=f2ca079f-40d4-4130-9c12-413c0a9373ad)
2026-07-01 10:18:52 INFO  [WatcherApp] Nouveau mp3 publié : Ankino.mp3 (fileId=ec9e6d45-f465-416a-8228-68d9785237c5)
2026-07-01 10:19:02 INFO  [WatcherApp] Nouveau mp3 publié : Ankino.mp3 (fileId=56d90391-8133-42b1-b40c-5253e513e0d3)
2026-07-01 10:19:12 INFO  [WatcherApp] Nouveau mp3 publié : Ankino.mp3 (fileId=c2fa5771-3f1c-4439-8b9b-d9ba73a00217)
2026-07-01 10:19:22 INFO  [WatcherApp] Nouveau mp3 publié : Ankino.mp3 (fileId=dc6bf4d6-c391-4967-8b97-0032a27b1839)
2026-07-01 10:19:32 INFO  [WatcherApp] Nouveau mp3 publié : Ankino.mp3 (fileId=be3f61a7-d90c-46ce-b2d9-0f51e3779df6)
2026-07-01 10:19:42 INFO  [WatcherApp] Nouveau mp3 publié : Ankino.mp3 (fileId=8cd3dce0-7461-4145-966a-e53b64ebd413)
2026-07-01 10:19:52 INFO  [WatcherApp] Nouveau mp3 publié : Ankino.mp3 (fileId=b9efaa82-25e5-43c2-bc19-a75592bc02f3)
2026-07-01 10:20:02 INFO  [WatcherApp] Nouveau mp3 publié : Ankino.mp3 (fileId=2c9cddbf-64ec-458d-835e-8236a5894fa7)
2026-07-01 10:20:12 INFO  [WatcherApp] Nouveau mp3 publié : Ankino.mp3 (fileId=26020e6e-cfd6-45be-b4b6-8499bbaf3818)
2026-07-01 10:20:22 INFO  [WatcherApp] Nouveau mp3 publié : Ankino.mp3 (fileId=691f5f46-a326-4aa3-9d37-d0f45595eb62)
2026-07-01 10:20:32 INFO  [WatcherApp] Nouveau mp3 publié : Ankino.mp3 (fileId=eb051f07-80b3-4398-9ac2-e4b0ddb7bbdf)
2026-07-01 10:20:42 INFO  [WatcherApp] Nouveau mp3 publié : Ankino.mp3 (fileId=7c0e65c3-c877-430d-a040-73b4a7e1f7ea)
2026-07-01 10:20:52 INFO  [WatcherApp] Nouveau mp3 publié : Ankino.mp3 (fileId=4915511d-ec0c-4c07-97ee-d7aff7289b5a)
2026-07-01 10:21:02 INFO  [WatcherApp] Nouveau mp3 publié : Ankino.mp3 (fileId=74c5c97b-1b3d-42d6-b0ec-2d0135f3cc7e)
2026-07-01 10:21:12 INFO  [WatcherApp] Nouveau mp3 publié : Ankino.mp3 (fileId=6a470754-4685-44c1-b5a4-6d18a3ba8a7b)
2026-07-01 10:21:22 INFO  [WatcherApp] Nouveau mp3 publié : Ankino.mp3 (fileId=bc7f16b3-6154-41ae-8cd7-4db7c401cf5f)
2026-07-01 10:21:32 INFO  [WatcherApp] Nouveau mp3 publié : Ankino.mp3 (fileId=fa5da2f9-251f-4263-97ed-5286e6e6d0e6)
2026-07-01 10:21:42 INFO  [WatcherApp] Nouveau mp3 publié : Ankino.mp3 (fileId=5d14a794-39d9-42eb-9738-6820086d11ac)
2026-07-01 10:21:52 INFO  [WatcherApp] Nouveau mp3 publié : Ankino.mp3 (fileId=ce6be4ce-2709-48a4-ac1a-c49b64487cce)
2026-07-01 10:22:02 INFO  [WatcherApp] Nouveau mp3 publié : Ankino.mp3 (fileId=12a6eee3-9b6b-490b-b835-d4c4fac0c0e0)
2026-07-01 10:22:12 INFO  [WatcherApp] Nouveau mp3 publié : Ankino.mp3 (fileId=0b3bddde-70d7-4c38-b565-f697bcccbfe7)
2026-07-01 10:22:22 INFO  [WatcherApp] Nouveau mp3 publié : Ankino.mp3 (fileId=efdc9ef5-747c-4263-84c0-ed563023d77a)
2026-07-01 10:22:32 INFO  [WatcherApp] Nouveau mp3 publié : Ankino.mp3 (fileId=5914cb93-8d83-4631-bac6-20662ff38ecc)
2026-07-01 10:22:42 INFO  [WatcherApp] Nouveau mp3 publié : Ankino.mp3 (fileId=b6900129-f458-4f49-a91f-be2865a86a00)
2026-07-01 10:22:52 INFO  [WatcherApp] Nouveau mp3 publié : Ankino.mp3 (fileId=42f9887c-6c39-4615-8add-c2c13b2dfbf1)
2026-07-01 10:23:02 INFO  [WatcherApp] Nouveau mp3 publié : Ankino.mp3 (fileId=42e7a260-0d14-4300-8d7f-9020fa224462)
2026-07-01 10:23:12 INFO  [WatcherApp] Nouveau mp3 publié : Ankino.mp3 (fileId=16ff0cc4-7208-46c4-9213-5ff7bc5f323a)
2026-07-01 10:23:22 INFO  [WatcherApp] Nouveau mp3 publié : Ankino.mp3 (fileId=79b7bdd9-9f6c-442c-92f8-3060de54647a)
2026-07-01 10:23:32 INFO  [WatcherApp] Nouveau mp3 publié : Ankino.mp3 (fileId=3ed16f49-302f-4ada-84a9-e9c668ba32ea)
2026-07-01 10:23:42 INFO  [WatcherApp] Nouveau mp3 publié : Ankino.mp3 (fileId=0ee17bbb-317b-469b-ac45-e4391aa33899)
2026-07-01 10:23:52 INFO  [WatcherApp] Nouveau mp3 publié : Ankino.mp3 (fileId=fd36bbd3-ef95-4b22-801a-0fdef607aec0)
2026-07-01 10:24:02 INFO  [WatcherApp] Nouveau mp3 publié : Ankino.mp3 (fileId=f2c24391-8358-4fa6-b544-8eae6c04d6b1)
2026-07-01 10:24:12 INFO  [WatcherApp] Nouveau mp3 publié : Ankino.mp3 (fileId=1b14817b-ca2e-4f5e-b22d-773574caf601)
2026-07-01 10:24:22 INFO  [WatcherApp] Nouveau mp3 publié : Ankino.mp3 (fileId=1f1dec29-2b13-48cb-9567-a9ea9796f099)
2026-07-01 10:24:32 INFO  [WatcherApp] Nouveau mp3 publié : Ankino.mp3 (fileId=3ca4f38a-92d0-4f29-9066-54f94c60ba07)
2026-07-01 10:24:42 INFO  [WatcherApp] Nouveau mp3 publié : Ankino.mp3 (fileId=f786d4bf-544a-456e-b7e4-45da7a1bfc78)
2026-07-01 10:24:52 INFO  [WatcherApp] Nouveau mp3 publié : Ankino.mp3 (fileId=54600e86-8689-4795-8147-2925ee3241e0)
2026-07-01 10:25:02 INFO  [WatcherApp] Nouveau mp3 publié : Ankino.mp3 (fileId=e6b6ce9d-4f13-471b-bf78-f68c691744b1)
2026-07-01 10:25:12 INFO  [WatcherApp] Nouveau mp3 publié : Ankino.mp3 (fileId=2cbe3d48-ae3e-45e4-97e3-897c37d83d90)
2026-07-01 10:25:22 INFO  [WatcherApp] Nouveau mp3 publié : Ankino.mp3 (fileId=ea890206-7eba-4175-82a7-e05d3a55b9be)
2026-07-01 10:25:32 INFO  [WatcherApp] Nouveau mp3 publié : Ankino.mp3 (fileId=9d6b2b35-5bf9-4c17-a40f-6873dee282b3)
2026-07-01 10:25:42 INFO  [WatcherApp] Nouveau mp3 publié : Ankino.mp3 (fileId=1411c0ce-8f5b-472c-9622-0d58c173f9b1)
2026-07-01 10:25:52 INFO  [WatcherApp] Nouveau mp3 publié : Ankino.mp3 (fileId=364fd53e-2366-418d-9e0d-bab6541fdb00)
2026-07-01 10:26:02 INFO  [WatcherApp] Nouveau mp3 publié : Ankino.mp3 (fileId=eb9efeab-f386-4873-9128-3fa620837a45)
2026-07-01 10:26:12 INFO  [WatcherApp] Nouveau mp3 publié : Ankino.mp3 (fileId=13b1b6d3-208e-4c20-a0d4-f9cdfe16e36d)
2026-07-01 10:26:22 INFO  [WatcherApp] Nouveau mp3 publié : Ankino.mp3 (fileId=116d3cd1-7df3-4167-8a5b-d626a1a4ccb7)
2026-07-01 10:26:32 INFO  [WatcherApp] Nouveau mp3 publié : Ankino.mp3 (fileId=0f516047-bcf7-4912-8d3b-32e2d193dd52)
2026-07-01 10:26:42 INFO  [WatcherApp] Nouveau mp3 publié : Ankino.mp3 (fileId=e8d1d4b8-c145-4be3-b640-25156b685191)
2026-07-01 10:26:52 INFO  [WatcherApp] Nouveau mp3 publié : Ankino.mp3 (fileId=338b08f4-8323-4aa3-a2ba-0c1167744809)
2026-07-01 10:27:02 INFO  [WatcherApp] Nouveau mp3 publié : Ankino.mp3 (fileId=e8a78e3e-8484-4b45-aac5-9e8da0f070df)
2026-07-01 10:27:12 INFO  [WatcherApp] Nouveau mp3 publié : Ankino.mp3 (fileId=a0bae6c7-18d0-4024-b63b-49da86f4b4de)
2026-07-01 10:27:22 INFO  [WatcherApp] Nouveau mp3 publié : Ankino.mp3 (fileId=603b61eb-16d5-4626-9ba2-bfed05a17b59)
2026-07-01 10:27:32 INFO  [WatcherApp] Nouveau mp3 publié : Ankino.mp3 (fileId=7395954c-32bb-4256-a8ef-ba409d67ddbe)
2026-07-01 10:27:42 INFO  [WatcherApp] Nouveau mp3 publié : Ankino.mp3 (fileId=c5a73b7c-da1c-4554-b434-347055912ea3)
2026-07-01 10:27:52 INFO  [WatcherApp] Nouveau mp3 publié : Ankino.mp3 (fileId=7208cf07-40bf-4484-bada-f42f681f7ceb)
2026-07-01 10:28:02 INFO  [WatcherApp] Nouveau mp3 publié : Ankino.mp3 (fileId=10c85c95-a47a-48c4-a0ad-74e7451b5ee9)
2026-07-01 10:28:12 INFO  [WatcherApp] Nouveau mp3 publié : Ankino.mp3 (fileId=b5c64432-3065-4853-82d8-81d47b99b32c)
2026-07-01 10:28:22 INFO  [WatcherApp] Nouveau mp3 publié : Ankino.mp3 (fileId=5b139a02-3cda-42ee-afde-48fcab8230a7)
2026-07-01 10:28:32 INFO  [WatcherApp] Nouveau mp3 publié : Ankino.mp3 (fileId=b4371c52-f81d-46f8-92ae-5d337ef5a657)
2026-07-01 10:28:52 INFO  [WatcherApp] Nouveau mp3 publié : Ankino.mp3 (fileId=b95fc4bb-7a03-42de-b2e1-a16ac562d6d1)
2026-07-01 10:29:02 INFO  [WatcherApp] Nouveau mp3 publié : Ankino.mp3 (fileId=5d1c5d09-8a77-4be4-a8df-933c3dd384a7)
2026-07-01 10:37:54 INFO  [WatcherApp] P1 Watcher démarré — répertoire=C:\Users\ttcho\OneDrive\ITU\S6\Naina_Playlist\.\repertoire | intervalle=10s | broker=localhost:5672
2026-07-01 10:38:24 INFO  [WatcherApp] Nouveau mp3 publié : Ankino.mp3 (fileId=7f248128-5ca4-48bf-ac4d-62da3c0fffbf)
2026-07-01 10:38:24 INFO  [WatcherApp] Nouveau mp3 publié : Antanambao.MP3 (fileId=4e2b6409-1987-4639-b41f-374da84759cc)
2026-07-01 10:38:24 INFO  [WatcherApp] Nouveau mp3 publié : IAO.MP3 (fileId=66017402-4ba6-4566-a496-99eef60a9b9b)
2026-07-01 10:38:34 INFO  [WatcherApp] Nouveau mp3 publié : Ankino.mp3 (fileId=02b4c3bd-7720-49d5-aa07-a4b214fc5f9c)
2026-07-01 10:38:44 INFO  [WatcherApp] Nouveau mp3 publié : Ankino.mp3 (fileId=7e0b0dba-6c6a-49b0-be18-2723c6fbdc05)
2026-07-01 10:38:54 INFO  [WatcherApp] Nouveau mp3 publié : Ankino.mp3 (fileId=7057479d-d2b6-43a7-a07a-65fa337604bf)
2026-07-01 10:39:04 INFO  [WatcherApp] Nouveau mp3 publié : Ankino.mp3 (fileId=1e23b961-8e92-479b-8c04-512c81f2e628)
2026-07-01 10:39:14 INFO  [WatcherApp] Nouveau mp3 publié : Ankino.mp3 (fileId=a5a14189-0452-4766-8677-6e80035dd866)
2026-07-01 10:39:24 INFO  [WatcherApp] Nouveau mp3 publié : Ankino.mp3 (fileId=2f70a491-72f3-4687-bb98-3f07cb0146de)
2026-07-01 10:39:34 INFO  [WatcherApp] Nouveau mp3 publié : Ankino.mp3 (fileId=fa4d5ffd-1b3f-4551-a08d-38e54c571454)
2026-07-01 10:39:44 INFO  [WatcherApp] Nouveau mp3 publié : Ankino.mp3 (fileId=8821b7ee-30f4-4b65-aa4e-f394b6c766fc)
2026-07-01 10:39:54 INFO  [WatcherApp] Nouveau mp3 publié : Ankino.mp3 (fileId=8cf2ddd9-2ab7-4cf9-802d-0a5de65bb468)
2026-07-01 10:40:04 INFO  [WatcherApp] Nouveau mp3 publié : Ankino.mp3 (fileId=0e1ee740-f742-4be9-b6dc-cd8f5690d3c3)
2026-07-01 10:40:14 INFO  [WatcherApp] Nouveau mp3 publié : Ankino.mp3 (fileId=bdde6c2a-0236-429d-835d-c007f483064b)
2026-07-01 10:40:24 INFO  [WatcherApp] Nouveau mp3 publié : Ankino.mp3 (fileId=4ca6b1be-2975-4b4d-aab4-da213566d365)
2026-07-01 10:40:34 INFO  [WatcherApp] Nouveau mp3 publié : Ankino.mp3 (fileId=3f5fdb5f-5e9b-4271-90ed-6c6944ace46c)
2026-07-01 10:40:44 INFO  [WatcherApp] Nouveau mp3 publié : Ankino.mp3 (fileId=2300495a-c8c0-4a94-a465-a8898de232b3)
2026-07-01 10:40:54 INFO  [WatcherApp] Nouveau mp3 publié : Ankino.mp3 (fileId=5e250ac2-4d9a-4bb1-a1e9-cb0277d65e5c)
2026-07-01 10:41:04 INFO  [WatcherApp] Nouveau mp3 publié : Ankino.mp3 (fileId=b4928973-43c5-42a3-9a15-cb7077f552ba)
2026-07-01 10:41:14 INFO  [WatcherApp] Nouveau mp3 publié : Ankino.mp3 (fileId=4e56efef-e9f1-471c-a546-a6ae4a4ba377)
2026-07-01 10:41:24 INFO  [WatcherApp] Nouveau mp3 publié : Ankino.mp3 (fileId=b1095cd9-a755-43f6-a555-9496f411e283)
2026-07-01 10:41:34 INFO  [WatcherApp] Nouveau mp3 publié : Ankino.mp3 (fileId=49f1dfbd-8282-4e7f-adf3-ff4b85d16a56)
2026-07-01 10:41:44 INFO  [WatcherApp] Nouveau mp3 publié : Ankino.mp3 (fileId=7a4fefd6-ce9b-43d3-b3c8-6440239fc0d4)
2026-07-01 10:41:54 INFO  [WatcherApp] Nouveau mp3 publié : Ankino.mp3 (fileId=adb2eb58-29a2-4168-b47c-6d79702971a4)
2026-07-01 10:42:04 INFO  [WatcherApp] Nouveau mp3 publié : Ankino.mp3 (fileId=39931cc0-b70f-4fc7-80da-b435df8f0824)
2026-07-01 10:42:14 INFO  [WatcherApp] Nouveau mp3 publié : Ankino.mp3 (fileId=d4d4b3d9-d915-4e67-86eb-9d9650608647)
2026-07-01 10:42:24 INFO  [WatcherApp] Nouveau mp3 publié : Ankino.mp3 (fileId=3fd60f0d-d4dd-478b-9800-526400d82879)
2026-07-01 10:42:34 INFO  [WatcherApp] Nouveau mp3 publié : Ankino.mp3 (fileId=e2037757-2593-47b3-af29-a81a6018a40d)
2026-07-01 10:42:44 INFO  [WatcherApp] Nouveau mp3 publié : Ankino.mp3 (fileId=03d3e371-7cb0-4a0f-821d-4ad0cc89f8c4)
2026-07-01 10:42:54 INFO  [WatcherApp] Nouveau mp3 publié : Ankino.mp3 (fileId=5e097b5f-9603-40d3-add4-5b72e8a73385)
2026-07-01 10:43:04 INFO  [WatcherApp] Nouveau mp3 publié : Ankino.mp3 (fileId=06a5b95e-9fb0-48d5-a84a-d0d879b6a07e)
2026-07-01 10:43:14 INFO  [WatcherApp] Nouveau mp3 publié : Ankino.mp3 (fileId=797a2255-b727-4a51-a1a0-c8544b0d556f)
2026-07-01 10:43:24 INFO  [WatcherApp] Nouveau mp3 publié : Ankino.mp3 (fileId=23ba0439-68af-4000-8e49-f9be4ec35ce1)
2026-07-01 10:43:34 INFO  [WatcherApp] Nouveau mp3 publié : Ankino.mp3 (fileId=2c54e7cb-1442-4912-b613-8be33d106281)
2026-07-01 10:43:44 INFO  [WatcherApp] Nouveau mp3 publié : Ankino.mp3 (fileId=f0c2d713-6438-4009-aaa0-87d838f77a56)
2026-07-01 10:43:54 INFO  [WatcherApp] Nouveau mp3 publié : Ankino.mp3 (fileId=d0a16869-ed32-4f5a-8f3d-de6d702ad282)
2026-07-01 10:44:04 INFO  [WatcherApp] Nouveau mp3 publié : Ankino.mp3 (fileId=dfa9fabd-d1f6-4f1b-aeba-9b6b45ab8316)
2026-07-01 10:44:14 INFO  [WatcherApp] Nouveau mp3 publié : Ankino.mp3 (fileId=5be7996d-affe-4d3c-b06a-1cc9e9f77d08)
2026-07-01 10:44:24 INFO  [WatcherApp] Nouveau mp3 publié : Ankino.mp3 (fileId=5fe8ef08-d892-4a2f-8e60-6d06b9a259fe)
2026-07-01 10:44:34 INFO  [WatcherApp] Nouveau mp3 publié : Ankino.mp3 (fileId=3719aa91-ed29-4a00-81db-754c7979606c)
2026-07-01 10:44:44 INFO  [WatcherApp] Nouveau mp3 publié : Ankino.mp3 (fileId=f5c24145-c3fc-42bd-b6af-8c0b9b82ff4e)
2026-07-01 10:44:54 INFO  [WatcherApp] Nouveau mp3 publié : Ankino.mp3 (fileId=9229e268-315c-4fff-a198-374c7e9ab182)
2026-07-01 10:45:04 INFO  [WatcherApp] Nouveau mp3 publié : Ankino.mp3 (fileId=cbbad0f9-2718-4c8f-bbef-6cd3d21214f0)
2026-07-01 10:45:14 INFO  [WatcherApp] Nouveau mp3 publié : Ankino.mp3 (fileId=38874175-4fcc-49ac-a391-4075441ba4e6)
2026-07-01 10:45:24 INFO  [WatcherApp] Nouveau mp3 publié : Ankino.mp3 (fileId=73a2754a-37b2-4b43-a8bc-68875618e81e)
2026-07-01 10:45:34 INFO  [WatcherApp] Nouveau mp3 publié : Ankino.mp3 (fileId=5d61ce07-e430-4bfe-8f7f-1c5435de8ad2)
2026-07-01 10:45:44 INFO  [WatcherApp] Nouveau mp3 publié : Ankino.mp3 (fileId=3836a5f5-5654-4e82-9445-4ade02ef3ded)
2026-07-01 10:45:54 INFO  [WatcherApp] Nouveau mp3 publié : Ankino.mp3 (fileId=3d4d710d-0309-458b-bf75-2b2c464d283e)
2026-07-01 10:46:04 INFO  [WatcherApp] Nouveau mp3 publié : Ankino.mp3 (fileId=9c60f6e5-ae6f-4fc4-812d-14570800937b)
2026-07-01 10:46:14 INFO  [WatcherApp] Nouveau mp3 publié : Ankino.mp3 (fileId=6b895d28-b295-421d-a408-2b913f1d4a66)
2026-07-01 10:46:24 INFO  [WatcherApp] Nouveau mp3 publié : Ankino.mp3 (fileId=f149d71d-a6ed-4101-83eb-436ccd84af93)
2026-07-01 10:46:34 INFO  [WatcherApp] Nouveau mp3 publié : Ankino.mp3 (fileId=b7eced76-f8fd-4561-bfd2-f57afc445507)
2026-07-01 10:46:44 INFO  [WatcherApp] Nouveau mp3 publié : Ankino.mp3 (fileId=32b67fea-44dc-4757-942b-c59de5982300)
2026-07-01 10:46:54 INFO  [WatcherApp] Nouveau mp3 publié : Ankino.mp3 (fileId=68b23ec3-5e6c-41f7-b613-4843277b2df1)
2026-07-01 10:47:04 INFO  [WatcherApp] Nouveau mp3 publié : Ankino.mp3 (fileId=3a3278da-3b2f-49f9-a0cb-daa261400964)
2026-07-01 10:47:14 INFO  [WatcherApp] Nouveau mp3 publié : Ankino.mp3 (fileId=9fb8f80d-b39f-4e5b-a54f-f1d76c9c767a)
2026-07-01 10:47:24 INFO  [WatcherApp] Nouveau mp3 publié : Ankino.mp3 (fileId=eaaa52a5-19db-4ae0-a025-056b03a1d047)
2026-07-01 10:47:34 INFO  [WatcherApp] Nouveau mp3 publié : Ankino.mp3 (fileId=e33dd078-d69d-4122-8b86-6aa658c37fe1)
2026-07-01 10:47:44 INFO  [WatcherApp] Nouveau mp3 publié : Ankino.mp3 (fileId=54b03180-61aa-4432-be6a-243694aa49ce)
2026-07-01 10:47:54 INFO  [WatcherApp] Nouveau mp3 publié : Ankino.mp3 (fileId=92ff5bae-6f84-47a3-8990-2bb202eee1e7)
2026-07-01 10:48:04 INFO  [WatcherApp] Nouveau mp3 publié : Ankino.mp3 (fileId=48d82d65-be32-4ba0-81a7-7b8771d5f8a3)
2026-07-01 10:48:14 INFO  [WatcherApp] Nouveau mp3 publié : Ankino.mp3 (fileId=8d030cff-fc85-4e49-838e-cbb5f1f5577d)
2026-07-01 10:48:24 INFO  [WatcherApp] Nouveau mp3 publié : Ankino.mp3 (fileId=42847178-a8c4-499d-9239-8330d6eb2143)
2026-07-01 10:48:34 INFO  [WatcherApp] Nouveau mp3 publié : Ankino.mp3 (fileId=34850275-0d29-41f3-a24d-e516f3e0f55c)
2026-07-01 10:48:44 INFO  [WatcherApp] Nouveau mp3 publié : Ankino.mp3 (fileId=e33ce521-675f-4ba8-bae3-0d93042aec2e)
2026-07-01 10:48:54 INFO  [WatcherApp] Nouveau mp3 publié : Ankino.mp3 (fileId=545ed5ae-548e-4753-abd2-2edc7189e865)
2026-07-01 10:49:04 INFO  [WatcherApp] Nouveau mp3 publié : Ankino.mp3 (fileId=e2483974-c310-4dbb-98c2-a1817eec60db)
2026-07-01 10:49:14 INFO  [WatcherApp] Nouveau mp3 publié : Ankino.mp3 (fileId=692e59d2-da06-416e-a6da-ca1cacd09d73)
2026-07-01 10:49:24 INFO  [WatcherApp] Nouveau mp3 publié : Ankino.mp3 (fileId=86727776-7187-4f80-b8b3-d536aeb4c258)
2026-07-01 10:49:34 INFO  [WatcherApp] Nouveau mp3 publié : Ankino.mp3 (fileId=0ae99cc2-8e15-4beb-9c5c-b2bd17f00bbd)
2026-07-01 10:49:44 INFO  [WatcherApp] Nouveau mp3 publié : Ankino.mp3 (fileId=641c1f0e-6f96-4417-9b22-3645f8a495bd)
2026-07-01 10:49:54 INFO  [WatcherApp] Nouveau mp3 publié : Ankino.mp3 (fileId=5db6ee9d-167e-4e1c-a246-80197512bc15)
2026-07-01 10:50:04 INFO  [WatcherApp] Nouveau mp3 publié : Ankino.mp3 (fileId=b4255248-eabe-4cb8-9f69-755cad1b074a)
2026-07-01 10:50:14 INFO  [WatcherApp] Nouveau mp3 publié : Ankino.mp3 (fileId=ac64bc43-133d-4d21-8899-943ca68ca0cc)
2026-07-01 10:50:24 INFO  [WatcherApp] Nouveau mp3 publié : Ankino.mp3 (fileId=dc920006-5c1d-4c12-9539-f49ed3b00820)
2026-07-01 10:50:34 INFO  [WatcherApp] Nouveau mp3 publié : Ankino.mp3 (fileId=5cb5e90a-4745-4fc7-88b8-e0a19a18ffb4)
2026-07-01 10:50:44 INFO  [WatcherApp] Nouveau mp3 publié : Ankino.mp3 (fileId=ab839e60-42e7-4e73-8337-1d8d2944364d)
2026-07-01 10:50:54 INFO  [WatcherApp] Nouveau mp3 publié : Ankino.mp3 (fileId=eeffc7ea-c548-41f3-866f-5b587efd8495)
2026-07-01 10:51:04 INFO  [WatcherApp] Nouveau mp3 publié : Ankino.mp3 (fileId=5c588dec-e100-46c4-b229-9df2e44bc56e)
2026-07-01 10:51:14 INFO  [WatcherApp] Nouveau mp3 publié : Ankino.mp3 (fileId=d16c531d-b621-4a7e-9a40-64cabbd936bb)
2026-07-01 10:51:24 INFO  [WatcherApp] Nouveau mp3 publié : Ankino.mp3 (fileId=02cc02ec-e745-4f25-a0b2-169a7ed4a37e)
2026-07-01 10:51:34 INFO  [WatcherApp] Nouveau mp3 publié : Ankino.mp3 (fileId=c1facc60-b44e-4673-993a-248854737de0)
2026-07-01 10:51:44 INFO  [WatcherApp] Nouveau mp3 publié : Ankino.mp3 (fileId=9f08b740-6123-4386-a052-1bb540c3cc9d)
2026-07-01 10:51:54 INFO  [WatcherApp] Nouveau mp3 publié : Ankino.mp3 (fileId=fd562b3e-0aef-41b6-b428-165d94028376)
2026-07-01 10:52:04 INFO  [WatcherApp] Nouveau mp3 publié : Ankino.mp3 (fileId=e22bcef7-4480-43ae-ae0a-8ccce8cc512a)
2026-07-01 10:52:14 INFO  [WatcherApp] Nouveau mp3 publié : Ankino.mp3 (fileId=6396b60f-9959-4b1f-ac87-3c019773fa8b)
2026-07-01 10:52:24 INFO  [WatcherApp] Nouveau mp3 publié : Ankino.mp3 (fileId=a5cc2ca7-7d78-4156-8384-ef8e8362bf05)
2026-07-01 10:52:34 INFO  [WatcherApp] Nouveau mp3 publié : Ankino.mp3 (fileId=bf97db1e-ddd0-4a21-a771-e6f9ed9bfe53)
2026-07-01 10:52:44 INFO  [WatcherApp] Nouveau mp3 publié : Ankino.mp3 (fileId=e5e1e7ca-9dde-47a9-8ded-fb3d4b72a4d0)
2026-07-01 10:52:54 INFO  [WatcherApp] Nouveau mp3 publié : Ankino.mp3 (fileId=b29761d7-5eea-4cff-8f4f-99a42c8d2571)
2026-07-01 10:53:04 INFO  [WatcherApp] Nouveau mp3 publié : Ankino.mp3 (fileId=ec97377c-2eed-4228-a2ef-d733c6027a42)
2026-07-01 10:53:14 INFO  [WatcherApp] Nouveau mp3 publié : Ankino.mp3 (fileId=41173d2e-2649-4c10-aba3-96adb7124ed5)
2026-07-01 10:53:24 INFO  [WatcherApp] Nouveau mp3 publié : Ankino.mp3 (fileId=a3d5b5d5-d3c3-4ade-95a9-27d246c2d8a7)
2026-07-01 10:53:34 INFO  [WatcherApp] Nouveau mp3 publié : Ankino.mp3 (fileId=45953849-b1f9-4638-a1aa-54b52b816a43)
2026-07-01 10:53:44 INFO  [WatcherApp] Nouveau mp3 publié : Ankino.mp3 (fileId=50392512-9fa1-40a3-903f-93aa26295b0d)
2026-07-01 10:53:54 INFO  [WatcherApp] Nouveau mp3 publié : Ankino.mp3 (fileId=8406798b-48a3-4fc4-987b-4921b81c27c7)
2026-07-01 14:21:14 INFO  [WatcherApp] Nouveau mp3 publié : 18 taona.mp3 (fileId=fbd87dd7-fdeb-4148-965a-ec35aca723d8)
2026-07-01 14:21:14 INFO  [WatcherApp] Nouveau mp3 publié : Fiainana kely.mp3 (fileId=0ec87e54-0dd2-4668-b6ff-b930640bcd31)
2026-07-01 14:21:14 INFO  [WatcherApp] Nouveau mp3 publié : Fitiavana mamiratra.mp3 (fileId=1dffb388-2ca4-48f4-805e-584e07aaf98a)
2026-07-01 14:21:14 INFO  [WatcherApp] Nouveau mp3 publié : Hay ve.mp3 (fileId=cfc5215e-293e-4243-8da0-f02d8286fc25)
2026-07-01 14:21:14 INFO  [WatcherApp] Nouveau mp3 publié : Lendrema.mp3 (fileId=3adad0e6-dd4e-4da5-b969-bd39b78944b2)
2026-07-01 14:21:14 INFO  [WatcherApp] Nouveau mp3 publié : Mama.MP3 (fileId=7d331d73-5c2e-4bb3-81b3-ec255f46e928)
2026-07-01 14:21:14 INFO  [WatcherApp] Nouveau mp3 publié : Manahy aho.MP3 (fileId=0bb0c72d-8c56-44b6-b195-9ee24729d965)
2026-07-01 14:21:14 INFO  [WatcherApp] Nouveau mp3 publié : Misy antony.mp3 (fileId=bf338972-85ac-43f6-bdda-b393f989379d)
2026-07-01 14:21:14 INFO  [WatcherApp] Nouveau mp3 publié : Ny itiavako anao.mp3 (fileId=0d30a7a6-6528-4079-9424-e38cf8b2f863)
2026-07-01 14:21:14 INFO  [WatcherApp] Nouveau mp3 publié : Ny tena fitia.mp3 (fileId=9b7a6904-9f7c-4018-8691-a758f754898d)
2026-07-01 14:21:14 INFO  [WatcherApp] Nouveau mp3 publié : Rakojavona.MP3 (fileId=fbc15ae1-e0f9-465e-9db9-2f0e953a2eda)
2026-07-01 14:21:14 INFO  [WatcherApp] Nouveau mp3 publié : Tambazako.mp3 (fileId=3061e922-7985-4f4d-8a24-794d3ec56795)
2026-07-01 14:21:24 INFO  [WatcherApp] Nouveau mp3 publié : Lendrema.mp3 (fileId=577118c3-52ac-4ff0-bcda-962f00dd24c5)
2026-07-01 14:21:24 INFO  [WatcherApp] Nouveau mp3 publié : Ny itiavako anao.mp3 (fileId=a4cde4cd-0ecf-46dd-b35e-78f0f84d2d5f)
2026-07-01 14:21:24 INFO  [WatcherApp] Nouveau mp3 publié : Ny tena fitia.mp3 (fileId=a48864ea-8d07-49cf-839c-b5bdbad441d9)
2026-07-01 14:21:34 INFO  [WatcherApp] Nouveau mp3 publié : Lendrema.mp3 (fileId=05949c91-d704-4205-8eb4-adf1acbe11c7)
2026-07-01 14:21:34 INFO  [WatcherApp] Nouveau mp3 publié : Ny itiavako anao.mp3 (fileId=a6c40cdf-c3db-4c76-be80-0241a664a276)
2026-07-01 14:21:34 INFO  [WatcherApp] Nouveau mp3 publié : Ny tena fitia.mp3 (fileId=f42b67e8-ea6f-4454-afd2-b40f16c016d6)
2026-07-01 14:21:44 INFO  [WatcherApp] Nouveau mp3 publié : Lendrema.mp3 (fileId=4f86a797-7082-4790-8c29-b1d36d775315)
2026-07-01 14:21:44 INFO  [WatcherApp] Nouveau mp3 publié : Ny itiavako anao.mp3 (fileId=fe3661c6-a5c7-474c-8523-4f39fa3bcaaf)
2026-07-01 14:21:44 INFO  [WatcherApp] Nouveau mp3 publié : Ny tena fitia.mp3 (fileId=5fb6b20b-d476-4f67-9694-a6d7f0554ee5)
2026-07-01 14:33:44 INFO  [WatcherApp] Nouveau mp3 publié : 18 taona.mp3 (fileId=1a368987-1566-4c81-9b37-6e420d9b56ef)
2026-07-01 14:33:44 INFO  [WatcherApp] Nouveau mp3 publié : Fiainana kely.mp3 (fileId=23f35ee4-c1d2-4ead-80c4-3e5b629c8f86)
2026-07-01 14:33:44 INFO  [WatcherApp] Nouveau mp3 publié : Fitiavana mamiratra.mp3 (fileId=2ebc87f5-e8f5-4b52-8674-e74eaa81aa52)
2026-07-01 14:33:44 INFO  [WatcherApp] Nouveau mp3 publié : Hay ve.mp3 (fileId=05f20a10-0dc3-4c70-8f89-200ef704cca5)
2026-07-01 14:33:44 INFO  [WatcherApp] Nouveau mp3 publié : Lendrema.mp3 (fileId=c2f6d451-e50a-4c59-8963-88ec8c745def)
2026-07-01 14:33:44 INFO  [WatcherApp] Nouveau mp3 publié : Mama.MP3 (fileId=7d0e9928-4c27-4e87-b46c-59c15180c70c)
2026-07-01 14:33:44 INFO  [WatcherApp] Nouveau mp3 publié : Manahy aho.MP3 (fileId=25a5d6bb-d8f2-48eb-a09e-1ebce3912a9b)
2026-07-01 14:33:44 INFO  [WatcherApp] Nouveau mp3 publié : Misy antony.mp3 (fileId=9744aa8b-bb41-46f7-a776-81512c42bc38)
2026-07-01 14:33:44 INFO  [WatcherApp] Nouveau mp3 publié : Ny itiavako anao.mp3 (fileId=d8814d86-9bde-43b6-ab00-55a5f5f84de9)
2026-07-01 14:33:44 INFO  [WatcherApp] Nouveau mp3 publié : Ny tena fitia.mp3 (fileId=600f791c-e4d3-47c9-a4c4-82154a81475f)
2026-07-01 14:33:44 INFO  [WatcherApp] Nouveau mp3 publié : Rakojavona.MP3 (fileId=13a9e06b-da96-4901-9409-f9520e1c9fb1)
2026-07-01 14:33:44 INFO  [WatcherApp] Nouveau mp3 publié : Tambazako.mp3 (fileId=4d49628d-cad2-40ee-955e-19c811e7347e)
2026-07-01 14:33:54 INFO  [WatcherApp] Nouveau mp3 publié : 18 taona.mp3 (fileId=b9cf4ebe-b1ed-432d-9001-6979b62813f5)
2026-07-01 14:33:54 INFO  [WatcherApp] Nouveau mp3 publié : Lendrema.mp3 (fileId=984d9c32-c512-446d-8739-22d998fc767e)
2026-07-01 14:34:04 INFO  [WatcherApp] Nouveau mp3 publié : 18 taona.mp3 (fileId=cc374404-d9d1-44d6-a654-09e510266dfb)
2026-07-01 14:34:04 INFO  [WatcherApp] Nouveau mp3 publié : Lendrema.mp3 (fileId=a5e9432c-8ba5-4e85-aeec-58f27f376b73)
2026-07-01 14:34:14 INFO  [WatcherApp] Nouveau mp3 publié : 18 taona.mp3 (fileId=08bce418-b3ac-4497-bbe7-7f91b9dcd485)
2026-07-01 14:34:14 INFO  [WatcherApp] Nouveau mp3 publié : Lendrema.mp3 (fileId=30230864-8ead-4759-ac22-30a78d3bb7df)
2026-07-01 14:34:24 INFO  [WatcherApp] Nouveau mp3 publié : 18 taona.mp3 (fileId=d9a34b5d-7dd3-4834-af5c-183cf73a064f)
2026-07-01 14:34:24 INFO  [WatcherApp] Nouveau mp3 publié : Lendrema.mp3 (fileId=fefac1a9-b9e7-433e-89b2-7b493bf61614)
2026-07-01 14:34:34 INFO  [WatcherApp] Nouveau mp3 publié : 18 taona.mp3 (fileId=ffd8c831-3319-4651-a624-4a5a29608043)
2026-07-01 14:34:34 INFO  [WatcherApp] Nouveau mp3 publié : Lendrema.mp3 (fileId=7270f714-d483-4594-9497-a173f7417056)
2026-07-01 14:34:44 INFO  [WatcherApp] Nouveau mp3 publié : 18 taona.mp3 (fileId=3f9f94d0-369a-47bd-abcd-09483689784c)
2026-07-01 14:34:44 INFO  [WatcherApp] Nouveau mp3 publié : Lendrema.mp3 (fileId=8dc856c0-a196-459e-891d-1b0868ef9605)
2026-07-01 14:34:54 INFO  [WatcherApp] Nouveau mp3 publié : 18 taona.mp3 (fileId=a960c3e1-966b-48db-a233-2434fa80130e)
2026-07-01 14:34:54 INFO  [WatcherApp] Nouveau mp3 publié : Lendrema.mp3 (fileId=e9859472-885b-46f8-a750-f4ad8d5fc5e6)
2026-07-01 14:35:04 INFO  [WatcherApp] Nouveau mp3 publié : 18 taona.mp3 (fileId=03ca819a-f31d-4b51-ad75-a4899911b024)
2026-07-01 14:35:04 INFO  [WatcherApp] Nouveau mp3 publié : Lendrema.mp3 (fileId=b9510df1-7366-4987-8710-0aa2c85a68b8)
2026-07-01 14:35:14 INFO  [WatcherApp] Nouveau mp3 publié : 18 taona.mp3 (fileId=a9261b5a-fbf4-44e9-bbbe-9bf665a0183e)
2026-07-01 14:35:14 INFO  [WatcherApp] Nouveau mp3 publié : Lendrema.mp3 (fileId=43eb0725-90ca-4776-bbce-c13c9d997fab)
2026-07-01 14:35:24 INFO  [WatcherApp] Nouveau mp3 publié : 18 taona.mp3 (fileId=346e7ef6-ddd1-48e5-9b5e-0e1baecc364d)
2026-07-01 14:35:24 INFO  [WatcherApp] Nouveau mp3 publié : Lendrema.mp3 (fileId=86a45ba5-530e-44b9-9b18-b2708a580222)
2026-07-01 14:35:34 INFO  [WatcherApp] Nouveau mp3 publié : 18 taona.mp3 (fileId=5cff19ca-51ae-45b3-a8e7-ea3150d60391)
2026-07-01 14:35:34 INFO  [WatcherApp] Nouveau mp3 publié : Lendrema.mp3 (fileId=982c2c07-0df0-4539-b7f0-739e29d4cd7c)
2026-07-01 14:35:44 INFO  [WatcherApp] Nouveau mp3 publié : 18 taona.mp3 (fileId=c7e21119-8daa-4e7d-ae37-2b1f83a09700)
2026-07-01 14:35:44 INFO  [WatcherApp] Nouveau mp3 publié : Lendrema.mp3 (fileId=6bdf85d1-0492-4c35-9272-c963ed3e2ce6)
2026-07-01 14:35:54 INFO  [WatcherApp] Nouveau mp3 publié : 18 taona.mp3 (fileId=ecd974cb-5d76-4948-be29-b50b3883a568)
2026-07-01 14:35:54 INFO  [WatcherApp] Nouveau mp3 publié : Lendrema.mp3 (fileId=b281fb4d-189f-4f32-b28f-12c37dfd5f3b)
2026-07-01 14:36:04 INFO  [WatcherApp] Nouveau mp3 publié : 18 taona.mp3 (fileId=083fb547-1883-4764-822f-2dde37e9a0a8)
2026-07-01 14:36:04 INFO  [WatcherApp] Nouveau mp3 publié : Lendrema.mp3 (fileId=9a1cbdc9-30f4-4643-937f-18b3284613de)
2026-07-01 14:36:14 INFO  [WatcherApp] Nouveau mp3 publié : 18 taona.mp3 (fileId=7ad761ce-4e49-4ba1-bf6e-a292c2e5ba5f)
2026-07-01 14:36:14 INFO  [WatcherApp] Nouveau mp3 publié : Lendrema.mp3 (fileId=8a225a7a-61b1-4eeb-940e-56027d87c812)
2026-07-01 14:36:24 INFO  [WatcherApp] Nouveau mp3 publié : 18 taona.mp3 (fileId=fcad6be5-8869-4c1c-a66e-005e379bb0dd)
2026-07-01 14:36:24 INFO  [WatcherApp] Nouveau mp3 publié : Lendrema.mp3 (fileId=85f58f95-9057-40c1-8467-228a8a09cb37)
2026-07-01 14:36:34 INFO  [WatcherApp] Nouveau mp3 publié : 18 taona.mp3 (fileId=5c9b6e3b-c886-43d5-9e1b-9c2ff8222471)
2026-07-01 14:36:34 INFO  [WatcherApp] Nouveau mp3 publié : Lendrema.mp3 (fileId=f480849f-2414-4db2-8ace-c10f9ebcff59)
2026-07-01 14:36:44 INFO  [WatcherApp] Nouveau mp3 publié : 18 taona.mp3 (fileId=89e3bb01-3693-4c1b-b40d-bfbda505b1c1)
2026-07-01 14:36:44 INFO  [WatcherApp] Nouveau mp3 publié : Lendrema.mp3 (fileId=ffb55cc5-912d-4ad9-b08a-468e02ac3228)
2026-07-01 14:36:54 INFO  [WatcherApp] Nouveau mp3 publié : 18 taona.mp3 (fileId=97606120-a182-4541-a54b-ce226f468ba8)
2026-07-01 14:36:54 INFO  [WatcherApp] Nouveau mp3 publié : Lendrema.mp3 (fileId=a703413a-7a66-494c-9e3b-2259847d20b3)
2026-07-01 14:37:04 INFO  [WatcherApp] Nouveau mp3 publié : 18 taona.mp3 (fileId=58630c4c-1a5a-44dd-b16d-e856cb2f0aa6)
2026-07-01 14:37:04 INFO  [WatcherApp] Nouveau mp3 publié : Lendrema.mp3 (fileId=1d6955d6-4733-4980-915f-38563691d44e)
2026-07-01 14:37:14 INFO  [WatcherApp] Nouveau mp3 publié : 18 taona.mp3 (fileId=facba912-923b-4b56-8c2c-1078be8aafea)
2026-07-01 14:37:14 INFO  [WatcherApp] Nouveau mp3 publié : Lendrema.mp3 (fileId=086ba65b-f7fc-4c04-9ac7-3487d54cb149)
2026-07-01 14:37:24 INFO  [WatcherApp] Nouveau mp3 publié : 18 taona.mp3 (fileId=f21670b1-99b1-40a3-ad35-49d45a42f6c1)
2026-07-01 14:37:24 INFO  [WatcherApp] Nouveau mp3 publié : Lendrema.mp3 (fileId=0503d0e5-22e0-473b-9789-4f58647102a3)
2026-07-01 14:37:34 INFO  [WatcherApp] Nouveau mp3 publié : 18 taona.mp3 (fileId=04868c7d-d196-44fd-bea2-a07050e015ce)
2026-07-01 14:37:34 INFO  [WatcherApp] Nouveau mp3 publié : Lendrema.mp3 (fileId=07532c8d-32de-4b0d-b17e-7c76f3ed1402)
2026-07-01 14:37:44 INFO  [WatcherApp] Nouveau mp3 publié : 18 taona.mp3 (fileId=adfa5383-6c08-428d-8434-43b72b1d0f0b)
2026-07-01 14:37:44 INFO  [WatcherApp] Nouveau mp3 publié : Lendrema.mp3 (fileId=98846345-4aef-4eb8-a001-5d52a43c17b7)
2026-07-01 14:37:54 INFO  [WatcherApp] Nouveau mp3 publié : 18 taona.mp3 (fileId=b56e6027-5b78-40aa-b485-f5ceb77df4e0)
2026-07-01 14:37:54 INFO  [WatcherApp] Nouveau mp3 publié : Lendrema.mp3 (fileId=91229807-6d55-4ef2-b1ac-15c5adb0f5f3)
2026-07-01 14:38:04 INFO  [WatcherApp] Nouveau mp3 publié : 18 taona.mp3 (fileId=33247bd9-ab89-47da-8ff2-a8468e314501)
2026-07-01 14:38:04 INFO  [WatcherApp] Nouveau mp3 publié : Lendrema.mp3 (fileId=36116048-0919-40de-9539-7008f8deeeda)
2026-07-01 14:38:14 INFO  [WatcherApp] Nouveau mp3 publié : 18 taona.mp3 (fileId=7ee2f02f-61f2-4651-ae09-4aa998030fb0)
2026-07-01 14:38:14 INFO  [WatcherApp] Nouveau mp3 publié : Lendrema.mp3 (fileId=554968d2-4780-4823-9a30-e0aaf2a4971c)
2026-07-01 14:38:24 INFO  [WatcherApp] Nouveau mp3 publié : 18 taona.mp3 (fileId=9f66e217-4de4-4b3e-8f71-f11ea86c4124)
2026-07-01 14:38:24 INFO  [WatcherApp] Nouveau mp3 publié : Lendrema.mp3 (fileId=da6a533e-5ceb-4d76-98da-10b94082fa5f)
2026-07-01 14:38:34 INFO  [WatcherApp] Nouveau mp3 publié : 18 taona.mp3 (fileId=3466bc7d-a598-4e3c-97e9-bf8687f5d88b)
2026-07-01 14:38:34 INFO  [WatcherApp] Nouveau mp3 publié : Lendrema.mp3 (fileId=7652d34c-261b-47ef-9037-b0c78e0882f5)
2026-07-01 14:38:44 INFO  [WatcherApp] Nouveau mp3 publié : 18 taona.mp3 (fileId=c7095c63-6419-40fe-b04d-2f84292cc52a)
2026-07-01 14:38:44 INFO  [WatcherApp] Nouveau mp3 publié : Lendrema.mp3 (fileId=8b07cf01-7e8c-485e-93af-499f8164f74a)
2026-07-01 14:38:54 INFO  [WatcherApp] Nouveau mp3 publié : 18 taona.mp3 (fileId=d9f6ec87-acf5-4307-9aa0-cd18bcebf4e0)
2026-07-01 14:38:54 INFO  [WatcherApp] Nouveau mp3 publié : Lendrema.mp3 (fileId=0357da68-a01d-477a-b440-a4e147dcf923)
2026-07-01 14:39:04 INFO  [WatcherApp] Nouveau mp3 publié : 18 taona.mp3 (fileId=5248696a-4b80-4537-8057-20ca38da4bb6)
2026-07-01 14:39:04 INFO  [WatcherApp] Nouveau mp3 publié : Lendrema.mp3 (fileId=953ae95b-93f4-4257-9d4e-3fdbb12b19c5)
2026-07-01 14:39:14 INFO  [WatcherApp] Nouveau mp3 publié : 18 taona.mp3 (fileId=23330b8c-8cb1-418f-8ddb-cc969f62ed10)
2026-07-01 14:39:14 INFO  [WatcherApp] Nouveau mp3 publié : Lendrema.mp3 (fileId=9998a54d-d0b7-4374-b46c-e42af6377368)
2026-07-01 14:39:24 INFO  [WatcherApp] Nouveau mp3 publié : 18 taona.mp3 (fileId=24a30adb-fa83-4a00-9729-130cb2e45c0b)
2026-07-01 14:39:24 INFO  [WatcherApp] Nouveau mp3 publié : Lendrema.mp3 (fileId=82f289e3-daf4-4d9d-b8e1-a60f0be6071b)
2026-07-01 14:39:34 INFO  [WatcherApp] Nouveau mp3 publié : 18 taona.mp3 (fileId=10987cc0-c89d-4607-a681-31ea549aa10a)
2026-07-01 14:39:34 INFO  [WatcherApp] Nouveau mp3 publié : Lendrema.mp3 (fileId=2d936cd1-9116-4b16-9781-a6cc0764c16b)
2026-07-01 14:39:44 INFO  [WatcherApp] Nouveau mp3 publié : 18 taona.mp3 (fileId=9486ad95-f6e1-4f1e-bb95-0b4fe402232a)
2026-07-01 14:39:44 INFO  [WatcherApp] Nouveau mp3 publié : Lendrema.mp3 (fileId=9dee1ae4-af31-4c9f-a34f-ce7533163dfd)
2026-07-01 14:39:54 INFO  [WatcherApp] Nouveau mp3 publié : 18 taona.mp3 (fileId=3497f14d-cc9e-4602-a2a5-c32daa0d2dd1)
2026-07-01 14:39:54 INFO  [WatcherApp] Nouveau mp3 publié : Lendrema.mp3 (fileId=ee40815c-6429-4ec8-930c-1680e25f2326)
2026-07-01 14:40:04 INFO  [WatcherApp] Nouveau mp3 publié : 18 taona.mp3 (fileId=ac3c9849-4dfa-462f-973b-4b905c6c5fb6)
2026-07-01 14:40:04 INFO  [WatcherApp] Nouveau mp3 publié : Lendrema.mp3 (fileId=e7fa159d-b424-4116-8f76-6749754e9f61)
2026-07-01 14:40:14 INFO  [WatcherApp] Nouveau mp3 publié : 18 taona.mp3 (fileId=25045bca-5314-42c1-9fad-8c2071657056)
2026-07-01 14:40:14 INFO  [WatcherApp] Nouveau mp3 publié : Lendrema.mp3 (fileId=f107e67d-df4a-4282-b65d-9c172fa10d97)
2026-07-01 14:40:24 INFO  [WatcherApp] Nouveau mp3 publié : 18 taona.mp3 (fileId=ca589bd5-c814-4ea2-9279-49cbfa3b201e)
2026-07-01 14:40:24 INFO  [WatcherApp] Nouveau mp3 publié : Lendrema.mp3 (fileId=bda86d51-39df-421d-9182-14711c44db37)
2026-07-01 14:40:34 INFO  [WatcherApp] Nouveau mp3 publié : 18 taona.mp3 (fileId=47579222-aed9-4059-aa1c-85720bc5c44c)
2026-07-01 14:40:34 INFO  [WatcherApp] Nouveau mp3 publié : Lendrema.mp3 (fileId=6c877267-4ef7-4513-aafe-5a287e1734e0)
2026-07-01 14:40:44 INFO  [WatcherApp] Nouveau mp3 publié : 18 taona.mp3 (fileId=bc94c346-54ce-4d78-8ffe-879c8501f032)
2026-07-01 14:40:44 INFO  [WatcherApp] Nouveau mp3 publié : Lendrema.mp3 (fileId=cabcedd3-b7ee-4db7-962e-01a7830f9399)
2026-07-01 14:40:54 INFO  [WatcherApp] Nouveau mp3 publié : 18 taona.mp3 (fileId=5941713f-502a-4b15-a5e9-db8de447e7e4)
2026-07-01 14:40:54 INFO  [WatcherApp] Nouveau mp3 publié : Lendrema.mp3 (fileId=f49682bd-6981-4a1b-bb4b-d518f87c8eba)
2026-07-01 14:41:04 INFO  [WatcherApp] Nouveau mp3 publié : 18 taona.mp3 (fileId=a19aace3-c426-490b-ae8e-caf1bac67b63)
2026-07-01 14:41:04 INFO  [WatcherApp] Nouveau mp3 publié : Lendrema.mp3 (fileId=5763d8b6-3665-4f5d-a941-bd5652e59351)
2026-07-01 14:41:14 INFO  [WatcherApp] Nouveau mp3 publié : 18 taona.mp3 (fileId=1c34b572-359a-422d-8ef9-93fd7e85146a)
2026-07-01 14:41:14 INFO  [WatcherApp] Nouveau mp3 publié : Lendrema.mp3 (fileId=e05f1277-7a40-4072-b461-10f04374b9c3)
2026-07-01 14:41:24 INFO  [WatcherApp] Nouveau mp3 publié : 18 taona.mp3 (fileId=36ed3172-2886-430a-9c92-d31f9a7e8be9)
2026-07-01 14:41:24 INFO  [WatcherApp] Nouveau mp3 publié : Lendrema.mp3 (fileId=e7bf8153-2a91-449e-bafa-3763bc8bbf9a)
2026-07-01 14:41:34 INFO  [WatcherApp] Nouveau mp3 publié : 18 taona.mp3 (fileId=c1e42894-34a2-4760-b3e1-bbc1edc1c691)
2026-07-01 14:41:34 INFO  [WatcherApp] Nouveau mp3 publié : Lendrema.mp3 (fileId=d43cc236-95a1-497c-8ed1-26069dff30c5)
2026-07-01 14:41:44 INFO  [WatcherApp] Nouveau mp3 publié : 18 taona.mp3 (fileId=08e7191c-65a7-4f83-a889-c27c5b69c059)
2026-07-01 14:41:44 INFO  [WatcherApp] Nouveau mp3 publié : Lendrema.mp3 (fileId=4bf9ba8d-2ced-4530-9ba8-171320031c12)
2026-07-01 14:41:54 INFO  [WatcherApp] Nouveau mp3 publié : 18 taona.mp3 (fileId=1e0d7755-a067-41c1-a8ea-22bad9335811)
2026-07-01 14:41:54 INFO  [WatcherApp] Nouveau mp3 publié : Lendrema.mp3 (fileId=299b1010-6a6e-4db9-ae86-acde6b06a2e0)
2026-07-01 14:42:04 INFO  [WatcherApp] Nouveau mp3 publié : 18 taona.mp3 (fileId=e2c5ccde-f8e6-4e72-85ff-a453dec82411)
2026-07-01 14:42:04 INFO  [WatcherApp] Nouveau mp3 publié : Lendrema.mp3 (fileId=9e90613f-c03a-450a-a2d2-9a75e7625885)
2026-07-01 14:42:14 INFO  [WatcherApp] Nouveau mp3 publié : 18 taona.mp3 (fileId=342b0edf-9a21-4fb0-bc55-a2215193d6aa)
2026-07-01 14:42:14 INFO  [WatcherApp] Nouveau mp3 publié : Lendrema.mp3 (fileId=c343be2d-0170-497d-b610-df1ff0a30f0c)
2026-07-01 14:42:24 INFO  [WatcherApp] Nouveau mp3 publié : 18 taona.mp3 (fileId=f2a9aac4-ec17-4240-8a22-6b8963165e2a)
2026-07-01 14:42:24 INFO  [WatcherApp] Nouveau mp3 publié : Lendrema.mp3 (fileId=c59d0825-cb01-4a45-9f47-c85fb7396c08)
2026-07-01 14:42:34 INFO  [WatcherApp] Nouveau mp3 publié : 18 taona.mp3 (fileId=c65658dc-cfcb-4d26-99d1-7936be5dcec9)
2026-07-01 14:42:34 INFO  [WatcherApp] Nouveau mp3 publié : Lendrema.mp3 (fileId=bafcfab7-6812-41e3-b2ec-bc51a36da820)
2026-07-01 14:42:44 INFO  [WatcherApp] Nouveau mp3 publié : 18 taona.mp3 (fileId=445e68dd-d2da-4210-addc-d01cf6625ced)
2026-07-01 14:42:44 INFO  [WatcherApp] Nouveau mp3 publié : Lendrema.mp3 (fileId=9c955bdc-85b4-4b8c-8fb3-bbf2d709bfcd)
2026-07-01 14:42:54 INFO  [WatcherApp] Nouveau mp3 publié : 18 taona.mp3 (fileId=78703a2e-006e-49b3-99ea-9313fb3c96a4)
2026-07-01 14:42:54 INFO  [WatcherApp] Nouveau mp3 publié : Lendrema.mp3 (fileId=612a3182-08e3-4e2b-8b24-f3eb1ed9d394)
2026-07-01 14:43:04 INFO  [WatcherApp] Nouveau mp3 publié : 18 taona.mp3 (fileId=0f4eb9da-2e05-4808-9a56-0cf68cc57b1c)
2026-07-01 14:43:04 INFO  [WatcherApp] Nouveau mp3 publié : Lendrema.mp3 (fileId=0de21911-001f-4316-8bf5-23f35b40a48b)
2026-07-01 14:43:14 INFO  [WatcherApp] Nouveau mp3 publié : 18 taona.mp3 (fileId=61c81f54-4438-49f7-907e-4133f44eabbe)
2026-07-01 14:43:14 INFO  [WatcherApp] Nouveau mp3 publié : Lendrema.mp3 (fileId=b33336cb-a27f-4562-9a26-b46a159c47dd)
2026-07-01 14:43:24 INFO  [WatcherApp] Nouveau mp3 publié : 18 taona.mp3 (fileId=8f72f889-24ac-4390-b93a-7f62125c2477)
2026-07-01 14:43:24 INFO  [WatcherApp] Nouveau mp3 publié : Lendrema.mp3 (fileId=45170ee6-dc3c-40e3-bb32-62140e876fb1)
2026-07-01 14:43:34 INFO  [WatcherApp] Nouveau mp3 publié : 18 taona.mp3 (fileId=6844845a-7724-4c8c-ba36-5a6c055a4572)
2026-07-01 14:43:34 INFO  [WatcherApp] Nouveau mp3 publié : Lendrema.mp3 (fileId=62d2cde7-c6ac-487c-9ef9-88207f8bc7fd)
2026-07-01 14:43:44 INFO  [WatcherApp] Nouveau mp3 publié : 18 taona.mp3 (fileId=67254083-0a5a-4e43-9d02-8e53b745c5ba)
2026-07-01 14:43:44 INFO  [WatcherApp] Nouveau mp3 publié : Lendrema.mp3 (fileId=bfac5f8f-f49c-4483-be53-ff33a1a3e4af)
2026-07-01 14:43:54 INFO  [WatcherApp] Nouveau mp3 publié : 18 taona.mp3 (fileId=4f1571f5-1af8-4658-933b-14ba148fac3d)
2026-07-01 14:43:54 INFO  [WatcherApp] Nouveau mp3 publié : Lendrema.mp3 (fileId=275aec20-3575-4762-a4d4-68be199af90f)
2026-07-01 14:44:04 INFO  [WatcherApp] Nouveau mp3 publié : 18 taona.mp3 (fileId=c1705a2d-3540-492f-a1a7-13fa491d674d)
2026-07-01 14:44:04 INFO  [WatcherApp] Nouveau mp3 publié : Lendrema.mp3 (fileId=67b26443-0d37-4031-b66e-f1bf27773201)
2026-07-01 14:44:14 INFO  [WatcherApp] Nouveau mp3 publié : 18 taona.mp3 (fileId=a767206e-849e-4e3b-8055-cb4c8b190112)
2026-07-01 14:44:14 INFO  [WatcherApp] Nouveau mp3 publié : Lendrema.mp3 (fileId=d778dbd0-62e3-446c-a411-832b2dee29c0)
2026-07-01 14:44:24 INFO  [WatcherApp] Nouveau mp3 publié : 18 taona.mp3 (fileId=839dac3a-ac2e-4a08-a477-d08766360b4e)
2026-07-01 14:44:24 INFO  [WatcherApp] Nouveau mp3 publié : Lendrema.mp3 (fileId=90e3816b-d4ff-4159-93e7-48fdb3d92b86)
2026-07-01 14:44:34 INFO  [WatcherApp] Nouveau mp3 publié : 18 taona.mp3 (fileId=b8f8e853-a881-4361-9a1e-431d047b76bd)
2026-07-01 14:44:34 INFO  [WatcherApp] Nouveau mp3 publié : Lendrema.mp3 (fileId=38b46ff4-f3a2-48b2-85f8-71dc4589634f)
2026-07-01 14:44:44 INFO  [WatcherApp] Nouveau mp3 publié : 18 taona.mp3 (fileId=862f2be3-5887-41b7-b68a-4ee37b29230d)
2026-07-01 14:44:44 INFO  [WatcherApp] Nouveau mp3 publié : Lendrema.mp3 (fileId=40cd44f5-aaab-4670-a9ab-2fbcb13cbe30)
2026-07-01 14:44:54 INFO  [WatcherApp] Nouveau mp3 publié : 18 taona.mp3 (fileId=a66d2ee9-75b2-45dc-b9d2-6c81f271c682)
2026-07-01 14:44:54 INFO  [WatcherApp] Nouveau mp3 publié : Lendrema.mp3 (fileId=d7e8237d-3afc-44ab-ba00-84cb4896bcaa)
2026-07-01 14:45:04 INFO  [WatcherApp] Nouveau mp3 publié : 18 taona.mp3 (fileId=1acdcc76-8252-4e67-88be-d216885e8bc0)
2026-07-01 14:45:04 INFO  [WatcherApp] Nouveau mp3 publié : Lendrema.mp3 (fileId=05757098-a53c-4fe0-b6ee-98ef7ec5ccad)
2026-07-01 14:45:14 INFO  [WatcherApp] Nouveau mp3 publié : 18 taona.mp3 (fileId=ccb741f5-dafa-4d64-9df4-f1f2bc65ead7)
2026-07-01 14:45:14 INFO  [WatcherApp] Nouveau mp3 publié : Lendrema.mp3 (fileId=feaa2e45-0c72-4f8d-99f4-48c54339928f)
2026-07-01 14:45:24 INFO  [WatcherApp] Nouveau mp3 publié : 18 taona.mp3 (fileId=534e4b8f-ff13-4180-a096-887b71a59a49)
2026-07-01 14:45:24 INFO  [WatcherApp] Nouveau mp3 publié : Lendrema.mp3 (fileId=15c218e9-86c9-4451-be51-76266775eabd)
2026-07-01 14:45:34 INFO  [WatcherApp] Nouveau mp3 publié : 18 taona.mp3 (fileId=27584546-7cde-4d68-8ee1-0adbb16be693)
2026-07-01 14:45:34 INFO  [WatcherApp] Nouveau mp3 publié : Lendrema.mp3 (fileId=eddf65ff-0161-4e81-aeab-8a8a241961c4)
2026-07-01 14:45:44 INFO  [WatcherApp] Nouveau mp3 publié : 18 taona.mp3 (fileId=fc667c78-cce0-47fe-a30d-8c933abbb8b6)
2026-07-01 14:45:44 INFO  [WatcherApp] Nouveau mp3 publié : Lendrema.mp3 (fileId=9f9e2679-4603-4d66-88c5-e0ddd61f3f42)
2026-07-01 14:45:54 INFO  [WatcherApp] Nouveau mp3 publié : 18 taona.mp3 (fileId=39b11828-18c9-40d6-a7d9-91551b56c590)
2026-07-01 14:45:54 INFO  [WatcherApp] Nouveau mp3 publié : Lendrema.mp3 (fileId=28868260-858f-48be-909c-adbc2515f73f)
2026-07-01 14:46:04 INFO  [WatcherApp] Nouveau mp3 publié : 18 taona.mp3 (fileId=f3be9de0-9df0-4370-8868-0e5c096301a9)
2026-07-01 14:46:04 INFO  [WatcherApp] Nouveau mp3 publié : Lendrema.mp3 (fileId=4a488c1d-6026-4322-b335-eea1c993ab48)
2026-07-01 14:46:14 INFO  [WatcherApp] Nouveau mp3 publié : 18 taona.mp3 (fileId=acbf435d-5145-44a4-b124-80f1d603010c)
2026-07-01 14:46:14 INFO  [WatcherApp] Nouveau mp3 publié : Lendrema.mp3 (fileId=3c3a245d-da55-4217-8c4f-4faa066d3e45)
2026-07-01 14:46:24 INFO  [WatcherApp] Nouveau mp3 publié : 18 taona.mp3 (fileId=c00a5cdb-05fb-4215-8950-ae8a9b4244a6)
2026-07-01 14:46:24 INFO  [WatcherApp] Nouveau mp3 publié : Lendrema.mp3 (fileId=4d5ba62a-ad1a-4b44-8649-8c03a9202a6e)
2026-07-01 14:46:34 INFO  [WatcherApp] Nouveau mp3 publié : 18 taona.mp3 (fileId=b08a1872-dc92-42a2-b386-5bb0e53d45c3)
2026-07-01 14:46:34 INFO  [WatcherApp] Nouveau mp3 publié : Lendrema.mp3 (fileId=67cdc618-7770-4692-b2a2-73d45b9bd488)
2026-07-01 14:46:44 INFO  [WatcherApp] Nouveau mp3 publié : 18 taona.mp3 (fileId=0f49a0df-cefd-4383-a9c5-34ad0ed06be6)
2026-07-01 14:46:44 INFO  [WatcherApp] Nouveau mp3 publié : Lendrema.mp3 (fileId=bcf7e415-f808-4990-a268-cac6ad7a9acc)
2026-07-01 14:46:54 INFO  [WatcherApp] Nouveau mp3 publié : 18 taona.mp3 (fileId=4843100d-f7cd-4a62-ad8b-de80fe658685)
2026-07-01 14:46:54 INFO  [WatcherApp] Nouveau mp3 publié : Lendrema.mp3 (fileId=9bd4c68f-e973-4920-9566-1edd5f969ed8)
2026-07-01 14:47:04 INFO  [WatcherApp] Nouveau mp3 publié : 18 taona.mp3 (fileId=7e2f3350-a6df-4cac-a25a-d9a9d314a589)
2026-07-01 14:47:04 INFO  [WatcherApp] Nouveau mp3 publié : Lendrema.mp3 (fileId=963b9598-067b-492e-b8e4-e4cb32e52286)
2026-07-01 14:47:14 INFO  [WatcherApp] Nouveau mp3 publié : 18 taona.mp3 (fileId=d3339c5f-7df9-42b5-8168-978f227711ec)
2026-07-01 14:47:14 INFO  [WatcherApp] Nouveau mp3 publié : Lendrema.mp3 (fileId=1b18529e-a36b-49ac-9a37-46555e2ee4f8)
2026-07-01 14:47:24 INFO  [WatcherApp] Nouveau mp3 publié : 18 taona.mp3 (fileId=6fb840bd-df66-41ee-bcd4-a7aec1384be9)
2026-07-01 14:47:24 INFO  [WatcherApp] Nouveau mp3 publié : Lendrema.mp3 (fileId=05e25cab-20e0-41dc-8a3b-50e6e3737e45)
2026-07-01 14:47:34 INFO  [WatcherApp] Nouveau mp3 publié : 18 taona.mp3 (fileId=fd5e395b-8eb3-4917-a938-cea35b5fa35c)
2026-07-01 14:47:34 INFO  [WatcherApp] Nouveau mp3 publié : Lendrema.mp3 (fileId=a75121c5-34eb-4518-ac25-b31a26381b4c)
2026-07-01 14:47:44 INFO  [WatcherApp] Nouveau mp3 publié : 18 taona.mp3 (fileId=342b4c14-7efb-48cc-95e0-b60770659824)
2026-07-01 14:47:44 INFO  [WatcherApp] Nouveau mp3 publié : Lendrema.mp3 (fileId=82875c3d-01e9-4cf5-95e0-038310349827)
2026-07-01 14:47:54 INFO  [WatcherApp] Nouveau mp3 publié : 18 taona.mp3 (fileId=56844be6-117a-43bf-bd8e-3aed6ee5b2a3)
2026-07-01 14:47:54 INFO  [WatcherApp] Nouveau mp3 publié : Lendrema.mp3 (fileId=ef0c13ca-6204-4ee7-9882-8402bc35e165)
2026-07-01 14:48:04 INFO  [WatcherApp] Nouveau mp3 publié : 18 taona.mp3 (fileId=469b7707-f3ca-4617-bdcd-c6ee4e196694)
2026-07-01 14:48:04 INFO  [WatcherApp] Nouveau mp3 publié : Lendrema.mp3 (fileId=c49804e5-2b19-420b-963b-5ef02492b7c4)
2026-07-01 14:48:14 INFO  [WatcherApp] Nouveau mp3 publié : 18 taona.mp3 (fileId=e2ffa1fe-a5b5-4f4c-8fa3-715714087ed0)
2026-07-01 14:48:14 INFO  [WatcherApp] Nouveau mp3 publié : Lendrema.mp3 (fileId=188a32ac-da8b-4b80-a4e1-b8aedb0d816c)
2026-07-01 14:48:24 INFO  [WatcherApp] Nouveau mp3 publié : 18 taona.mp3 (fileId=e606b46b-4202-46ef-ac04-895bb0ab08ec)
2026-07-01 14:48:24 INFO  [WatcherApp] Nouveau mp3 publié : Lendrema.mp3 (fileId=f5d63422-d571-46e8-80a7-4562bda9c406)
2026-07-01 14:48:34 INFO  [WatcherApp] Nouveau mp3 publié : 18 taona.mp3 (fileId=60b78e0d-0234-4eec-ab49-d96dc130dfd5)
2026-07-01 14:48:34 INFO  [WatcherApp] Nouveau mp3 publié : Lendrema.mp3 (fileId=766121c3-839f-47fc-9932-03aa7fe57632)
2026-07-01 14:48:44 INFO  [WatcherApp] Nouveau mp3 publié : 18 taona.mp3 (fileId=98f64a29-379d-4683-8f39-4e2da9db20d0)
2026-07-01 14:48:44 INFO  [WatcherApp] Nouveau mp3 publié : Lendrema.mp3 (fileId=3c8d98fb-7330-4b9d-a9fb-c037a4d5f808)
2026-07-01 14:48:54 INFO  [WatcherApp] Nouveau mp3 publié : 18 taona.mp3 (fileId=fac3f0b7-fa66-4b7b-9320-c49ef1c3a6ed)
2026-07-01 14:48:54 INFO  [WatcherApp] Nouveau mp3 publié : Lendrema.mp3 (fileId=07f79cd5-b9b7-4cda-8a7e-db7e783363b6)
2026-07-01 14:49:04 INFO  [WatcherApp] Nouveau mp3 publié : 18 taona.mp3 (fileId=ec644e2c-1133-4c78-82ca-e614ad35cf5e)
2026-07-01 14:49:04 INFO  [WatcherApp] Nouveau mp3 publié : Lendrema.mp3 (fileId=63ff3446-2f62-4beb-a103-ceaf6eda5966)
2026-07-01 14:49:14 INFO  [WatcherApp] Nouveau mp3 publié : 18 taona.mp3 (fileId=5dcfd4b0-eced-477f-ba7b-d0ce42b093d1)
2026-07-01 14:49:14 INFO  [WatcherApp] Nouveau mp3 publié : Lendrema.mp3 (fileId=5e7cd712-f3b4-401c-8782-93a262ef0722)
2026-07-01 14:49:24 INFO  [WatcherApp] Nouveau mp3 publié : 18 taona.mp3 (fileId=8f3e1ff1-8f2f-484a-a089-f1a6c4ebfb71)
2026-07-01 14:49:24 INFO  [WatcherApp] Nouveau mp3 publié : Lendrema.mp3 (fileId=2223115b-37c6-4f86-9fc6-2f152e1cd76a)
2026-07-01 14:49:34 INFO  [WatcherApp] Nouveau mp3 publié : 18 taona.mp3 (fileId=94df2bca-abf3-4412-996c-1429de6c3cbc)
2026-07-01 14:49:34 INFO  [WatcherApp] Nouveau mp3 publié : Lendrema.mp3 (fileId=58482e83-82ff-4147-8a36-f29ebbfe98db)
2026-07-01 14:49:44 INFO  [WatcherApp] Nouveau mp3 publié : 18 taona.mp3 (fileId=914e2c08-e483-49ba-8d2a-5a7ec599b9df)
2026-07-01 14:49:44 INFO  [WatcherApp] Nouveau mp3 publié : Lendrema.mp3 (fileId=695ae1b7-bccc-4cd5-a345-846b2c344de0)
2026-07-01 14:49:54 INFO  [WatcherApp] Nouveau mp3 publié : 18 taona.mp3 (fileId=3dd5d040-a603-4084-b485-73a948e48f6c)
2026-07-01 14:49:54 INFO  [WatcherApp] Nouveau mp3 publié : Lendrema.mp3 (fileId=4795b979-1b6d-4ee9-8090-93e50a173d4e)
2026-07-01 14:50:04 INFO  [WatcherApp] Nouveau mp3 publié : 18 taona.mp3 (fileId=e95a8fed-35fd-46ea-a826-8f894bd6f3c7)
2026-07-01 14:50:04 INFO  [WatcherApp] Nouveau mp3 publié : Lendrema.mp3 (fileId=430c57b4-67e8-43c1-bf8b-e9398061d433)
2026-07-01 14:50:14 INFO  [WatcherApp] Nouveau mp3 publié : 18 taona.mp3 (fileId=6efb0c6f-9c8d-49e6-bc36-92ff6ec762ac)
2026-07-01 14:50:14 INFO  [WatcherApp] Nouveau mp3 publié : Lendrema.mp3 (fileId=7911f922-0ab3-4418-87ba-0e9ade3315da)
2026-07-01 14:50:24 INFO  [WatcherApp] Nouveau mp3 publié : 18 taona.mp3 (fileId=bd30214e-a564-419c-840a-5a10971bcf78)
2026-07-01 14:50:24 INFO  [WatcherApp] Nouveau mp3 publié : Lendrema.mp3 (fileId=00bc9c54-0721-4821-bd50-a146d502f364)
2026-07-01 14:50:34 INFO  [WatcherApp] Nouveau mp3 publié : 18 taona.mp3 (fileId=07f3770b-3159-4ce3-848b-fa84a2ed2b15)
2026-07-01 14:50:34 INFO  [WatcherApp] Nouveau mp3 publié : Lendrema.mp3 (fileId=2297fa4a-b3b5-49ff-a662-04f3525e2614)
2026-07-01 14:50:44 INFO  [WatcherApp] Nouveau mp3 publié : 18 taona.mp3 (fileId=3a7f6a46-26c6-4f6d-b308-e35b66f4175b)
2026-07-01 14:50:44 INFO  [WatcherApp] Nouveau mp3 publié : Lendrema.mp3 (fileId=2c73c60b-fb33-40d2-ad3b-5475d8af9a5f)
2026-07-01 14:50:54 INFO  [WatcherApp] Nouveau mp3 publié : 18 taona.mp3 (fileId=7595994b-c504-49d9-bc77-23ff0f9c10ff)
2026-07-01 14:50:54 INFO  [WatcherApp] Nouveau mp3 publié : Lendrema.mp3 (fileId=fc23154c-f4a2-4bde-8bcf-bc394b70ea34)
2026-07-01 14:51:04 INFO  [WatcherApp] Nouveau mp3 publié : 18 taona.mp3 (fileId=ec4aaf6b-d457-42a5-bdbc-fa44e2e31ee8)
2026-07-01 14:51:04 INFO  [WatcherApp] Nouveau mp3 publié : Lendrema.mp3 (fileId=d796c39b-5672-46c4-9790-8366bbb43127)
2026-07-01 14:51:14 INFO  [WatcherApp] Nouveau mp3 publié : 18 taona.mp3 (fileId=c851003d-c523-48dd-bdc7-432e9a00fe22)
2026-07-01 14:51:14 INFO  [WatcherApp] Nouveau mp3 publié : Lendrema.mp3 (fileId=b90a9f8b-f5c4-486f-be5f-4906e77617a3)
2026-07-01 14:51:24 INFO  [WatcherApp] Nouveau mp3 publié : 18 taona.mp3 (fileId=65b271be-f775-49a6-b699-755077c06e74)
2026-07-01 14:51:24 INFO  [WatcherApp] Nouveau mp3 publié : Lendrema.mp3 (fileId=0781e318-c458-460c-adf5-70be5baf4a2b)
2026-07-01 14:51:34 INFO  [WatcherApp] Nouveau mp3 publié : 18 taona.mp3 (fileId=3fe6181f-2a74-4a80-b88b-54cd9d2fbe5a)
2026-07-01 14:51:34 INFO  [WatcherApp] Nouveau mp3 publié : Lendrema.mp3 (fileId=874e1438-0010-48c0-a4ce-0e49dea434b2)
2026-07-01 14:51:44 INFO  [WatcherApp] Nouveau mp3 publié : 18 taona.mp3 (fileId=c1fc8875-c90a-4219-afca-b043e73c83f3)
2026-07-01 14:51:44 INFO  [WatcherApp] Nouveau mp3 publié : Lendrema.mp3 (fileId=b64b3808-e3cb-414c-8485-db68c00fe5a9)
2026-07-01 14:51:54 INFO  [WatcherApp] Nouveau mp3 publié : 18 taona.mp3 (fileId=e6e75717-e840-4d6b-bd84-7e37d144d8bd)
2026-07-01 14:51:54 INFO  [WatcherApp] Nouveau mp3 publié : Lendrema.mp3 (fileId=9ffad3a7-0b40-458a-af69-c14abdcf11dd)
2026-07-01 14:53:11 INFO  [WatcherApp] Nouveau mp3 publié : 18 taona.mp3 (fileId=19bead98-9f9e-4451-ad23-3f09b29d59f7)
2026-07-01 14:53:11 INFO  [WatcherApp] Nouveau mp3 publié : Lendrema.mp3 (fileId=bf0e99fc-2ad2-47bd-8fb8-6d93b6f00250)
2026-07-01 14:53:11 INFO  [WatcherApp] Nouveau mp3 publié : 18 taona.mp3 (fileId=5e4e1c4d-60dd-4ba6-9e53-6b4f9ad0d9f0)
2026-07-01 14:53:11 INFO  [WatcherApp] Nouveau mp3 publié : Lendrema.mp3 (fileId=0a25471e-d9c6-4542-93fd-ff43ccff7d42)
2026-07-01 14:53:11 INFO  [WatcherApp] Nouveau mp3 publié : 18 taona.mp3 (fileId=d52fee69-cdaf-4807-8b4f-b09fdd0dabd9)
2026-07-01 14:53:12 INFO  [WatcherApp] Nouveau mp3 publié : Lendrema.mp3 (fileId=946d37a4-2c82-4705-8746-b78b4ad6ba2c)
2026-07-01 14:53:13 INFO  [WatcherApp] Nouveau mp3 publié : 18 taona.mp3 (fileId=1f50d897-5598-4def-a791-95d0d2cabe77)
2026-07-01 14:53:13 INFO  [WatcherApp] Nouveau mp3 publié : Lendrema.mp3 (fileId=6c1400ed-06fa-4e6d-a26b-56e8b55b1963)
2026-07-01 14:53:13 INFO  [WatcherApp] Nouveau mp3 publié : 18 taona.mp3 (fileId=27c73f40-b7d8-4711-aed4-ac49ce73ed6f)
2026-07-01 14:53:13 INFO  [WatcherApp] Nouveau mp3 publié : Lendrema.mp3 (fileId=38f257c6-a36a-476d-8758-81cd5085714c)
2026-07-01 14:53:13 INFO  [WatcherApp] Nouveau mp3 publié : 18 taona.mp3 (fileId=400be540-126b-46d4-9dd4-a72edeadca4d)
2026-07-01 14:53:13 INFO  [WatcherApp] Nouveau mp3 publié : Lendrema.mp3 (fileId=d21d2c04-63eb-44a0-b6e4-a131e9df8140)
2026-07-01 14:53:13 INFO  [WatcherApp] Nouveau mp3 publié : 18 taona.mp3 (fileId=2746d543-9deb-4a7d-b372-9b21e67b0e51)
2026-07-01 14:53:13 INFO  [WatcherApp] Nouveau mp3 publié : Lendrema.mp3 (fileId=1afb749a-e7bc-419f-97b9-32bde695cd66)
2026-07-01 14:53:14 INFO  [WatcherApp] Nouveau mp3 publié : 18 taona.mp3 (fileId=48558e7f-c26b-4700-a3de-faa177d7bd27)
2026-07-01 14:53:14 INFO  [WatcherApp] Nouveau mp3 publié : Lendrema.mp3 (fileId=b0d40179-8b89-4859-af57-e10f49c65e49)
2026-07-01 14:53:24 INFO  [WatcherApp] Nouveau mp3 publié : 18 taona.mp3 (fileId=e9164377-18e6-4675-800c-2e3bfaa6eea9)
2026-07-01 14:53:24 INFO  [WatcherApp] Nouveau mp3 publié : Lendrema.mp3 (fileId=929f7640-1fc8-4b75-a85c-a2827c7c695b)
2026-07-01 14:53:34 INFO  [WatcherApp] Nouveau mp3 publié : 18 taona.mp3 (fileId=745b3bd7-1aef-45e7-afb9-c460a625aa77)
2026-07-01 14:53:34 INFO  [WatcherApp] Nouveau mp3 publié : Lendrema.mp3 (fileId=8a938af5-046f-4e20-b3fd-4ecee9cfc8be)
2026-07-01 16:36:28 INFO  [WatcherApp] Nouveau mp3 publié : 18 taona.mp3 (fileId=e154c4fd-509c-4c9a-9931-9dec8eb63df0)
2026-07-01 16:36:28 INFO  [WatcherApp] Nouveau mp3 publié : Lendrema.mp3 (fileId=7f16ef10-65fa-474c-8e59-a8a2ac029598)
2026-07-01 16:36:28 INFO  [WatcherApp] Nouveau mp3 publié : 18 taona.mp3 (fileId=88827fa4-b0ae-40b4-ae06-4e3ead77b91c)
2026-07-01 16:36:28 INFO  [WatcherApp] Nouveau mp3 publié : Lendrema.mp3 (fileId=f4511ded-fe83-409d-b6fd-af33f7bddf26)
2026-07-01 16:36:28 INFO  [WatcherApp] Nouveau mp3 publié : 18 taona.mp3 (fileId=46d0ebab-c818-4a4c-87e3-1d6fd8bc34dc)
2026-07-01 16:36:28 INFO  [WatcherApp] Nouveau mp3 publié : Lendrema.mp3 (fileId=de93790e-ee47-48bf-bddf-88bb63930835)
2026-07-01 16:36:28 INFO  [WatcherApp] Nouveau mp3 publié : 18 taona.mp3 (fileId=0dd9ca7b-2628-42d6-ad54-7a9e1a853603)
2026-07-01 16:36:28 INFO  [WatcherApp] Nouveau mp3 publié : Lendrema.mp3 (fileId=faa5aa91-82a1-4de2-b9e5-1d91361399e9)
2026-07-01 16:36:28 INFO  [WatcherApp] Nouveau mp3 publié : 18 taona.mp3 (fileId=a3e17b43-44f4-4439-9621-6f8f28a0e922)
2026-07-01 16:36:28 INFO  [WatcherApp] Nouveau mp3 publié : Lendrema.mp3 (fileId=9ed3b451-2225-495d-9f46-d0637ff93b4b)
2026-07-01 16:36:28 INFO  [WatcherApp] Nouveau mp3 publié : 18 taona.mp3 (fileId=e005aad5-8462-468c-8f6f-c2139d2a8d9d)
2026-07-01 16:36:28 INFO  [WatcherApp] Nouveau mp3 publié : Lendrema.mp3 (fileId=5d0f8b66-dada-4c9d-bd9e-d17815518488)
2026-07-01 16:36:28 INFO  [WatcherApp] Nouveau mp3 publié : 18 taona.mp3 (fileId=947840e6-4982-4ff8-b1c9-219436128cc7)
2026-07-01 16:36:28 INFO  [WatcherApp] Nouveau mp3 publié : Lendrema.mp3 (fileId=b50e7afa-3d14-4132-850e-050de19da950)
2026-07-01 16:36:28 INFO  [WatcherApp] Nouveau mp3 publié : 18 taona.mp3 (fileId=1823a561-b6ff-4a0b-99bd-590013d7064d)
2026-07-01 16:36:28 INFO  [WatcherApp] Nouveau mp3 publié : Lendrema.mp3 (fileId=b721ce06-8310-434b-9aec-062a7f5fe325)
2026-07-01 16:36:28 INFO  [WatcherApp] Nouveau mp3 publié : 18 taona.mp3 (fileId=c5410626-8ddb-4ba9-832c-b517a0b02a76)
2026-07-01 16:36:28 INFO  [WatcherApp] Nouveau mp3 publié : Lendrema.mp3 (fileId=1305f5e2-6d12-45df-a50a-35069202c8ba)
2026-07-01 16:36:28 INFO  [WatcherApp] Nouveau mp3 publié : 18 taona.mp3 (fileId=2d02285b-b07a-41bf-9d54-16148e6f55c5)
2026-07-01 16:36:28 INFO  [WatcherApp] Nouveau mp3 publié : Lendrema.mp3 (fileId=1e577802-a36a-4731-85d9-65982d6590cf)
2026-07-01 16:36:28 INFO  [WatcherApp] Nouveau mp3 publié : 18 taona.mp3 (fileId=a4fed152-2ad1-434b-aadc-1d11a7921e16)
2026-07-01 16:36:28 INFO  [WatcherApp] Nouveau mp3 publié : Lendrema.mp3 (fileId=3a6ae9f1-0fb1-4138-8432-a6b557f0867f)
2026-07-01 16:36:28 INFO  [WatcherApp] Nouveau mp3 publié : 18 taona.mp3 (fileId=1e478e18-ba33-4ebb-ad83-b4cde814f992)
2026-07-01 16:36:28 INFO  [WatcherApp] Nouveau mp3 publié : Lendrema.mp3 (fileId=ac7d4f4a-3f62-455e-a471-e6e7d92283b4)
2026-07-01 16:36:28 INFO  [WatcherApp] Nouveau mp3 publié : 18 taona.mp3 (fileId=e6553404-47db-424b-9536-283ce86a9cb8)
2026-07-01 16:36:28 INFO  [WatcherApp] Nouveau mp3 publié : Lendrema.mp3 (fileId=ae0bb798-7126-420d-9fe5-faea5ab9d72e)
2026-07-01 16:36:28 INFO  [WatcherApp] Nouveau mp3 publié : 18 taona.mp3 (fileId=1f809d77-cd6a-4eac-8cb4-7b363359e5ee)
2026-07-01 16:36:28 INFO  [WatcherApp] Nouveau mp3 publié : Lendrema.mp3 (fileId=a1e52e76-a0c4-4a00-81ee-1521077dc597)
2026-07-01 16:36:28 INFO  [WatcherApp] Nouveau mp3 publié : 18 taona.mp3 (fileId=18a8722e-dc4e-4a1e-9dd8-dee423e25e0e)
2026-07-01 16:36:28 INFO  [WatcherApp] Nouveau mp3 publié : Lendrema.mp3 (fileId=cba6d434-fbce-4694-8e18-09930388195e)
2026-07-01 16:36:28 INFO  [WatcherApp] Nouveau mp3 publié : 18 taona.mp3 (fileId=bffa6aeb-b40d-4903-9582-3969c5a5ad9e)
2026-07-01 16:36:28 INFO  [WatcherApp] Nouveau mp3 publié : Lendrema.mp3 (fileId=87e02f9d-da9e-443c-b5f8-9f11bb5d001e)
2026-07-01 16:36:28 INFO  [WatcherApp] Nouveau mp3 publié : 18 taona.mp3 (fileId=a0922561-7066-447c-ac7d-0faed8b54be5)
2026-07-01 16:36:28 INFO  [WatcherApp] Nouveau mp3 publié : Lendrema.mp3 (fileId=ee91af7d-4fa4-4120-b27e-e82a48fa71d4)
2026-07-01 16:36:28 INFO  [WatcherApp] Nouveau mp3 publié : 18 taona.mp3 (fileId=554f64de-104a-42f1-b416-f02c5577e361)
2026-07-01 16:36:28 INFO  [WatcherApp] Nouveau mp3 publié : Lendrema.mp3 (fileId=bcc2f677-6358-43a5-ba84-88c4f2119420)
2026-07-01 16:36:28 INFO  [WatcherApp] Nouveau mp3 publié : 18 taona.mp3 (fileId=169f1192-b387-49c2-bc84-319316ddb1ff)
2026-07-01 16:36:28 INFO  [WatcherApp] Nouveau mp3 publié : Lendrema.mp3 (fileId=3da2fc29-7206-48bf-bd6e-827b3f7ff51a)
2026-07-01 16:36:28 INFO  [WatcherApp] Nouveau mp3 publié : 18 taona.mp3 (fileId=46d3ace0-db75-47dc-a27c-65ab9011a7d9)
2026-07-01 16:36:28 INFO  [WatcherApp] Nouveau mp3 publié : Lendrema.mp3 (fileId=7a4e3805-af10-4ae6-9bd8-35b2ebb87d29)
2026-07-01 16:36:28 INFO  [WatcherApp] Nouveau mp3 publié : 18 taona.mp3 (fileId=e36c65f0-cba3-41ec-acc5-9274b6437ef2)
2026-07-01 16:36:28 INFO  [WatcherApp] Nouveau mp3 publié : Lendrema.mp3 (fileId=46927535-9deb-46eb-822f-0f3f563f441d)
2026-07-01 16:36:29 INFO  [WatcherApp] Nouveau mp3 publié : 18 taona.mp3 (fileId=49ea90c1-f17a-4edc-aecc-7ca0e655edcb)
2026-07-01 16:36:29 INFO  [WatcherApp] Nouveau mp3 publié : Lendrema.mp3 (fileId=d9f6cce8-17c3-42c8-931a-2c9c4aedc0c2)
2026-07-01 16:36:29 INFO  [WatcherApp] Nouveau mp3 publié : 18 taona.mp3 (fileId=b2cc4101-e060-4362-ab3b-34809c344237)
2026-07-01 16:36:29 INFO  [WatcherApp] Nouveau mp3 publié : Lendrema.mp3 (fileId=c56e9c6d-33a7-4d33-ae20-894e4722f52a)
2026-07-01 16:36:29 INFO  [WatcherApp] Nouveau mp3 publié : 18 taona.mp3 (fileId=90530f55-9237-4e0c-a068-6f0d9c5d55be)
2026-07-01 16:36:29 INFO  [WatcherApp] Nouveau mp3 publié : Lendrema.mp3 (fileId=84172248-8dad-4d6d-8d74-2776f9406101)
2026-07-01 16:36:29 INFO  [WatcherApp] Nouveau mp3 publié : 18 taona.mp3 (fileId=fc5a4182-8e4c-4503-b191-bec6ae38b686)
2026-07-01 16:36:29 INFO  [WatcherApp] Nouveau mp3 publié : Lendrema.mp3 (fileId=e1d467ac-cd05-4945-9456-a69b4d867db8)
2026-07-01 16:36:29 INFO  [WatcherApp] Nouveau mp3 publié : 18 taona.mp3 (fileId=162f0251-1c23-4c12-b706-40697a1d4fd1)
2026-07-01 16:36:29 INFO  [WatcherApp] Nouveau mp3 publié : Lendrema.mp3 (fileId=f2017397-1562-42c8-93e8-09bcd4d4cc1c)
2026-07-01 16:36:29 INFO  [WatcherApp] Nouveau mp3 publié : 18 taona.mp3 (fileId=6b6fcff3-7b4b-465b-9b43-3fb543143a49)
2026-07-01 16:36:29 INFO  [WatcherApp] Nouveau mp3 publié : Lendrema.mp3 (fileId=b5dec900-c55d-4842-af36-8db6ead2f8cf)
2026-07-01 16:36:30 INFO  [WatcherApp] Nouveau mp3 publié : 18 taona.mp3 (fileId=0f52dc36-5edf-42cf-bb89-d7277d1f7096)
2026-07-01 16:36:30 INFO  [WatcherApp] Nouveau mp3 publié : Lendrema.mp3 (fileId=581f4756-9ddb-4624-b316-a2a326b3e522)
2026-07-01 16:36:30 INFO  [WatcherApp] Nouveau mp3 publié : 18 taona.mp3 (fileId=001431ac-4f06-4ca8-9881-7221c01938d9)
2026-07-01 16:36:30 INFO  [WatcherApp] Nouveau mp3 publié : Lendrema.mp3 (fileId=b84f5d60-0540-4372-b46b-098c06bb4159)
2026-07-01 16:36:30 INFO  [WatcherApp] Nouveau mp3 publié : 18 taona.mp3 (fileId=c918cd7c-8e0c-4948-b08a-d5b50bf172ae)
2026-07-01 16:36:30 INFO  [WatcherApp] Nouveau mp3 publié : Lendrema.mp3 (fileId=23ce6cef-ec55-49a0-a7d1-de514e5c81e3)
2026-07-01 16:36:30 INFO  [WatcherApp] Nouveau mp3 publié : 18 taona.mp3 (fileId=f64b9711-0e9f-476a-83a6-a75b61356943)
2026-07-01 16:36:30 INFO  [WatcherApp] Nouveau mp3 publié : Lendrema.mp3 (fileId=587ef785-073d-48af-97c7-66d456b8388d)
2026-07-01 16:36:30 INFO  [WatcherApp] Nouveau mp3 publié : 18 taona.mp3 (fileId=4d9e4ee0-b134-4333-843f-1a0ae90b262a)
2026-07-01 16:36:30 INFO  [WatcherApp] Nouveau mp3 publié : Lendrema.mp3 (fileId=bbd9f6ed-3ae2-421a-873f-e3380ade107d)
2026-07-01 16:36:30 INFO  [WatcherApp] Nouveau mp3 publié : 18 taona.mp3 (fileId=9f5f7d2d-3f96-45de-b0e8-c0fcb9d1868b)
2026-07-01 16:36:30 INFO  [WatcherApp] Nouveau mp3 publié : Lendrema.mp3 (fileId=31b1df0d-e98d-4487-b50e-aa11d974ea16)
2026-07-01 16:36:30 INFO  [WatcherApp] Nouveau mp3 publié : 18 taona.mp3 (fileId=a3347e53-02ff-403e-8e6b-4c24ca739d6a)
2026-07-01 16:36:30 INFO  [WatcherApp] Nouveau mp3 publié : Lendrema.mp3 (fileId=bdb33efc-83d0-4d79-a6a0-03a03d2b16a3)
2026-07-01 16:36:30 INFO  [WatcherApp] Nouveau mp3 publié : 18 taona.mp3 (fileId=c6c8f761-28e5-418a-976f-03c136b395fa)
2026-07-01 16:36:30 INFO  [WatcherApp] Nouveau mp3 publié : Lendrema.mp3 (fileId=ce00e555-d548-468c-9e43-2f7cec120265)
2026-07-01 16:36:30 INFO  [WatcherApp] Nouveau mp3 publié : 18 taona.mp3 (fileId=4601a421-c567-463f-87f8-00499b2397e6)
2026-07-01 16:36:30 INFO  [WatcherApp] Nouveau mp3 publié : Lendrema.mp3 (fileId=677583f0-7aa1-45b5-b66c-eb722f31fdc9)
2026-07-01 16:36:30 INFO  [WatcherApp] Nouveau mp3 publié : 18 taona.mp3 (fileId=7877a0e2-a88f-47eb-879c-fc7baddccc5c)
2026-07-01 16:36:30 INFO  [WatcherApp] Nouveau mp3 publié : Lendrema.mp3 (fileId=6d5f068d-6175-4914-bf78-7c59a4eb7a45)
2026-07-01 16:36:30 INFO  [WatcherApp] Nouveau mp3 publié : 18 taona.mp3 (fileId=34fe401f-a21b-4675-9644-696dda96a0c2)
2026-07-01 16:36:30 INFO  [WatcherApp] Nouveau mp3 publié : Lendrema.mp3 (fileId=8ce63f60-d8f6-444a-94f7-fb80bf354b1a)
2026-07-01 16:36:30 INFO  [WatcherApp] Nouveau mp3 publié : 18 taona.mp3 (fileId=52f7a840-2636-42dc-85dd-9daae5a31739)
2026-07-01 16:36:30 INFO  [WatcherApp] Nouveau mp3 publié : Lendrema.mp3 (fileId=857b809d-45cc-408d-bafc-31d70fdf661b)
2026-07-01 16:36:30 INFO  [WatcherApp] Nouveau mp3 publié : 18 taona.mp3 (fileId=9b1534b1-9d27-4fc1-b4fc-eb2235160c9b)
2026-07-01 16:36:30 INFO  [WatcherApp] Nouveau mp3 publié : Lendrema.mp3 (fileId=feaf0374-1dbe-4453-b74f-260254dd0be3)
2026-07-01 16:36:30 INFO  [WatcherApp] Nouveau mp3 publié : 18 taona.mp3 (fileId=b5a45c7e-c28f-4979-b31c-b5b95227797c)
2026-07-01 16:36:30 INFO  [WatcherApp] Nouveau mp3 publié : Lendrema.mp3 (fileId=82b47153-8fc9-4298-bcde-1f36eb93f750)
2026-07-01 16:36:30 INFO  [WatcherApp] Nouveau mp3 publié : 18 taona.mp3 (fileId=8a2281ac-faea-46fa-9acd-a3d988902dd2)
2026-07-01 16:36:30 INFO  [WatcherApp] Nouveau mp3 publié : Lendrema.mp3 (fileId=2a51bd10-f42d-40b8-a5d1-306c346730cc)
2026-07-01 16:36:30 INFO  [WatcherApp] Nouveau mp3 publié : 18 taona.mp3 (fileId=09586914-21c2-467c-addc-e28328de01e5)
2026-07-01 16:36:30 INFO  [WatcherApp] Nouveau mp3 publié : Lendrema.mp3 (fileId=49becdee-c7fd-401c-a515-4a9fd751cc43)
2026-07-01 16:36:30 INFO  [WatcherApp] Nouveau mp3 publié : 18 taona.mp3 (fileId=c24b9ecc-7242-498e-9320-42be7c61b6a1)
2026-07-01 16:36:30 INFO  [WatcherApp] Nouveau mp3 publié : Lendrema.mp3 (fileId=184c7a20-4371-46d1-ad11-27ab47fa32d8)
2026-07-01 16:36:30 INFO  [WatcherApp] Nouveau mp3 publié : 18 taona.mp3 (fileId=5fe4aeba-a33e-41dd-868a-daace9a80912)
2026-07-01 16:36:30 INFO  [WatcherApp] Nouveau mp3 publié : Lendrema.mp3 (fileId=17902a15-738d-41d0-a5c1-175adbbff963)
2026-07-01 16:36:30 INFO  [WatcherApp] Nouveau mp3 publié : 18 taona.mp3 (fileId=20e812fb-b11d-43f3-836a-727a3dd71c91)
2026-07-01 16:36:30 INFO  [WatcherApp] Nouveau mp3 publié : Lendrema.mp3 (fileId=f0c91ea8-c6ec-4c49-a37d-1d270e2cfbc5)
2026-07-01 16:36:30 INFO  [WatcherApp] Nouveau mp3 publié : 18 taona.mp3 (fileId=c73eaa41-0186-49cf-8095-41585ed8759a)
2026-07-01 16:36:30 INFO  [WatcherApp] Nouveau mp3 publié : Lendrema.mp3 (fileId=9119d4fc-af12-456e-ac25-f9439403e8b3)
2026-07-01 16:36:30 INFO  [WatcherApp] Nouveau mp3 publié : 18 taona.mp3 (fileId=afc53de0-8cd7-4e31-b15d-bc49ae90d133)
2026-07-01 16:36:30 INFO  [WatcherApp] Nouveau mp3 publié : Lendrema.mp3 (fileId=571e9fc0-5b83-4ed9-9e9f-171ec85a2c0e)
2026-07-01 16:36:30 INFO  [WatcherApp] Nouveau mp3 publié : 18 taona.mp3 (fileId=97b12991-2942-43d5-8c9e-797b93fa3c6f)
2026-07-01 16:36:30 INFO  [WatcherApp] Nouveau mp3 publié : Lendrema.mp3 (fileId=87e113e1-a01e-4059-b001-0725c86e5184)
2026-07-01 16:36:30 INFO  [WatcherApp] Nouveau mp3 publié : 18 taona.mp3 (fileId=1eb17f29-c305-46cb-b5e3-b59be5b44066)
2026-07-01 16:36:30 INFO  [WatcherApp] Nouveau mp3 publié : Lendrema.mp3 (fileId=b493db5e-d7e2-426d-9095-a9b1645156ce)
2026-07-01 16:36:30 INFO  [WatcherApp] Nouveau mp3 publié : 18 taona.mp3 (fileId=de58ba33-8fb9-41c4-aded-2e164831850d)
2026-07-01 16:36:30 INFO  [WatcherApp] Nouveau mp3 publié : Lendrema.mp3 (fileId=e46dcf7c-72c0-484a-a4dd-2ba2087310c2)
2026-07-01 16:36:30 INFO  [WatcherApp] Nouveau mp3 publié : 18 taona.mp3 (fileId=3c6e589f-3681-4c53-a2d3-e25ab63ec805)
2026-07-01 16:36:30 INFO  [WatcherApp] Nouveau mp3 publié : Lendrema.mp3 (fileId=0bc80c2c-3955-43a9-aa97-db9ddb072446)
2026-07-01 16:36:30 INFO  [WatcherApp] Nouveau mp3 publié : 18 taona.mp3 (fileId=00c67737-5157-4062-8d10-f7db46a2bdbe)
2026-07-01 16:36:30 INFO  [WatcherApp] Nouveau mp3 publié : Lendrema.mp3 (fileId=726b4316-0459-445b-8e2a-28a19d442c24)
2026-07-01 16:36:30 INFO  [WatcherApp] Nouveau mp3 publié : 18 taona.mp3 (fileId=50c69836-4d16-455f-ac52-9eb6495310d4)
2026-07-01 16:36:30 INFO  [WatcherApp] Nouveau mp3 publié : Lendrema.mp3 (fileId=9a57090f-09c4-4811-b670-5f1e0ac50b54)
2026-07-01 16:36:30 INFO  [WatcherApp] Nouveau mp3 publié : 18 taona.mp3 (fileId=a6813e2f-43f3-4c9d-86d8-09eea3ff2b67)
2026-07-01 16:36:30 INFO  [WatcherApp] Nouveau mp3 publié : Lendrema.mp3 (fileId=e0886140-26e5-4796-8cdf-1c3e8645279f)
2026-07-01 16:36:30 INFO  [WatcherApp] Nouveau mp3 publié : 18 taona.mp3 (fileId=6d929f0a-451f-44ec-b145-a1c9a0764194)
2026-07-01 16:36:30 INFO  [WatcherApp] Nouveau mp3 publié : Lendrema.mp3 (fileId=be91eeb9-0b3e-4232-87e0-4c8ad3e73feb)
2026-07-01 16:36:30 INFO  [WatcherApp] Nouveau mp3 publié : 18 taona.mp3 (fileId=13a4880c-ede6-4085-a8a2-88d8305e2e1f)
2026-07-01 16:36:30 INFO  [WatcherApp] Nouveau mp3 publié : Lendrema.mp3 (fileId=b9b1407d-9242-467d-9ed5-cc4f3b5fdb17)
2026-07-01 16:36:30 INFO  [WatcherApp] Nouveau mp3 publié : 18 taona.mp3 (fileId=303862f5-7243-4e5a-a989-c7531528c6ff)
2026-07-01 16:36:30 INFO  [WatcherApp] Nouveau mp3 publié : Lendrema.mp3 (fileId=4484f9f4-9031-4663-833e-0eafc6cd35b9)
2026-07-01 16:36:30 INFO  [WatcherApp] Nouveau mp3 publié : 18 taona.mp3 (fileId=0972865e-13b2-43b7-9d23-f4f528619ad1)
2026-07-01 16:36:30 INFO  [WatcherApp] Nouveau mp3 publié : Lendrema.mp3 (fileId=b6bad015-c5de-4f0d-9342-7d0d8c175d0f)
2026-07-01 16:36:30 INFO  [WatcherApp] Nouveau mp3 publié : 18 taona.mp3 (fileId=c58976d6-8260-49d7-9626-fa8cbc0dff0d)
2026-07-01 16:36:30 INFO  [WatcherApp] Nouveau mp3 publié : Lendrema.mp3 (fileId=c41c1343-3b11-4a8e-8af2-b58a65191a26)
2026-07-01 16:36:30 INFO  [WatcherApp] Nouveau mp3 publié : 18 taona.mp3 (fileId=a8d3454e-4aac-49ab-8c98-34a0d3671ec4)
2026-07-01 16:36:30 INFO  [WatcherApp] Nouveau mp3 publié : Lendrema.mp3 (fileId=6f7d415e-7cab-4116-9eb9-f86d1f07d09e)
2026-07-01 16:36:30 INFO  [WatcherApp] Nouveau mp3 publié : 18 taona.mp3 (fileId=d3e7e7df-6745-41ee-bcb9-428e83f12b20)
2026-07-01 16:36:30 INFO  [WatcherApp] Nouveau mp3 publié : Lendrema.mp3 (fileId=223beae6-ded3-48c1-beea-331bd04d3b60)
2026-07-01 16:36:30 INFO  [WatcherApp] Nouveau mp3 publié : 18 taona.mp3 (fileId=ee0f1b11-8a04-4eed-b74b-3aa8997a316c)
2026-07-01 16:36:30 INFO  [WatcherApp] Nouveau mp3 publié : Lendrema.mp3 (fileId=87c36c2a-819f-4e34-ab02-e32327f0aab7)
2026-07-01 16:36:30 INFO  [WatcherApp] Nouveau mp3 publié : 18 taona.mp3 (fileId=fab216e2-02cb-4a96-8e5b-353b221fa567)
2026-07-01 16:36:30 INFO  [WatcherApp] Nouveau mp3 publié : Lendrema.mp3 (fileId=d19878aa-7c4a-491c-9c1f-e22cfdca2912)
2026-07-01 16:36:30 INFO  [WatcherApp] Nouveau mp3 publié : 18 taona.mp3 (fileId=bbf53ac3-e066-4ee7-814b-8ce5d7786374)
2026-07-01 16:36:30 INFO  [WatcherApp] Nouveau mp3 publié : Lendrema.mp3 (fileId=c5ddc938-9c99-449e-a931-0b51e51b4176)
2026-07-01 16:36:30 INFO  [WatcherApp] Nouveau mp3 publié : 18 taona.mp3 (fileId=6f69590e-3a54-46d7-bcf3-a08c427472ad)
2026-07-01 16:36:30 INFO  [WatcherApp] Nouveau mp3 publié : Lendrema.mp3 (fileId=455b31bb-a66d-403b-9258-de5772f8f9da)
2026-07-01 16:36:30 INFO  [WatcherApp] Nouveau mp3 publié : 18 taona.mp3 (fileId=1adbdc63-5fae-4859-8988-edd8bec4001d)
2026-07-01 16:36:30 INFO  [WatcherApp] Nouveau mp3 publié : Lendrema.mp3 (fileId=b4ea5eab-4192-4ce4-8300-891650f4501c)
2026-07-01 16:36:30 INFO  [WatcherApp] Nouveau mp3 publié : 18 taona.mp3 (fileId=5e64f60e-fb85-4f67-9e41-6453d9b7c300)
2026-07-01 16:36:30 INFO  [WatcherApp] Nouveau mp3 publié : Lendrema.mp3 (fileId=ee0ea7f4-4e9c-446e-94c4-73db4c3791a5)
2026-07-01 16:36:30 INFO  [WatcherApp] Nouveau mp3 publié : 18 taona.mp3 (fileId=9fb928fd-f278-43d8-afb3-f1d75f0cc0ae)
2026-07-01 16:36:30 INFO  [WatcherApp] Nouveau mp3 publié : Lendrema.mp3 (fileId=33d1ea66-d130-47ea-98d3-db16418724e4)
2026-07-01 16:36:30 INFO  [WatcherApp] Nouveau mp3 publié : 18 taona.mp3 (fileId=44ad9b05-04e4-40a2-8302-7222811ab58b)
2026-07-01 16:36:30 INFO  [WatcherApp] Nouveau mp3 publié : Lendrema.mp3 (fileId=d545fe96-5716-4019-962d-e43b54face12)
2026-07-01 16:36:30 INFO  [WatcherApp] Nouveau mp3 publié : 18 taona.mp3 (fileId=9ac0f202-e1fe-494c-b843-94bb43876c34)
2026-07-01 16:36:30 INFO  [WatcherApp] Nouveau mp3 publié : Lendrema.mp3 (fileId=43920b50-4126-47cd-95f7-a056fdb36c0d)
2026-07-01 16:36:30 INFO  [WatcherApp] Nouveau mp3 publié : 18 taona.mp3 (fileId=a28204a5-cd28-4e6d-9d78-79bc236b07b1)
2026-07-01 16:36:30 INFO  [WatcherApp] Nouveau mp3 publié : Lendrema.mp3 (fileId=ffc2e57c-e5c7-4c21-bfc8-ffefa291c06a)
2026-07-01 16:36:30 INFO  [WatcherApp] Nouveau mp3 publié : 18 taona.mp3 (fileId=8a25c5b7-72af-4af6-954e-a2e44448193a)
2026-07-01 16:36:30 INFO  [WatcherApp] Nouveau mp3 publié : Lendrema.mp3 (fileId=0651bf4c-76a0-4db5-9040-bb71258f26ab)
2026-07-01 16:36:30 INFO  [WatcherApp] Nouveau mp3 publié : 18 taona.mp3 (fileId=548770b9-4269-4710-ab53-bca0e0bb5294)
2026-07-01 16:36:30 INFO  [WatcherApp] Nouveau mp3 publié : Lendrema.mp3 (fileId=9310704b-9186-457e-9630-7e9c06c2b551)
2026-07-01 16:36:30 INFO  [WatcherApp] Nouveau mp3 publié : 18 taona.mp3 (fileId=11107f33-a654-4c8a-a07e-128f017b468e)
2026-07-01 16:36:30 INFO  [WatcherApp] Nouveau mp3 publié : Lendrema.mp3 (fileId=324594fa-9443-4793-9bef-6ba196f6c27a)
2026-07-01 16:36:30 INFO  [WatcherApp] Nouveau mp3 publié : 18 taona.mp3 (fileId=08a65570-6130-4c5e-b0c1-85fb1572dfe9)
2026-07-01 16:36:30 INFO  [WatcherApp] Nouveau mp3 publié : Lendrema.mp3 (fileId=e0f2071b-e139-4923-8b29-8ceded583bde)
2026-07-01 16:36:30 INFO  [WatcherApp] Nouveau mp3 publié : 18 taona.mp3 (fileId=5d3bd53f-61c9-4a1f-a466-d45cf30bb674)
2026-07-01 16:36:30 INFO  [WatcherApp] Nouveau mp3 publié : Lendrema.mp3 (fileId=cc72896b-8d93-4f7a-b843-151cf3561292)
2026-07-01 16:36:30 INFO  [WatcherApp] Nouveau mp3 publié : 18 taona.mp3 (fileId=dcae07d2-8b0c-4ed1-be68-3a2724381047)
2026-07-01 16:36:30 INFO  [WatcherApp] Nouveau mp3 publié : Lendrema.mp3 (fileId=dd25c634-c0b3-46c6-ad73-25da8f481129)
2026-07-01 16:36:30 INFO  [WatcherApp] Nouveau mp3 publié : 18 taona.mp3 (fileId=ab6c4260-7bc9-4961-a575-e4f3156ca6b1)
2026-07-01 16:36:30 INFO  [WatcherApp] Nouveau mp3 publié : Lendrema.mp3 (fileId=a332635b-0ca6-4a50-824f-4257c2b1ee78)
2026-07-01 16:36:30 INFO  [WatcherApp] Nouveau mp3 publié : 18 taona.mp3 (fileId=600a8cb4-ba0e-49d1-8430-1f7e439cf249)
2026-07-01 16:36:30 INFO  [WatcherApp] Nouveau mp3 publié : Lendrema.mp3 (fileId=13d3c3bf-94ac-47a8-b8c9-40f6c6afe8d2)
2026-07-01 16:36:30 INFO  [WatcherApp] Nouveau mp3 publié : 18 taona.mp3 (fileId=613be3fe-a2c6-4a9a-acc2-85bcb7d27258)
2026-07-01 16:36:30 INFO  [WatcherApp] Nouveau mp3 publié : Lendrema.mp3 (fileId=e1d66033-e5c1-483c-a7bf-7435ec9a8f85)
2026-07-01 16:36:30 INFO  [WatcherApp] Nouveau mp3 publié : 18 taona.mp3 (fileId=f53b2d86-4e79-4dc9-a577-58e7a72e23df)
2026-07-01 16:36:30 INFO  [WatcherApp] Nouveau mp3 publié : Lendrema.mp3 (fileId=77678a85-857b-4954-a7c2-5212dfc1b290)
2026-07-01 16:36:30 INFO  [WatcherApp] Nouveau mp3 publié : 18 taona.mp3 (fileId=d5d12707-9853-47d7-8bfe-f23abde261ec)
2026-07-01 16:36:30 INFO  [WatcherApp] Nouveau mp3 publié : Lendrema.mp3 (fileId=30cf50aa-15eb-46ba-a6ff-8d3aba61d2a3)
2026-07-01 16:36:30 INFO  [WatcherApp] Nouveau mp3 publié : 18 taona.mp3 (fileId=984b4694-a631-4fa2-83ba-efd6cd7232ed)
2026-07-01 16:36:30 INFO  [WatcherApp] Nouveau mp3 publié : Lendrema.mp3 (fileId=690b0c76-8f06-49eb-b4df-ed6538cdab65)
2026-07-01 16:36:30 INFO  [WatcherApp] Nouveau mp3 publié : 18 taona.mp3 (fileId=b1a7b4b3-ecee-4769-a9d6-e06d98b73e76)
2026-07-01 16:36:30 INFO  [WatcherApp] Nouveau mp3 publié : Lendrema.mp3 (fileId=125d5422-cc4d-40a3-828a-3a4bad5382cf)
2026-07-01 16:36:30 INFO  [WatcherApp] Nouveau mp3 publié : 18 taona.mp3 (fileId=eec8101b-1227-44fa-b9e7-10ed89d3f9fe)
2026-07-01 16:36:30 INFO  [WatcherApp] Nouveau mp3 publié : Lendrema.mp3 (fileId=a96fb0ec-30e4-4bce-a585-fb17eb6ca839)
2026-07-01 16:36:30 INFO  [WatcherApp] Nouveau mp3 publié : 18 taona.mp3 (fileId=e9931d2d-59a8-49aa-b39a-618bc616f952)
2026-07-01 16:36:30 INFO  [WatcherApp] Nouveau mp3 publié : Lendrema.mp3 (fileId=ff123eea-f5f5-4f0f-a298-750cc8bb649d)
2026-07-01 16:36:30 INFO  [WatcherApp] Nouveau mp3 publié : 18 taona.mp3 (fileId=cecb4371-3e63-4c17-85d0-3b067459716f)
2026-07-01 16:36:30 INFO  [WatcherApp] Nouveau mp3 publié : Lendrema.mp3 (fileId=702946a8-8051-4ffa-a46a-8d35df05753d)
2026-07-01 16:36:30 INFO  [WatcherApp] Nouveau mp3 publié : 18 taona.mp3 (fileId=db6aa982-1997-41ba-9da8-5a85cea8f1f4)
2026-07-01 16:36:30 INFO  [WatcherApp] Nouveau mp3 publié : Lendrema.mp3 (fileId=c6f39915-1d9b-4eb6-af95-8e9f7d1f760b)
2026-07-01 16:36:30 INFO  [WatcherApp] Nouveau mp3 publié : 18 taona.mp3 (fileId=f96a4745-be7a-4ae8-abfa-3c97c6b20649)
2026-07-01 16:36:30 INFO  [WatcherApp] Nouveau mp3 publié : Lendrema.mp3 (fileId=6d1f346e-4f28-4dc2-bb9d-5b9e0b49d8d1)
2026-07-01 16:36:30 INFO  [WatcherApp] Nouveau mp3 publié : 18 taona.mp3 (fileId=70a77377-808c-48dc-bcdc-046814056980)
2026-07-01 16:36:30 INFO  [WatcherApp] Nouveau mp3 publié : Lendrema.mp3 (fileId=5ece3c1e-0e34-44c3-9016-0677880aa8e9)
2026-07-01 16:36:30 INFO  [WatcherApp] Nouveau mp3 publié : 18 taona.mp3 (fileId=5c6aa341-e043-461e-9539-cec0ae08b964)
2026-07-01 16:36:30 INFO  [WatcherApp] Nouveau mp3 publié : Lendrema.mp3 (fileId=4af73c44-808d-46d9-9498-f2536d752116)
2026-07-01 16:36:30 INFO  [WatcherApp] Nouveau mp3 publié : 18 taona.mp3 (fileId=705e8b1d-4924-4845-801d-71c9149aa598)
2026-07-01 16:36:30 INFO  [WatcherApp] Nouveau mp3 publié : Lendrema.mp3 (fileId=456400cd-b350-402e-9184-94fbe0a68900)
2026-07-01 16:36:30 INFO  [WatcherApp] Nouveau mp3 publié : 18 taona.mp3 (fileId=5f81213a-a861-4a6e-bb37-f0882a63cb1b)
2026-07-01 16:36:30 INFO  [WatcherApp] Nouveau mp3 publié : Lendrema.mp3 (fileId=fa26eb40-cf04-49e0-9bd2-8ff93e5b9cbe)
2026-07-01 16:36:30 INFO  [WatcherApp] Nouveau mp3 publié : 18 taona.mp3 (fileId=522bea7c-008e-447e-9a3c-40f67cf046a5)
2026-07-01 16:36:30 INFO  [WatcherApp] Nouveau mp3 publié : Lendrema.mp3 (fileId=cd0da762-0ae2-4d43-9b11-1590ba334c1b)
2026-07-01 16:36:30 INFO  [WatcherApp] Nouveau mp3 publié : 18 taona.mp3 (fileId=feca3267-3ee5-4ad7-a8d4-4e93835a88c5)
2026-07-01 16:36:30 INFO  [WatcherApp] Nouveau mp3 publié : Lendrema.mp3 (fileId=ed2a45b0-251a-4c80-a694-f5d7bd490187)
2026-07-01 16:36:30 INFO  [WatcherApp] Nouveau mp3 publié : 18 taona.mp3 (fileId=5199984b-1bb3-418f-a1f4-1f3b32be87bf)
2026-07-01 16:36:30 INFO  [WatcherApp] Nouveau mp3 publié : Lendrema.mp3 (fileId=c8faef81-4a6b-4806-9aa5-6cecb60b3d8d)
2026-07-01 16:36:30 INFO  [WatcherApp] Nouveau mp3 publié : 18 taona.mp3 (fileId=6373a828-df85-48ce-8c28-0d9968a3dfbc)
2026-07-01 16:36:30 INFO  [WatcherApp] Nouveau mp3 publié : Lendrema.mp3 (fileId=e206b1ce-1e48-4d72-92a4-6517dfe0d4e1)
2026-07-01 16:36:30 INFO  [WatcherApp] Nouveau mp3 publié : 18 taona.mp3 (fileId=c344e9c4-3e83-49b9-a191-4e2eabbdaeab)
2026-07-01 16:36:30 INFO  [WatcherApp] Nouveau mp3 publié : Lendrema.mp3 (fileId=b76bd1cc-358e-40d7-acad-b31756184f14)
2026-07-01 16:36:30 INFO  [WatcherApp] Nouveau mp3 publié : 18 taona.mp3 (fileId=96feec7b-81dc-4d70-84a7-d94050493460)
2026-07-01 16:36:30 INFO  [WatcherApp] Nouveau mp3 publié : Lendrema.mp3 (fileId=4a930d7b-a0b2-4a66-875a-5df137a6fe22)
2026-07-01 16:36:30 INFO  [WatcherApp] Nouveau mp3 publié : 18 taona.mp3 (fileId=4f00fbfb-3fd5-48ed-9ce9-cbaee0f7c5f9)
2026-07-01 16:36:30 INFO  [WatcherApp] Nouveau mp3 publié : Lendrema.mp3 (fileId=33ea18b6-ee5c-4733-8969-9ba823e6a8a1)
2026-07-01 16:36:30 INFO  [WatcherApp] Nouveau mp3 publié : 18 taona.mp3 (fileId=d09db12c-4bdd-492f-ac95-6a0e81cfd3e6)
2026-07-01 16:36:30 INFO  [WatcherApp] Nouveau mp3 publié : Lendrema.mp3 (fileId=df9dcbd6-f6b9-4552-9425-ce4ea8e34b0b)
2026-07-01 16:36:30 INFO  [WatcherApp] Nouveau mp3 publié : 18 taona.mp3 (fileId=b85513c3-c2a1-4f7b-981d-f80e4bfbac0d)
2026-07-01 16:36:30 INFO  [WatcherApp] Nouveau mp3 publié : Lendrema.mp3 (fileId=fd0fab88-eaf7-43a5-b70d-e88c283ab294)
2026-07-01 16:36:30 INFO  [WatcherApp] Nouveau mp3 publié : 18 taona.mp3 (fileId=dc63d422-dff9-4e93-8c3b-4b2d1e638021)
2026-07-01 16:36:30 INFO  [WatcherApp] Nouveau mp3 publié : Lendrema.mp3 (fileId=0403b3c7-21e1-406d-bd94-d8908e22ab69)
2026-07-01 16:36:30 INFO  [WatcherApp] Nouveau mp3 publié : 18 taona.mp3 (fileId=eae2a2e5-9ef8-4af3-8d63-47438efe5fd3)
2026-07-01 16:36:30 INFO  [WatcherApp] Nouveau mp3 publié : Lendrema.mp3 (fileId=e36d4599-fbfc-4b82-b222-efc20b33e960)
2026-07-01 16:36:30 INFO  [WatcherApp] Nouveau mp3 publié : 18 taona.mp3 (fileId=bf70ca23-cffd-451d-9ba0-c467b511d563)
2026-07-01 16:36:30 INFO  [WatcherApp] Nouveau mp3 publié : Lendrema.mp3 (fileId=4f8565ad-aad4-41fe-ab17-d6870a4d3117)
2026-07-01 16:36:30 INFO  [WatcherApp] Nouveau mp3 publié : 18 taona.mp3 (fileId=301ffea6-7446-4649-890d-45e16b8e02f3)
2026-07-01 16:36:30 INFO  [WatcherApp] Nouveau mp3 publié : Lendrema.mp3 (fileId=d09cc082-7f01-4ea7-a83f-9055f0e52632)
2026-07-01 16:36:30 INFO  [WatcherApp] Nouveau mp3 publié : 18 taona.mp3 (fileId=aa0b6efd-f970-4349-b3bc-cd2bc6ca9491)
2026-07-01 16:36:30 INFO  [WatcherApp] Nouveau mp3 publié : Lendrema.mp3 (fileId=55d8b45d-dc03-4b7f-ad00-9e7203522551)
2026-07-01 16:36:30 INFO  [WatcherApp] Nouveau mp3 publié : 18 taona.mp3 (fileId=135f8980-ffb5-4fae-b5f7-3e1d6354a04c)
2026-07-01 16:36:30 INFO  [WatcherApp] Nouveau mp3 publié : Lendrema.mp3 (fileId=e19dfcd2-deb1-4218-8e5d-82923694462b)
2026-07-01 16:36:30 INFO  [WatcherApp] Nouveau mp3 publié : 18 taona.mp3 (fileId=52d6808e-f2c8-4cf7-a549-ae84eb8d70bd)
2026-07-01 16:36:30 INFO  [WatcherApp] Nouveau mp3 publié : Lendrema.mp3 (fileId=33050f9b-7792-457a-9a05-737b8048f14b)
2026-07-01 16:36:30 INFO  [WatcherApp] Nouveau mp3 publié : 18 taona.mp3 (fileId=0a98d5cb-73a1-4289-92ff-9fb3095f2d28)
2026-07-01 16:36:30 INFO  [WatcherApp] Nouveau mp3 publié : Lendrema.mp3 (fileId=677d1463-7f0a-48a9-acd8-ca63e768fdf2)
2026-07-01 16:36:30 INFO  [WatcherApp] Nouveau mp3 publié : 18 taona.mp3 (fileId=7ed91f41-30a0-40c8-9315-9bf142cd8a03)
2026-07-01 16:36:30 INFO  [WatcherApp] Nouveau mp3 publié : Lendrema.mp3 (fileId=93c7460f-6aa5-4fe5-aa32-cc13831b5173)
2026-07-01 16:36:30 INFO  [WatcherApp] Nouveau mp3 publié : 18 taona.mp3 (fileId=a2f84790-a8ef-4451-8033-3b99e4ad846a)
2026-07-01 16:36:30 INFO  [WatcherApp] Nouveau mp3 publié : Lendrema.mp3 (fileId=3b3fc8be-d049-4f21-8861-312327d716e9)
2026-07-01 16:36:30 INFO  [WatcherApp] Nouveau mp3 publié : 18 taona.mp3 (fileId=1d36b20b-3300-4ed6-b9ba-8bfb8431c71b)
2026-07-01 16:36:30 INFO  [WatcherApp] Nouveau mp3 publié : Lendrema.mp3 (fileId=e1eb2fb1-1816-4646-9ade-4f10e89120ab)
2026-07-01 16:36:30 INFO  [WatcherApp] Nouveau mp3 publié : 18 taona.mp3 (fileId=f2da6377-23dc-4f78-a465-874e608b3595)
2026-07-01 16:36:30 INFO  [WatcherApp] Nouveau mp3 publié : Lendrema.mp3 (fileId=01522ac4-80a6-44d5-8157-61240861cd28)
2026-07-01 16:36:30 INFO  [WatcherApp] Nouveau mp3 publié : 18 taona.mp3 (fileId=20a4f742-a6f1-43e9-8ac0-0c24f80b4548)
2026-07-01 16:36:30 INFO  [WatcherApp] Nouveau mp3 publié : Lendrema.mp3 (fileId=8b091828-12ba-4758-b0f4-e96386592c53)
2026-07-01 16:36:30 INFO  [WatcherApp] Nouveau mp3 publié : 18 taona.mp3 (fileId=da534ce1-b4f3-4626-a0bd-8e75cc13a839)
2026-07-01 16:36:30 INFO  [WatcherApp] Nouveau mp3 publié : Lendrema.mp3 (fileId=ab16cb06-d7b8-4d6a-8c28-054e8081438f)
2026-07-01 16:36:30 INFO  [WatcherApp] Nouveau mp3 publié : 18 taona.mp3 (fileId=b211308a-187d-4e74-a303-279c41b41df0)
2026-07-01 16:36:30 INFO  [WatcherApp] Nouveau mp3 publié : Lendrema.mp3 (fileId=22b4aeda-93bd-4479-a459-9f6ed80d03bf)
2026-07-01 16:36:30 INFO  [WatcherApp] Nouveau mp3 publié : 18 taona.mp3 (fileId=fb2f8dee-1dd7-42ee-b2e1-642a67434c97)
2026-07-01 16:36:31 INFO  [WatcherApp] Nouveau mp3 publié : Lendrema.mp3 (fileId=56a7880f-2e1f-4c30-b10f-853bb8845f76)
2026-07-01 16:36:31 INFO  [WatcherApp] Nouveau mp3 publié : 18 taona.mp3 (fileId=0819e7c1-6c4d-4a12-9f88-e70964aae92e)
2026-07-01 16:36:31 INFO  [WatcherApp] Nouveau mp3 publié : Lendrema.mp3 (fileId=7506b948-2345-4abe-b2ec-32b190b881d0)
2026-07-01 16:36:31 INFO  [WatcherApp] Nouveau mp3 publié : 18 taona.mp3 (fileId=098c55ab-049b-448c-9864-c60653120725)
2026-07-01 16:36:31 INFO  [WatcherApp] Nouveau mp3 publié : Lendrema.mp3 (fileId=f70b0a3a-ec42-44dc-ac7e-405eea35afd8)
2026-07-01 16:36:31 INFO  [WatcherApp] Nouveau mp3 publié : 18 taona.mp3 (fileId=cdbc4519-a58c-4741-818c-acec5a8640a4)
2026-07-01 16:36:31 INFO  [WatcherApp] Nouveau mp3 publié : Lendrema.mp3 (fileId=78951bdd-7bc0-42b5-9153-2e393f474f0b)
2026-07-01 16:36:31 INFO  [WatcherApp] Nouveau mp3 publié : 18 taona.mp3 (fileId=ec05e613-fe6f-457d-8c55-fffb60cebf49)
2026-07-01 16:36:31 INFO  [WatcherApp] Nouveau mp3 publié : Lendrema.mp3 (fileId=bbd1a7f6-08b8-45df-b2d1-88a0014ef2e9)
2026-07-01 16:36:31 INFO  [WatcherApp] Nouveau mp3 publié : 18 taona.mp3 (fileId=3c36c0ea-ba89-44d1-81df-c322cb70a1fe)
2026-07-01 16:36:31 INFO  [WatcherApp] Nouveau mp3 publié : Lendrema.mp3 (fileId=33860591-81f7-428d-84f1-06cf3871da79)
2026-07-01 16:36:31 INFO  [WatcherApp] Nouveau mp3 publié : 18 taona.mp3 (fileId=111fc962-b279-4fa9-9381-9d7b5b43b212)
2026-07-01 16:36:31 INFO  [WatcherApp] Nouveau mp3 publié : Lendrema.mp3 (fileId=a6bc93fc-c6db-4bca-9db3-86028eac95b0)
2026-07-01 16:36:31 INFO  [WatcherApp] Nouveau mp3 publié : 18 taona.mp3 (fileId=acf6e06f-1df6-411b-ad1c-3b90c1dac39e)
2026-07-01 16:36:31 INFO  [WatcherApp] Nouveau mp3 publié : Lendrema.mp3 (fileId=608f7141-6047-4097-8f7d-23868f73b242)
2026-07-01 16:36:31 INFO  [WatcherApp] Nouveau mp3 publié : 18 taona.mp3 (fileId=7e77d2ee-5572-4c28-ab20-359e8e36a493)
2026-07-01 16:36:31 INFO  [WatcherApp] Nouveau mp3 publié : Lendrema.mp3 (fileId=84088009-dd27-42f0-bad0-44ef4223a901)
2026-07-01 16:36:31 INFO  [WatcherApp] Nouveau mp3 publié : 18 taona.mp3 (fileId=c8d520ad-999a-4308-ae1f-cd8084d5eac0)
2026-07-01 16:36:31 INFO  [WatcherApp] Nouveau mp3 publié : Lendrema.mp3 (fileId=becce094-f61a-471b-ac35-b251f25d0457)
2026-07-01 16:36:31 INFO  [WatcherApp] Nouveau mp3 publié : 18 taona.mp3 (fileId=d912263e-ebc9-4c8a-a5bb-b02ba69b0c83)
2026-07-01 16:36:31 INFO  [WatcherApp] Nouveau mp3 publié : Lendrema.mp3 (fileId=e1756652-6f4c-4e5d-88c8-defb17a9c1d4)
2026-07-01 16:36:31 INFO  [WatcherApp] Nouveau mp3 publié : 18 taona.mp3 (fileId=266f8f52-0197-44e4-a050-562ceeb4ee39)
2026-07-01 16:36:31 INFO  [WatcherApp] Nouveau mp3 publié : Lendrema.mp3 (fileId=2b50b936-8c25-4196-bcbe-d2c68d3c0d1b)
2026-07-01 16:36:31 INFO  [WatcherApp] Nouveau mp3 publié : 18 taona.mp3 (fileId=da0b7a8a-c95e-4ad8-9d04-3f4edf41ed0e)
2026-07-01 16:36:31 INFO  [WatcherApp] Nouveau mp3 publié : Lendrema.mp3 (fileId=238c9dca-b1ca-4c86-ba6b-d4263a6f7b1d)
2026-07-01 16:36:31 INFO  [WatcherApp] Nouveau mp3 publié : 18 taona.mp3 (fileId=c372191d-9035-4271-a058-5401b7b0b63c)
2026-07-01 16:36:31 INFO  [WatcherApp] Nouveau mp3 publié : Lendrema.mp3 (fileId=dd9e274d-e80a-45d0-a94a-79fe7158aa64)
2026-07-01 16:36:31 INFO  [WatcherApp] Nouveau mp3 publié : 18 taona.mp3 (fileId=0e522585-2397-4e52-9bc4-e7b4186f6af0)
2026-07-01 16:36:31 INFO  [WatcherApp] Nouveau mp3 publié : Lendrema.mp3 (fileId=525b98fe-bf67-4954-b950-4aca3bc38572)
2026-07-01 16:36:31 INFO  [WatcherApp] Nouveau mp3 publié : 18 taona.mp3 (fileId=9bb57866-79e9-4659-8d15-682370687cec)
2026-07-01 16:36:31 INFO  [WatcherApp] Nouveau mp3 publié : Lendrema.mp3 (fileId=9ffa187b-c5f0-4a05-af9f-3f3dbe192ebc)
2026-07-01 16:36:31 INFO  [WatcherApp] Nouveau mp3 publié : 18 taona.mp3 (fileId=c05ea984-7f91-4a67-a326-ea1dac90c178)
2026-07-01 16:36:31 INFO  [WatcherApp] Nouveau mp3 publié : Lendrema.mp3 (fileId=fe76c43c-d3cd-4256-8496-12fabac8cca9)
2026-07-01 16:36:31 INFO  [WatcherApp] Nouveau mp3 publié : 18 taona.mp3 (fileId=5cf32fdf-5979-4188-8946-12d8bff78f15)
2026-07-01 16:36:31 INFO  [WatcherApp] Nouveau mp3 publié : Lendrema.mp3 (fileId=34125da9-9626-4b0d-af48-c085b019ff18)
2026-07-01 16:36:31 INFO  [WatcherApp] Nouveau mp3 publié : 18 taona.mp3 (fileId=8a52c5ac-49c0-41f0-a1b8-eb58cce37d13)
2026-07-01 16:36:31 INFO  [WatcherApp] Nouveau mp3 publié : Lendrema.mp3 (fileId=cb6cb63d-6292-47d4-87da-9bcda28f1612)
2026-07-01 16:36:31 INFO  [WatcherApp] Nouveau mp3 publié : 18 taona.mp3 (fileId=7de26eb2-08ec-4294-9153-8f887d7223a3)
2026-07-01 16:36:31 INFO  [WatcherApp] Nouveau mp3 publié : Lendrema.mp3 (fileId=9b432cf0-baea-49d5-8f21-72f1095c7169)
2026-07-01 16:36:31 INFO  [WatcherApp] Nouveau mp3 publié : 18 taona.mp3 (fileId=fd83b159-cb21-4aef-847a-87781f3933bf)
2026-07-01 16:36:31 INFO  [WatcherApp] Nouveau mp3 publié : Lendrema.mp3 (fileId=61d61d0b-2384-4c68-9c54-357c51d613f2)
2026-07-01 16:36:31 INFO  [WatcherApp] Nouveau mp3 publié : 18 taona.mp3 (fileId=f484bc80-b004-4f72-aec4-071d43bf1177)
2026-07-01 16:36:31 INFO  [WatcherApp] Nouveau mp3 publié : Lendrema.mp3 (fileId=023bea15-d29d-4956-851d-2d53cc48fe72)
2026-07-01 16:36:31 INFO  [WatcherApp] Nouveau mp3 publié : 18 taona.mp3 (fileId=6588dccf-61fc-4633-81cc-316db68aecd7)
2026-07-01 16:36:31 INFO  [WatcherApp] Nouveau mp3 publié : Lendrema.mp3 (fileId=3725b4f5-9d0b-4546-a742-8b56c81a1db2)
2026-07-01 16:36:31 INFO  [WatcherApp] Nouveau mp3 publié : 18 taona.mp3 (fileId=40bb86e5-4ed9-4d80-b9cc-9133a746fa06)
2026-07-01 16:36:31 INFO  [WatcherApp] Nouveau mp3 publié : Lendrema.mp3 (fileId=ff1f4e0b-315e-4e63-9247-3bdbcb7d51df)
2026-07-01 16:36:31 INFO  [WatcherApp] Nouveau mp3 publié : 18 taona.mp3 (fileId=e8c9b311-6b98-4bc1-8634-9da0f7376b84)
2026-07-01 16:36:31 INFO  [WatcherApp] Nouveau mp3 publié : Lendrema.mp3 (fileId=e496394d-67d6-4756-8827-f8f2506ed172)
2026-07-01 16:36:31 INFO  [WatcherApp] Nouveau mp3 publié : 18 taona.mp3 (fileId=1d2bfa81-c49a-4761-adea-a57dc4911a5e)
2026-07-01 16:36:31 INFO  [WatcherApp] Nouveau mp3 publié : Lendrema.mp3 (fileId=9abf5c3a-537f-49c5-a3e7-10c5cc94c06e)
2026-07-01 16:36:31 INFO  [WatcherApp] Nouveau mp3 publié : 18 taona.mp3 (fileId=9370c9f3-168b-42fb-ac8b-d958443c2598)
2026-07-01 16:36:31 INFO  [WatcherApp] Nouveau mp3 publié : Lendrema.mp3 (fileId=b01f2756-8831-4574-8280-8470c1ce2171)
2026-07-01 16:36:31 INFO  [WatcherApp] Nouveau mp3 publié : 18 taona.mp3 (fileId=80330e96-11f0-45b4-8b25-19c004014add)
2026-07-01 16:36:31 INFO  [WatcherApp] Nouveau mp3 publié : Lendrema.mp3 (fileId=c3d3611a-62d9-4e53-ae14-39fa7333eb49)
2026-07-01 16:36:31 INFO  [WatcherApp] Nouveau mp3 publié : 18 taona.mp3 (fileId=7e93e3a2-a6b1-417d-a5d1-0230f1ab65e3)
2026-07-01 16:36:31 INFO  [WatcherApp] Nouveau mp3 publié : Lendrema.mp3 (fileId=f887b374-58b6-4e48-828c-ff85811276e0)
2026-07-01 16:36:31 INFO  [WatcherApp] Nouveau mp3 publié : 18 taona.mp3 (fileId=500f47d1-047e-4f25-8ce3-c4e43c853dd5)
2026-07-01 16:36:31 INFO  [WatcherApp] Nouveau mp3 publié : Lendrema.mp3 (fileId=178785d4-783e-4967-8c88-e32679d30ff3)
2026-07-01 16:36:31 INFO  [WatcherApp] Nouveau mp3 publié : 18 taona.mp3 (fileId=bdfc308d-257a-4f16-960f-567485d969fe)
2026-07-01 16:36:31 INFO  [WatcherApp] Nouveau mp3 publié : Lendrema.mp3 (fileId=6dbb3acf-099a-40a9-bf50-017d545b9378)
2026-07-01 16:36:31 INFO  [WatcherApp] Nouveau mp3 publié : 18 taona.mp3 (fileId=92b6c91c-1fa5-4f64-b035-4106c1157be3)
2026-07-01 16:36:31 INFO  [WatcherApp] Nouveau mp3 publié : Lendrema.mp3 (fileId=a1a1c64d-d227-45d9-a9d3-96864e018c9c)
2026-07-01 16:36:31 INFO  [WatcherApp] Nouveau mp3 publié : 18 taona.mp3 (fileId=77781bdd-2bb0-43b5-a198-915c3c405cf6)
2026-07-01 16:36:31 INFO  [WatcherApp] Nouveau mp3 publié : Lendrema.mp3 (fileId=4ae3cdcd-6fd7-4002-85da-3ff01554d8c7)
2026-07-01 16:36:31 INFO  [WatcherApp] Nouveau mp3 publié : 18 taona.mp3 (fileId=f2da90b2-3bad-4718-b4a6-2b945788472a)
2026-07-01 16:36:31 INFO  [WatcherApp] Nouveau mp3 publié : Lendrema.mp3 (fileId=96befc7a-9572-4ceb-8788-88bd66d1fe27)
2026-07-01 16:36:31 INFO  [WatcherApp] Nouveau mp3 publié : 18 taona.mp3 (fileId=802923ee-9b9b-4aa6-b4b2-af3dc3ab4b56)
2026-07-01 16:36:31 INFO  [WatcherApp] Nouveau mp3 publié : Lendrema.mp3 (fileId=1ebaea00-5682-4208-9a1a-8ed8b7a90244)
2026-07-01 16:36:31 INFO  [WatcherApp] Nouveau mp3 publié : 18 taona.mp3 (fileId=87b2b857-e43a-439c-bbfd-08d18096309e)
2026-07-01 16:36:31 INFO  [WatcherApp] Nouveau mp3 publié : Lendrema.mp3 (fileId=40c7bf52-1716-430c-90b6-74334420796b)
2026-07-01 16:36:31 INFO  [WatcherApp] Nouveau mp3 publié : 18 taona.mp3 (fileId=e807c014-32b8-4267-b4c7-ab093fe49fec)
2026-07-01 16:36:31 INFO  [WatcherApp] Nouveau mp3 publié : Lendrema.mp3 (fileId=88d84284-348a-4a79-a1ee-9b5ba5f75fe7)
2026-07-01 16:36:31 INFO  [WatcherApp] Nouveau mp3 publié : 18 taona.mp3 (fileId=af0569d9-2636-4b35-a581-c14f6b49b906)
2026-07-01 16:36:31 INFO  [WatcherApp] Nouveau mp3 publié : Lendrema.mp3 (fileId=253b6361-db18-4ba5-b905-7217aa482a8b)
2026-07-01 16:36:31 INFO  [WatcherApp] Nouveau mp3 publié : 18 taona.mp3 (fileId=524644c8-18bd-48f5-8679-2f182cb0ef6a)
2026-07-01 16:36:31 INFO  [WatcherApp] Nouveau mp3 publié : Lendrema.mp3 (fileId=ae79bcd0-f614-43f7-a973-5430ea6f1a31)
2026-07-01 16:36:31 INFO  [WatcherApp] Nouveau mp3 publié : 18 taona.mp3 (fileId=317ece9a-f05f-442b-b017-d6a96f46c4f2)
2026-07-01 16:36:31 INFO  [WatcherApp] Nouveau mp3 publié : Lendrema.mp3 (fileId=9252929b-f673-43c8-8ac1-0ef9b385af8d)
2026-07-01 16:36:31 INFO  [WatcherApp] Nouveau mp3 publié : 18 taona.mp3 (fileId=e270326d-da45-4f65-9cd9-b22216261f86)
2026-07-01 16:36:31 INFO  [WatcherApp] Nouveau mp3 publié : Lendrema.mp3 (fileId=f1d9f828-9c9f-487b-9190-9fbd9bc8f6ef)
2026-07-01 16:36:31 INFO  [WatcherApp] Nouveau mp3 publié : 18 taona.mp3 (fileId=dceaf30f-4bf4-47f0-a722-54b290a3cf0d)
2026-07-01 16:36:31 INFO  [WatcherApp] Nouveau mp3 publié : Lendrema.mp3 (fileId=3166c5c3-8843-4637-b385-589daff3ce1a)
2026-07-01 16:36:31 INFO  [WatcherApp] Nouveau mp3 publié : 18 taona.mp3 (fileId=ea9ba5bb-46ac-44b7-a248-ed2d5934475c)
2026-07-01 16:36:31 INFO  [WatcherApp] Nouveau mp3 publié : Lendrema.mp3 (fileId=2773136d-6c37-4718-9dd4-a8dd447b1a4a)
2026-07-01 16:36:31 INFO  [WatcherApp] Nouveau mp3 publié : 18 taona.mp3 (fileId=2f18d5a2-dc3c-4eb3-b238-08dfe0ac2dfa)
2026-07-01 16:36:31 INFO  [WatcherApp] Nouveau mp3 publié : Lendrema.mp3 (fileId=4f8cbe4d-299e-49d0-8262-d7eea736d885)
2026-07-01 16:36:31 INFO  [WatcherApp] Nouveau mp3 publié : 18 taona.mp3 (fileId=a28eee37-8b99-48dd-aaf5-6a61b3293d52)
2026-07-01 16:36:31 INFO  [WatcherApp] Nouveau mp3 publié : Lendrema.mp3 (fileId=0d3ca3d6-29fa-4820-ab55-552db95da63c)
2026-07-01 16:36:31 INFO  [WatcherApp] Nouveau mp3 publié : 18 taona.mp3 (fileId=3f11e0fd-d57c-4bbf-9e5a-c4e3cb6e6884)
2026-07-01 16:36:31 INFO  [WatcherApp] Nouveau mp3 publié : Lendrema.mp3 (fileId=61a003d2-d2dc-4edc-af12-aab67dee21bf)
2026-07-01 16:36:31 INFO  [WatcherApp] Nouveau mp3 publié : 18 taona.mp3 (fileId=1f8f7b1e-73fe-4d6f-8695-97f3e17e20c3)
2026-07-01 16:36:31 INFO  [WatcherApp] Nouveau mp3 publié : Lendrema.mp3 (fileId=b11160e0-0205-4fc2-b1b0-c03a04cc2160)
2026-07-01 16:36:31 INFO  [WatcherApp] Nouveau mp3 publié : 18 taona.mp3 (fileId=0c619b93-b3dc-4610-b684-a2612591f65d)
2026-07-01 16:36:31 INFO  [WatcherApp] Nouveau mp3 publié : Lendrema.mp3 (fileId=f3a97870-66ff-4280-808b-62f50fa0c0e6)
2026-07-01 16:36:31 INFO  [WatcherApp] Nouveau mp3 publié : 18 taona.mp3 (fileId=63a433a3-a974-4da1-9dc5-66f408635f43)
2026-07-01 16:36:31 INFO  [WatcherApp] Nouveau mp3 publié : Lendrema.mp3 (fileId=2ea471a9-378d-4405-8be1-399f54378190)
2026-07-01 16:36:31 INFO  [WatcherApp] Nouveau mp3 publié : 18 taona.mp3 (fileId=a0c78b08-2b8e-4d97-871b-bf21e126ad40)
2026-07-01 16:36:31 INFO  [WatcherApp] Nouveau mp3 publié : Lendrema.mp3 (fileId=b05e866b-2db5-4c63-89e2-d03869028598)
2026-07-01 16:36:31 INFO  [WatcherApp] Nouveau mp3 publié : 18 taona.mp3 (fileId=11a7f42c-68c7-4216-b04e-3fc3476dadde)
2026-07-01 16:36:31 INFO  [WatcherApp] Nouveau mp3 publié : Lendrema.mp3 (fileId=9c142244-356d-43ca-b65a-226976c74a7d)
2026-07-01 16:36:31 INFO  [WatcherApp] Nouveau mp3 publié : 18 taona.mp3 (fileId=e8942b11-1c4a-4d91-971c-08339f33c598)
2026-07-01 16:36:31 INFO  [WatcherApp] Nouveau mp3 publié : Lendrema.mp3 (fileId=0b592674-74ab-422e-9fc0-fe6f7584327d)
2026-07-01 16:36:31 INFO  [WatcherApp] Nouveau mp3 publié : 18 taona.mp3 (fileId=d67dcfd6-5589-43c1-a63e-dfc0c2cce8b5)
2026-07-01 16:36:31 INFO  [WatcherApp] Nouveau mp3 publié : Lendrema.mp3 (fileId=331aeef0-7561-48c6-8995-c968cf748e9d)
2026-07-01 16:36:31 INFO  [WatcherApp] Nouveau mp3 publié : 18 taona.mp3 (fileId=eda09740-dcce-43a7-9089-6ee8b34691f6)
2026-07-01 16:36:31 INFO  [WatcherApp] Nouveau mp3 publié : Lendrema.mp3 (fileId=842a9760-40a1-4cca-aeca-eb29c042f09f)
2026-07-01 16:36:31 INFO  [WatcherApp] Nouveau mp3 publié : 18 taona.mp3 (fileId=349c8e64-e16f-44b1-b1f7-b250bc55fe17)
2026-07-01 16:36:31 INFO  [WatcherApp] Nouveau mp3 publié : Lendrema.mp3 (fileId=b78e7d18-1664-4111-a11d-fcbf54e8aa95)
2026-07-01 16:36:31 INFO  [WatcherApp] Nouveau mp3 publié : 18 taona.mp3 (fileId=a3500982-4888-4618-ad33-37627e2f60c9)
2026-07-01 16:36:31 INFO  [WatcherApp] Nouveau mp3 publié : Lendrema.mp3 (fileId=d1c94b2e-ecb5-4838-a3d8-291bb3e0bdef)
2026-07-01 16:36:31 INFO  [WatcherApp] Nouveau mp3 publié : 18 taona.mp3 (fileId=b8033767-5f3b-49f6-8819-9d5b0bbf9eae)
2026-07-01 16:36:31 INFO  [WatcherApp] Nouveau mp3 publié : Lendrema.mp3 (fileId=e19d2a97-96b5-4ddb-8b45-403032d718ec)
2026-07-01 16:36:31 INFO  [WatcherApp] Nouveau mp3 publié : 18 taona.mp3 (fileId=12ce1beb-5a21-472a-8558-49f81fc5a255)
2026-07-01 16:36:31 INFO  [WatcherApp] Nouveau mp3 publié : Lendrema.mp3 (fileId=b6cd4df1-1585-4259-84df-583fe189bc45)
2026-07-01 16:36:31 INFO  [WatcherApp] Nouveau mp3 publié : 18 taona.mp3 (fileId=61f53ed8-9caa-46a8-b939-832a84bc1ad4)
2026-07-01 16:36:31 INFO  [WatcherApp] Nouveau mp3 publié : Lendrema.mp3 (fileId=d084194b-035c-48b7-ba7d-f9ebd7134c26)
2026-07-01 16:36:31 INFO  [WatcherApp] Nouveau mp3 publié : 18 taona.mp3 (fileId=fdb4be1b-ee9a-4e85-bf89-fb425900b49d)
2026-07-01 16:36:31 INFO  [WatcherApp] Nouveau mp3 publié : Lendrema.mp3 (fileId=bdab0a6e-0a67-4e30-8d97-df75052fe3bf)
2026-07-01 16:36:31 INFO  [WatcherApp] Nouveau mp3 publié : 18 taona.mp3 (fileId=882297db-f0ba-4092-8ca0-f52d710ed3bb)
2026-07-01 16:36:31 INFO  [WatcherApp] Nouveau mp3 publié : Lendrema.mp3 (fileId=0374fd27-560e-4605-9e62-499bc1249450)
2026-07-01 16:36:31 INFO  [WatcherApp] Nouveau mp3 publié : 18 taona.mp3 (fileId=2757c8c3-1138-4a50-9c25-fe798529d924)
2026-07-01 16:36:31 INFO  [WatcherApp] Nouveau mp3 publié : Lendrema.mp3 (fileId=ce675e90-3ca1-4853-acd5-d29b9733cf7a)
2026-07-01 16:36:31 INFO  [WatcherApp] Nouveau mp3 publié : 18 taona.mp3 (fileId=04115440-6f47-46de-b701-15eeb1b9accc)
2026-07-01 16:36:31 INFO  [WatcherApp] Nouveau mp3 publié : Lendrema.mp3 (fileId=c0d39f91-c838-4a13-a28d-3b72a381030a)
2026-07-01 16:36:31 INFO  [WatcherApp] Nouveau mp3 publié : 18 taona.mp3 (fileId=97067bac-a631-473f-a643-0aa425ac0ee2)
2026-07-01 16:36:31 INFO  [WatcherApp] Nouveau mp3 publié : Lendrema.mp3 (fileId=189c6fe0-de58-4d82-aa7f-a7bdfb839d38)
2026-07-01 16:36:31 INFO  [WatcherApp] Nouveau mp3 publié : 18 taona.mp3 (fileId=1b10e15a-6df9-4503-9c4d-9c31cc9d3443)
2026-07-01 16:36:31 INFO  [WatcherApp] Nouveau mp3 publié : Lendrema.mp3 (fileId=ca7ba965-6e94-42dc-a147-ab847f7a57ad)
2026-07-01 16:36:31 INFO  [WatcherApp] Nouveau mp3 publié : 18 taona.mp3 (fileId=049da873-bed7-4ff2-bc34-e4a05aea2853)
2026-07-01 16:36:31 INFO  [WatcherApp] Nouveau mp3 publié : Lendrema.mp3 (fileId=4936d246-3286-44b5-b31b-99a78066e34f)
2026-07-01 16:36:31 INFO  [WatcherApp] Nouveau mp3 publié : 18 taona.mp3 (fileId=8890fabb-f0d9-4552-8184-1f10cf34b781)
2026-07-01 16:36:31 INFO  [WatcherApp] Nouveau mp3 publié : Lendrema.mp3 (fileId=286584cd-b93e-4eed-a5b5-2d7b1d6e45e6)
2026-07-01 16:36:31 INFO  [WatcherApp] Nouveau mp3 publié : 18 taona.mp3 (fileId=f622ef26-55b9-410d-8e47-bc825f22bc76)
2026-07-01 16:36:31 INFO  [WatcherApp] Nouveau mp3 publié : Lendrema.mp3 (fileId=761fe9de-07cc-49ca-95b1-e1c95645412f)
2026-07-01 16:36:31 INFO  [WatcherApp] Nouveau mp3 publié : 18 taona.mp3 (fileId=a8046c35-feae-47db-8fe3-7de489db48bc)
2026-07-01 16:36:31 INFO  [WatcherApp] Nouveau mp3 publié : Lendrema.mp3 (fileId=59d805d0-adee-4e5a-ac50-0f9ef4250b88)
2026-07-01 16:36:31 INFO  [WatcherApp] Nouveau mp3 publié : 18 taona.mp3 (fileId=ea018bf4-27c1-452a-9d11-04df8d136dd5)
2026-07-01 16:36:31 INFO  [WatcherApp] Nouveau mp3 publié : Lendrema.mp3 (fileId=0662d5fc-5f6c-406c-9518-8a67ceff5e16)
2026-07-01 16:36:31 INFO  [WatcherApp] Nouveau mp3 publié : 18 taona.mp3 (fileId=8c2e30a8-1ce9-433d-a047-8c26649a2242)
2026-07-01 16:36:31 INFO  [WatcherApp] Nouveau mp3 publié : Lendrema.mp3 (fileId=78e81ddb-e501-49a9-9209-456995f84c7d)
2026-07-01 16:36:31 INFO  [WatcherApp] Nouveau mp3 publié : 18 taona.mp3 (fileId=bc1ea8f5-6124-4403-975b-052c83e16cca)
2026-07-01 16:36:31 INFO  [WatcherApp] Nouveau mp3 publié : Lendrema.mp3 (fileId=637af801-288c-47ff-8548-9cb6df1f339c)
2026-07-01 16:36:31 INFO  [WatcherApp] Nouveau mp3 publié : 18 taona.mp3 (fileId=463d706d-e253-4118-adc8-b4c628a8d189)
2026-07-01 16:36:31 INFO  [WatcherApp] Nouveau mp3 publié : Lendrema.mp3 (fileId=2ddb4171-3970-4504-bba4-41a524819e76)
2026-07-01 16:36:31 INFO  [WatcherApp] Nouveau mp3 publié : 18 taona.mp3 (fileId=12d41c59-f18a-4a0c-8e72-0a07772476bd)
2026-07-01 16:36:31 INFO  [WatcherApp] Nouveau mp3 publié : Lendrema.mp3 (fileId=87e5c5c4-225b-4f82-8110-4aa1efa63624)
2026-07-01 16:36:31 INFO  [WatcherApp] Nouveau mp3 publié : 18 taona.mp3 (fileId=98a03225-a3e7-456f-b5c4-02b88148751d)
2026-07-01 16:36:31 INFO  [WatcherApp] Nouveau mp3 publié : Lendrema.mp3 (fileId=f51354c3-1962-42f0-af75-d2a28a8eb10a)
2026-07-01 16:36:31 INFO  [WatcherApp] Nouveau mp3 publié : 18 taona.mp3 (fileId=caf9da01-5c94-49cd-9d36-9b80dbd482fa)
2026-07-01 16:36:31 INFO  [WatcherApp] Nouveau mp3 publié : Lendrema.mp3 (fileId=cdd3540f-25d7-4efe-8b94-9a991c711050)
2026-07-01 16:36:31 INFO  [WatcherApp] Nouveau mp3 publié : 18 taona.mp3 (fileId=653b70c0-f5d2-4f7a-ae21-2bda606058c8)
2026-07-01 16:36:31 INFO  [WatcherApp] Nouveau mp3 publié : Lendrema.mp3 (fileId=e36a0c2b-8826-433f-b885-594fb474d57b)
2026-07-01 16:36:31 INFO  [WatcherApp] Nouveau mp3 publié : 18 taona.mp3 (fileId=064752ba-9b40-4587-b32c-a2ceb373b1dc)
2026-07-01 16:36:31 INFO  [WatcherApp] Nouveau mp3 publié : Lendrema.mp3 (fileId=586daae0-39ea-4bb8-894b-a7a0f4511158)
2026-07-01 16:36:31 INFO  [WatcherApp] Nouveau mp3 publié : 18 taona.mp3 (fileId=e7eb2212-f895-42a0-bc9e-fde4bd3b9a04)
2026-07-01 16:36:31 INFO  [WatcherApp] Nouveau mp3 publié : Lendrema.mp3 (fileId=31090a45-3423-44ec-8a1b-978b904a2526)
2026-07-01 16:36:31 INFO  [WatcherApp] Nouveau mp3 publié : 18 taona.mp3 (fileId=f4e4c52b-98b2-4588-ba2a-6078c2faddba)
2026-07-01 16:36:31 INFO  [WatcherApp] Nouveau mp3 publié : Lendrema.mp3 (fileId=930d56ea-f25d-4d3a-b869-918e9747e409)
2026-07-01 16:36:31 INFO  [WatcherApp] Nouveau mp3 publié : 18 taona.mp3 (fileId=d6e0fae5-de89-4afa-ab48-466b3ce19745)
2026-07-01 16:36:31 INFO  [WatcherApp] Nouveau mp3 publié : Lendrema.mp3 (fileId=c2e7ba84-2c47-4f60-90d1-2f2c71d48b6f)
2026-07-01 16:36:31 INFO  [WatcherApp] Nouveau mp3 publié : 18 taona.mp3 (fileId=979c7df1-1251-4c38-87fd-58189c779dc5)
2026-07-01 16:36:31 INFO  [WatcherApp] Nouveau mp3 publié : Lendrema.mp3 (fileId=b681cc3a-f8dd-4221-9f45-846d4fc0d1f8)
2026-07-01 16:36:31 INFO  [WatcherApp] Nouveau mp3 publié : 18 taona.mp3 (fileId=5381a3ee-355a-4bd1-83a5-e7101f2bf5ad)
2026-07-01 16:36:31 INFO  [WatcherApp] Nouveau mp3 publié : Lendrema.mp3 (fileId=504b5007-7a0a-4f71-a8be-9a3b7d6e87dd)
2026-07-01 16:36:31 INFO  [WatcherApp] Nouveau mp3 publié : 18 taona.mp3 (fileId=a49d2923-c618-44ab-b8b1-866f2211521d)
2026-07-01 16:36:31 INFO  [WatcherApp] Nouveau mp3 publié : Lendrema.mp3 (fileId=f362f995-af4e-462c-bc6f-6f00894865b3)
2026-07-01 16:36:31 INFO  [WatcherApp] Nouveau mp3 publié : 18 taona.mp3 (fileId=1d0f7eaf-f680-494a-b35b-7fa89d80dfad)
2026-07-01 16:36:31 INFO  [WatcherApp] Nouveau mp3 publié : Lendrema.mp3 (fileId=d638065e-2bfa-44d7-87e4-b3978de48015)
2026-07-01 16:36:31 INFO  [WatcherApp] Nouveau mp3 publié : 18 taona.mp3 (fileId=9d345401-c907-493b-a56b-4760ebdcb47a)
2026-07-01 16:36:31 INFO  [WatcherApp] Nouveau mp3 publié : Lendrema.mp3 (fileId=ce510e45-2a91-4daa-a6db-dfbf85111221)
2026-07-01 16:36:31 INFO  [WatcherApp] Nouveau mp3 publié : 18 taona.mp3 (fileId=7dcee6e4-b2f2-4316-94f7-9a70c350aad0)
2026-07-01 16:36:31 INFO  [WatcherApp] Nouveau mp3 publié : Lendrema.mp3 (fileId=8c9f8b9a-8f6e-4ac8-9998-0bb0681a0fea)
2026-07-01 16:36:31 INFO  [WatcherApp] Nouveau mp3 publié : 18 taona.mp3 (fileId=cbc8c012-6652-47e5-936a-d553a947510f)
2026-07-01 16:36:31 INFO  [WatcherApp] Nouveau mp3 publié : Lendrema.mp3 (fileId=021c443d-215a-4487-90c6-57a929a2e121)
2026-07-01 16:36:31 INFO  [WatcherApp] Nouveau mp3 publié : 18 taona.mp3 (fileId=b63eda29-e25d-42b6-9da6-3f828e42b9d1)
2026-07-01 16:36:31 INFO  [WatcherApp] Nouveau mp3 publié : Lendrema.mp3 (fileId=8bf6b6a4-e3ff-4db5-842f-925e77976dbf)
2026-07-01 16:36:31 INFO  [WatcherApp] Nouveau mp3 publié : 18 taona.mp3 (fileId=1189c745-9be9-4ae4-8469-3594b29b2f55)
2026-07-01 16:36:31 INFO  [WatcherApp] Nouveau mp3 publié : Lendrema.mp3 (fileId=75ee41f0-73c4-4e8e-9548-d2e5ab9791f7)
2026-07-01 16:36:31 INFO  [WatcherApp] Nouveau mp3 publié : 18 taona.mp3 (fileId=9df98c19-f596-48c4-9844-0af61dcd02ac)
2026-07-01 16:36:31 INFO  [WatcherApp] Nouveau mp3 publié : Lendrema.mp3 (fileId=88123fce-f7ea-446f-8434-5b75e940e4bf)
2026-07-01 16:36:31 INFO  [WatcherApp] Nouveau mp3 publié : 18 taona.mp3 (fileId=fb93fbee-93db-4fc9-9d35-45e325ff82e6)
2026-07-01 16:36:31 INFO  [WatcherApp] Nouveau mp3 publié : Lendrema.mp3 (fileId=2ca10575-9819-4004-930b-d269c643dce0)
2026-07-01 16:36:31 INFO  [WatcherApp] Nouveau mp3 publié : 18 taona.mp3 (fileId=43d91f19-fd27-4572-830d-b6c95a231a24)
2026-07-01 16:36:31 INFO  [WatcherApp] Nouveau mp3 publié : Lendrema.mp3 (fileId=a6eabdbe-abd9-48d8-8c58-f29eebf505b3)
2026-07-01 16:36:31 INFO  [WatcherApp] Nouveau mp3 publié : 18 taona.mp3 (fileId=cb86dbab-7a1b-4191-bbf3-bcefe33f33ec)
2026-07-01 16:36:31 INFO  [WatcherApp] Nouveau mp3 publié : Lendrema.mp3 (fileId=7360c0f1-4603-437e-a0fa-d6e528d61e24)
2026-07-01 16:36:31 INFO  [WatcherApp] Nouveau mp3 publié : 18 taona.mp3 (fileId=e81b6d5f-1914-41cc-b4f4-a6a5859161b8)
2026-07-01 16:36:31 INFO  [WatcherApp] Nouveau mp3 publié : Lendrema.mp3 (fileId=2fac4c55-2283-474e-bafd-22c8237138f5)
2026-07-01 16:36:31 INFO  [WatcherApp] Nouveau mp3 publié : 18 taona.mp3 (fileId=1f65f461-aa12-47c6-917f-75de2618b0db)
2026-07-01 16:36:31 INFO  [WatcherApp] Nouveau mp3 publié : Lendrema.mp3 (fileId=da987923-1a36-4d88-a933-bae908e20538)
2026-07-01 16:36:31 INFO  [WatcherApp] Nouveau mp3 publié : 18 taona.mp3 (fileId=52ffa4cb-8d9b-42c5-94bd-d01a704165b8)
2026-07-01 16:36:31 INFO  [WatcherApp] Nouveau mp3 publié : Lendrema.mp3 (fileId=0bae0363-de85-4557-b3d6-882a32d08955)
2026-07-01 16:36:31 INFO  [WatcherApp] Nouveau mp3 publié : 18 taona.mp3 (fileId=5956dca0-0e08-48c1-a1a7-d3795c9bbc8b)
2026-07-01 16:36:31 INFO  [WatcherApp] Nouveau mp3 publié : Lendrema.mp3 (fileId=5e48dbbb-309b-40de-9c64-29a3a305595d)
2026-07-01 16:36:31 INFO  [WatcherApp] Nouveau mp3 publié : 18 taona.mp3 (fileId=13ec0276-de6d-4069-ace1-20feede745fc)
2026-07-01 16:36:31 INFO  [WatcherApp] Nouveau mp3 publié : Lendrema.mp3 (fileId=5bebe9c3-f849-4414-be99-243b8a9f0a59)
2026-07-01 16:36:31 INFO  [WatcherApp] Nouveau mp3 publié : 18 taona.mp3 (fileId=c288d4f8-40ae-4c3a-a973-a1969bb2f915)
2026-07-01 16:36:31 INFO  [WatcherApp] Nouveau mp3 publié : Lendrema.mp3 (fileId=6763d606-86fe-453b-bd57-c13d97196399)
2026-07-01 16:36:31 INFO  [WatcherApp] Nouveau mp3 publié : 18 taona.mp3 (fileId=9d076dca-c7ac-4983-a62b-32c791c7f628)
2026-07-01 16:36:31 INFO  [WatcherApp] Nouveau mp3 publié : Lendrema.mp3 (fileId=788ed6a2-138f-4cc0-a893-c1784b387da2)
2026-07-01 16:36:31 INFO  [WatcherApp] Nouveau mp3 publié : 18 taona.mp3 (fileId=f20904d6-9c96-43d4-85a2-81fb72e6e143)
2026-07-01 16:36:31 INFO  [WatcherApp] Nouveau mp3 publié : Lendrema.mp3 (fileId=f68e83b2-efe2-442a-9997-e2c203d59c79)
2026-07-01 16:36:31 INFO  [WatcherApp] Nouveau mp3 publié : 18 taona.mp3 (fileId=3157a2ac-5359-4860-a88d-654822902b4a)
2026-07-01 16:36:31 INFO  [WatcherApp] Nouveau mp3 publié : Lendrema.mp3 (fileId=86b38377-eb02-4a6d-8ebd-34b70860fe38)
2026-07-01 16:36:31 INFO  [WatcherApp] Nouveau mp3 publié : 18 taona.mp3 (fileId=234e05e3-2019-47e1-b6c3-31194bc5d900)
2026-07-01 16:36:31 INFO  [WatcherApp] Nouveau mp3 publié : Lendrema.mp3 (fileId=440c38d3-2fdf-4602-a9fa-404cb40de88d)
2026-07-01 16:36:31 INFO  [WatcherApp] Nouveau mp3 publié : 18 taona.mp3 (fileId=c5b58b4a-3fd7-4cb9-82a2-b459c62b88ab)
2026-07-01 16:36:31 INFO  [WatcherApp] Nouveau mp3 publié : Lendrema.mp3 (fileId=3646c8b8-401f-48df-b7ad-f3924ddc4411)
2026-07-01 16:36:31 INFO  [WatcherApp] Nouveau mp3 publié : 18 taona.mp3 (fileId=38c9cb7b-56a8-42ae-bb39-559e6612d169)
2026-07-01 16:36:31 INFO  [WatcherApp] Nouveau mp3 publié : Lendrema.mp3 (fileId=dc5ff2dc-cdf2-4d85-8154-33c12a03a9f3)
2026-07-01 16:36:31 INFO  [WatcherApp] Nouveau mp3 publié : 18 taona.mp3 (fileId=681285e4-eb47-4a45-85b4-437b518b5225)
2026-07-01 16:36:31 INFO  [WatcherApp] Nouveau mp3 publié : Lendrema.mp3 (fileId=a3cb7b36-e70a-4baf-bf26-d43a9fc0a9da)
2026-07-01 16:36:31 INFO  [WatcherApp] Nouveau mp3 publié : 18 taona.mp3 (fileId=9d10fa75-265c-4c1e-92dd-9031821cc47f)
2026-07-01 16:36:31 INFO  [WatcherApp] Nouveau mp3 publié : Lendrema.mp3 (fileId=f73fff9c-dede-4950-9660-c6f31dfa0e11)
2026-07-01 16:36:31 INFO  [WatcherApp] Nouveau mp3 publié : 18 taona.mp3 (fileId=f7567f94-e4b9-433a-8195-3d6b7f031ae1)
2026-07-01 16:36:31 INFO  [WatcherApp] Nouveau mp3 publié : Lendrema.mp3 (fileId=e6f96808-aa61-425d-a259-382a1755fd58)
2026-07-01 16:36:31 INFO  [WatcherApp] Nouveau mp3 publié : 18 taona.mp3 (fileId=305688cb-5de9-48e1-ab09-039b6e92d74f)
2026-07-01 16:36:31 INFO  [WatcherApp] Nouveau mp3 publié : Lendrema.mp3 (fileId=22e4ffe1-7cd1-4bfb-a53f-f7daffbf1182)
2026-07-01 16:36:31 INFO  [WatcherApp] Nouveau mp3 publié : 18 taona.mp3 (fileId=7bbff5f0-b66f-4c0e-bcda-5c12ad838c85)
2026-07-01 16:36:31 INFO  [WatcherApp] Nouveau mp3 publié : Lendrema.mp3 (fileId=0a797bf4-faf8-4a3d-bfad-34edd99586f7)
2026-07-01 16:36:31 INFO  [WatcherApp] Nouveau mp3 publié : 18 taona.mp3 (fileId=21f919f5-0878-4625-b908-d0ba4a920eb4)
2026-07-01 16:36:31 INFO  [WatcherApp] Nouveau mp3 publié : Lendrema.mp3 (fileId=232d3453-6a20-4221-9077-c8cae2599ae3)
2026-07-01 16:36:31 INFO  [WatcherApp] Nouveau mp3 publié : 18 taona.mp3 (fileId=09b4614a-5320-4f88-9f13-f6f184361661)
2026-07-01 16:36:31 INFO  [WatcherApp] Nouveau mp3 publié : Lendrema.mp3 (fileId=0efcff4b-e0a5-44a8-abf9-ed0a4d68a893)
2026-07-01 16:36:31 INFO  [WatcherApp] Nouveau mp3 publié : 18 taona.mp3 (fileId=229b4d5a-2872-4706-b3c3-aa22da342be1)
2026-07-01 16:36:31 INFO  [WatcherApp] Nouveau mp3 publié : Lendrema.mp3 (fileId=81dce1ae-0fef-44dd-91bb-27fc5199f0b0)
2026-07-01 16:36:31 INFO  [WatcherApp] Nouveau mp3 publié : 18 taona.mp3 (fileId=dabf338d-c667-4327-91d8-899f477376bd)
2026-07-01 16:36:31 INFO  [WatcherApp] Nouveau mp3 publié : Lendrema.mp3 (fileId=9770dbb7-3940-4a2a-bbf4-fc2668403aa9)
2026-07-01 16:36:31 INFO  [WatcherApp] Nouveau mp3 publié : 18 taona.mp3 (fileId=53b2392b-5a38-422d-adb1-7d123dda8c16)
2026-07-01 16:36:31 INFO  [WatcherApp] Nouveau mp3 publié : Lendrema.mp3 (fileId=b5d086b4-ff5d-4db4-9366-0da8f2ec8a14)
2026-07-01 16:36:31 INFO  [WatcherApp] Nouveau mp3 publié : 18 taona.mp3 (fileId=44c82c24-e7ec-48b7-ae19-a9e9ed305521)
2026-07-01 16:36:31 INFO  [WatcherApp] Nouveau mp3 publié : Lendrema.mp3 (fileId=674b7a18-1dc5-4790-bcd4-938316a91676)
2026-07-01 16:36:31 INFO  [WatcherApp] Nouveau mp3 publié : 18 taona.mp3 (fileId=38f046b7-d0eb-4ddd-be45-d53e9993d9c1)
2026-07-01 16:36:31 INFO  [WatcherApp] Nouveau mp3 publié : Lendrema.mp3 (fileId=19ebb87d-2e15-45a5-8301-bb93fd494b2c)
2026-07-01 16:36:31 INFO  [WatcherApp] Nouveau mp3 publié : 18 taona.mp3 (fileId=ceba234e-5a68-480f-b035-b7485a040285)
2026-07-01 16:36:31 INFO  [WatcherApp] Nouveau mp3 publié : Lendrema.mp3 (fileId=be73c7fe-d585-4d79-a58b-5d52755be2f7)
2026-07-01 16:36:31 INFO  [WatcherApp] Nouveau mp3 publié : 18 taona.mp3 (fileId=618b536a-3db2-48e7-b027-ae7ffb049374)
2026-07-01 16:36:31 INFO  [WatcherApp] Nouveau mp3 publié : Lendrema.mp3 (fileId=cb0eb4ec-f168-44c0-a56d-814e680c0486)
2026-07-01 16:36:31 INFO  [WatcherApp] Nouveau mp3 publié : 18 taona.mp3 (fileId=6b91e115-e1f1-4ddf-8604-3ef153388e3e)
2026-07-01 16:36:31 INFO  [WatcherApp] Nouveau mp3 publié : Lendrema.mp3 (fileId=246fb0de-821c-489b-821b-45ef6bcbd0b1)
2026-07-01 16:36:31 INFO  [WatcherApp] Nouveau mp3 publié : 18 taona.mp3 (fileId=5c28e110-28e6-4227-a36d-143d5bf475ab)
2026-07-01 16:36:31 INFO  [WatcherApp] Nouveau mp3 publié : Lendrema.mp3 (fileId=c6045ba5-4078-4f99-bf71-fd6bd7aecf9e)
2026-07-01 16:36:31 INFO  [WatcherApp] Nouveau mp3 publié : 18 taona.mp3 (fileId=8af2e4ce-aa48-4b4d-9869-0406140b7a03)
2026-07-01 16:36:31 INFO  [WatcherApp] Nouveau mp3 publié : Lendrema.mp3 (fileId=15144961-1bbf-4e96-b97a-dd9dc74b3bc5)
2026-07-01 16:36:31 INFO  [WatcherApp] Nouveau mp3 publié : 18 taona.mp3 (fileId=aa8e35fd-2242-4862-848a-83938b9b08ec)
2026-07-01 16:36:31 INFO  [WatcherApp] Nouveau mp3 publié : Lendrema.mp3 (fileId=3bfe03ef-5f2f-4113-92af-e3ab3e78c57d)
2026-07-01 16:36:31 INFO  [WatcherApp] Nouveau mp3 publié : 18 taona.mp3 (fileId=f96bdd78-409f-4a93-89e2-bca33467598e)
2026-07-01 16:36:31 INFO  [WatcherApp] Nouveau mp3 publié : Lendrema.mp3 (fileId=5fb3eb3d-4e06-4a41-9281-d9782262f6e6)
2026-07-01 16:36:31 INFO  [WatcherApp] Nouveau mp3 publié : 18 taona.mp3 (fileId=6c6263be-c13b-44d0-b34f-234791c6a07c)
2026-07-01 16:36:31 INFO  [WatcherApp] Nouveau mp3 publié : Lendrema.mp3 (fileId=ec8697da-dd41-4cf0-b2dd-5b05a9e9151f)
2026-07-01 16:36:31 INFO  [WatcherApp] Nouveau mp3 publié : 18 taona.mp3 (fileId=ad3effe4-edf3-46d5-b22b-c908562bfda1)
2026-07-01 16:36:31 INFO  [WatcherApp] Nouveau mp3 publié : Lendrema.mp3 (fileId=80c04fbc-37a7-44bc-a1b6-49d92f479e47)
2026-07-01 16:36:31 INFO  [WatcherApp] Nouveau mp3 publié : 18 taona.mp3 (fileId=21a3df3f-d0a5-4d0a-841f-b40f11d51bd3)
2026-07-01 16:36:31 INFO  [WatcherApp] Nouveau mp3 publié : Lendrema.mp3 (fileId=711a47a3-2f5a-47e5-b07c-88866212c8f2)
2026-07-01 16:36:31 INFO  [WatcherApp] Nouveau mp3 publié : 18 taona.mp3 (fileId=f5f8696a-3a29-4511-a0a7-5cc0c4ec2c46)
2026-07-01 16:36:31 INFO  [WatcherApp] Nouveau mp3 publié : Lendrema.mp3 (fileId=2f8f5e62-a5c8-47ba-9399-fd61dd32b84a)
2026-07-01 16:36:31 INFO  [WatcherApp] Nouveau mp3 publié : 18 taona.mp3 (fileId=7d231ef1-414c-4f89-887c-08da95ae9466)
2026-07-01 16:36:31 INFO  [WatcherApp] Nouveau mp3 publié : Lendrema.mp3 (fileId=26bdaf57-2f6e-4043-8663-674e80fcf9be)
2026-07-01 16:36:31 INFO  [WatcherApp] Nouveau mp3 publié : 18 taona.mp3 (fileId=fff43da9-ee17-4b7d-aeec-80b90b6cac4a)
2026-07-01 16:36:31 INFO  [WatcherApp] Nouveau mp3 publié : Lendrema.mp3 (fileId=2cccb6f2-0236-4d26-b1f6-619c04492a2d)
2026-07-01 16:36:31 INFO  [WatcherApp] Nouveau mp3 publié : 18 taona.mp3 (fileId=4134abbd-11f5-409f-9cd0-dfc4be87cd7d)
2026-07-01 16:36:31 INFO  [WatcherApp] Nouveau mp3 publié : Lendrema.mp3 (fileId=2915b549-b412-426f-b475-43e64efb39f0)
2026-07-01 16:36:31 INFO  [WatcherApp] Nouveau mp3 publié : 18 taona.mp3 (fileId=3fd848ab-4a67-4dc3-9230-792c6f048aaa)
2026-07-01 16:36:31 INFO  [WatcherApp] Nouveau mp3 publié : Lendrema.mp3 (fileId=1e56ebfb-d2a2-4a59-85f0-d6ba3cbf2b9b)
2026-07-01 16:36:31 INFO  [WatcherApp] Nouveau mp3 publié : 18 taona.mp3 (fileId=28a48f01-c19a-4f04-a2c2-f6ef92a27416)
2026-07-01 16:36:31 INFO  [WatcherApp] Nouveau mp3 publié : Lendrema.mp3 (fileId=3daceca0-fdde-4926-836c-81e99e01f2a3)
2026-07-01 16:36:31 INFO  [WatcherApp] Nouveau mp3 publié : 18 taona.mp3 (fileId=bc6cfdf2-99f4-45a5-bf03-b4873551ca2d)
2026-07-01 16:36:31 INFO  [WatcherApp] Nouveau mp3 publié : Lendrema.mp3 (fileId=c8e8bc21-081a-42cc-9067-44c9392bec1b)
2026-07-01 16:36:31 INFO  [WatcherApp] Nouveau mp3 publié : 18 taona.mp3 (fileId=d7237f1d-9a99-451d-8574-15da42c91257)
2026-07-01 16:36:31 INFO  [WatcherApp] Nouveau mp3 publié : Lendrema.mp3 (fileId=05ba5530-e5af-47b5-a690-bb4bf1e78c08)
2026-07-01 16:36:31 INFO  [WatcherApp] Nouveau mp3 publié : 18 taona.mp3 (fileId=8bf8777d-ed4c-46b0-98c0-98d8f8a04589)
2026-07-01 16:36:31 INFO  [WatcherApp] Nouveau mp3 publié : Lendrema.mp3 (fileId=58682992-4b8b-424c-8d58-a9cf9c035ce6)
2026-07-01 16:36:31 INFO  [WatcherApp] Nouveau mp3 publié : 18 taona.mp3 (fileId=9a82d48a-1484-46cd-8740-7e69558aa840)
2026-07-01 16:36:31 INFO  [WatcherApp] Nouveau mp3 publié : Lendrema.mp3 (fileId=b017cad9-9069-482a-a40e-798998b62706)
2026-07-01 16:36:31 INFO  [WatcherApp] Nouveau mp3 publié : 18 taona.mp3 (fileId=03d1c1ff-23d1-49ce-81ce-b90a3b9a1332)
2026-07-01 16:36:31 INFO  [WatcherApp] Nouveau mp3 publié : Lendrema.mp3 (fileId=47f1db7e-ab37-4c97-b4b0-26f665ec8777)
2026-07-01 16:36:31 INFO  [WatcherApp] Nouveau mp3 publié : 18 taona.mp3 (fileId=60402193-5f74-42d3-83ff-a044124020de)
2026-07-01 16:36:31 INFO  [WatcherApp] Nouveau mp3 publié : Lendrema.mp3 (fileId=f2fd2bf8-0f45-41bf-805a-bb4e36c1c98d)
2026-07-01 16:36:31 INFO  [WatcherApp] Nouveau mp3 publié : 18 taona.mp3 (fileId=c8bdf1b7-71b9-4e14-b932-3fb2bf7d7c7c)
2026-07-01 16:36:31 INFO  [WatcherApp] Nouveau mp3 publié : Lendrema.mp3 (fileId=c34a7770-42f2-46de-828e-50c75947e061)
2026-07-01 16:36:31 INFO  [WatcherApp] Nouveau mp3 publié : 18 taona.mp3 (fileId=c913321c-35de-44f4-ae26-7ed22f12b671)
2026-07-01 16:36:31 INFO  [WatcherApp] Nouveau mp3 publié : Lendrema.mp3 (fileId=f62ee69e-b23e-475a-b275-3fb149450a30)
2026-07-01 16:36:31 INFO  [WatcherApp] Nouveau mp3 publié : 18 taona.mp3 (fileId=cc81f7ce-f902-4937-aa9d-8ea683b122c2)
2026-07-01 16:36:31 INFO  [WatcherApp] Nouveau mp3 publié : Lendrema.mp3 (fileId=008fc9cd-c2c3-4402-ab08-0d691463c048)
2026-07-01 16:36:31 INFO  [WatcherApp] Nouveau mp3 publié : 18 taona.mp3 (fileId=4ddf3aa5-b0cc-4f7b-8bf0-ed402609f88c)
2026-07-01 16:36:31 INFO  [WatcherApp] Nouveau mp3 publié : Lendrema.mp3 (fileId=84645254-c3f5-47a9-8acf-c82f43353abb)
2026-07-01 16:36:31 INFO  [WatcherApp] Nouveau mp3 publié : 18 taona.mp3 (fileId=ba844eec-be50-40aa-a8b9-4c8fbe411688)
2026-07-01 16:36:31 INFO  [WatcherApp] Nouveau mp3 publié : Lendrema.mp3 (fileId=ac783315-924f-41e0-acea-5a37bb822951)
2026-07-01 16:36:31 INFO  [WatcherApp] Nouveau mp3 publié : 18 taona.mp3 (fileId=7fa479ed-cf63-4f84-b968-ed09d2bcf4a8)
2026-07-01 16:36:31 INFO  [WatcherApp] Nouveau mp3 publié : Lendrema.mp3 (fileId=a248f3cb-2bf4-463b-8c80-6341050bab67)
2026-07-01 16:36:31 INFO  [WatcherApp] Nouveau mp3 publié : 18 taona.mp3 (fileId=df21f418-62da-47ed-85a5-9975a0cd5510)
2026-07-01 16:36:31 INFO  [WatcherApp] Nouveau mp3 publié : Lendrema.mp3 (fileId=1b0b4a81-3fa4-4f11-81ea-dde6cbec957f)
2026-07-01 16:36:31 INFO  [WatcherApp] Nouveau mp3 publié : 18 taona.mp3 (fileId=b91f532e-61fe-47f9-afee-c982b6c76656)
2026-07-01 16:36:31 INFO  [WatcherApp] Nouveau mp3 publié : Lendrema.mp3 (fileId=cfbdafac-bff2-48af-bd93-df32a70958e6)
2026-07-01 16:36:31 INFO  [WatcherApp] Nouveau mp3 publié : 18 taona.mp3 (fileId=3227ddff-d370-411c-8050-e087da803b24)
2026-07-01 16:36:31 INFO  [WatcherApp] Nouveau mp3 publié : Lendrema.mp3 (fileId=aa2e1c9d-2da4-4f2d-a37e-401362b9c4fe)
2026-07-01 16:36:32 INFO  [WatcherApp] Nouveau mp3 publié : 18 taona.mp3 (fileId=42733d19-151d-4654-b6d5-ee64fd0cc3f6)
2026-07-01 16:36:32 INFO  [WatcherApp] Nouveau mp3 publié : Lendrema.mp3 (fileId=3747df31-0272-46b9-a75f-708eec64c594)
2026-07-01 16:36:32 INFO  [WatcherApp] Nouveau mp3 publié : 18 taona.mp3 (fileId=6e50a2be-bc7d-4102-84ce-1ce1e68dccdc)
2026-07-01 16:36:32 INFO  [WatcherApp] Nouveau mp3 publié : Lendrema.mp3 (fileId=db9ccb0e-2a39-4193-abf0-5f9c1382a571)
2026-07-01 16:36:32 INFO  [WatcherApp] Nouveau mp3 publié : 18 taona.mp3 (fileId=8ba78390-2221-4ffa-90a5-749c2a8c3aae)
2026-07-01 16:36:32 INFO  [WatcherApp] Nouveau mp3 publié : Lendrema.mp3 (fileId=24d99877-5afa-47c8-8dab-4d744ea24d14)
2026-07-01 16:36:32 INFO  [WatcherApp] Nouveau mp3 publié : 18 taona.mp3 (fileId=1901d49a-0b39-469d-bca5-781a9a92e61d)
2026-07-01 16:36:32 INFO  [WatcherApp] Nouveau mp3 publié : Lendrema.mp3 (fileId=b955420e-7b6e-4aed-bb96-b07d78556399)
2026-07-01 16:36:32 INFO  [WatcherApp] Nouveau mp3 publié : 18 taona.mp3 (fileId=e98d3b22-9390-474c-9ccd-4dd366563cad)
2026-07-01 16:36:32 INFO  [WatcherApp] Nouveau mp3 publié : Lendrema.mp3 (fileId=ca3b74dc-0439-46ae-9cba-f0988b61612c)
2026-07-01 16:36:32 INFO  [WatcherApp] Nouveau mp3 publié : 18 taona.mp3 (fileId=0f017538-05fc-497d-ba37-6b5f433283d5)
2026-07-01 16:36:32 INFO  [WatcherApp] Nouveau mp3 publié : Lendrema.mp3 (fileId=ab34dba3-d98f-4e00-ad46-26fe15d70c2e)
2026-07-01 16:36:32 INFO  [WatcherApp] Nouveau mp3 publié : 18 taona.mp3 (fileId=a736767f-a93a-4667-97b7-0afdb26c79ca)
2026-07-01 16:36:32 INFO  [WatcherApp] Nouveau mp3 publié : Lendrema.mp3 (fileId=8ba10c0e-1235-473a-8989-694bb5b2b89f)
2026-07-01 16:36:32 INFO  [WatcherApp] Nouveau mp3 publié : 18 taona.mp3 (fileId=8a28c0c7-9e23-48ad-bfe6-6263ba13d872)
2026-07-01 16:36:32 INFO  [WatcherApp] Nouveau mp3 publié : Lendrema.mp3 (fileId=66445e87-e3be-4ee9-b27a-214555e5bfe9)
2026-07-01 16:36:32 INFO  [WatcherApp] Nouveau mp3 publié : 18 taona.mp3 (fileId=dc03f55b-93cc-44cd-8b30-5f8de40672a1)
2026-07-01 16:36:32 INFO  [WatcherApp] Nouveau mp3 publié : Lendrema.mp3 (fileId=7977492e-8028-4171-a97b-204b7e3d5347)
2026-07-01 16:36:32 INFO  [WatcherApp] Nouveau mp3 publié : 18 taona.mp3 (fileId=5e2a754e-e7c7-495e-bbeb-ec9c267dbadb)
2026-07-01 16:36:32 INFO  [WatcherApp] Nouveau mp3 publié : Lendrema.mp3 (fileId=43301730-a727-41ad-ba35-f1b6034b9cad)
2026-07-01 16:36:32 INFO  [WatcherApp] Nouveau mp3 publié : 18 taona.mp3 (fileId=c3d9bdeb-d66a-48a9-9238-72f57439b3c5)
2026-07-01 16:36:32 INFO  [WatcherApp] Nouveau mp3 publié : Lendrema.mp3 (fileId=77373de0-739a-49a2-9cbc-783c27565c5f)
2026-07-01 16:36:32 INFO  [WatcherApp] Nouveau mp3 publié : 18 taona.mp3 (fileId=e998dd53-e7c5-4a88-8753-3b4249f30b40)
2026-07-01 16:36:32 INFO  [WatcherApp] Nouveau mp3 publié : Lendrema.mp3 (fileId=d9b81fca-ebe7-4aee-be6e-4a4e2fc3f216)
2026-07-01 16:36:32 INFO  [WatcherApp] Nouveau mp3 publié : 18 taona.mp3 (fileId=cb4cb4fb-d592-49f1-ad47-cf873da84bac)
2026-07-01 16:36:32 INFO  [WatcherApp] Nouveau mp3 publié : Lendrema.mp3 (fileId=c1590cdb-d12c-410f-88d4-e9a2a369fd67)
2026-07-01 16:36:32 INFO  [WatcherApp] Nouveau mp3 publié : 18 taona.mp3 (fileId=06381cb2-f32a-4adf-91d8-5cbb9b627093)
2026-07-01 16:36:33 INFO  [WatcherApp] Nouveau mp3 publié : Lendrema.mp3 (fileId=b062c87b-30a9-4b9e-a039-9cfa2b532aa1)
2026-07-01 16:36:33 INFO  [WatcherApp] Nouveau mp3 publié : 18 taona.mp3 (fileId=721b3a89-0bc0-4beb-9a5d-1f0dc8cb6ae0)
2026-07-01 16:36:33 INFO  [WatcherApp] Nouveau mp3 publié : Lendrema.mp3 (fileId=edaa328c-aad1-42d9-9856-b60d8ea49733)
2026-07-01 16:36:33 INFO  [WatcherApp] Nouveau mp3 publié : 18 taona.mp3 (fileId=d1c737dd-3f8d-4df5-b99c-46a42b6fa743)
2026-07-01 16:36:33 INFO  [WatcherApp] Nouveau mp3 publié : Lendrema.mp3 (fileId=cf68c5a2-fa36-4d76-893a-e1f0ee4e1aef)
2026-07-01 16:36:33 INFO  [WatcherApp] Nouveau mp3 publié : 18 taona.mp3 (fileId=7206a7f6-2277-45f6-b931-b509774e3d87)
2026-07-01 16:36:33 INFO  [WatcherApp] Nouveau mp3 publié : Lendrema.mp3 (fileId=601795c1-e14a-4cf2-b1cc-cb52e9d1cbd3)
2026-07-01 16:36:33 INFO  [WatcherApp] Nouveau mp3 publié : 18 taona.mp3 (fileId=3da5bca0-aaf3-44a3-bd90-a30d92bb67d3)
2026-07-01 16:36:33 INFO  [WatcherApp] Nouveau mp3 publié : Lendrema.mp3 (fileId=bad6d2b2-2680-4f74-875e-69948642799d)
2026-07-01 16:36:33 INFO  [WatcherApp] Nouveau mp3 publié : 18 taona.mp3 (fileId=43e58da0-ee25-4075-8d7d-f86030412a88)
2026-07-01 16:36:33 INFO  [WatcherApp] Nouveau mp3 publié : Lendrema.mp3 (fileId=57401050-1061-48b3-b1e8-8bd10e5475e5)
2026-07-01 16:36:33 INFO  [WatcherApp] Nouveau mp3 publié : 18 taona.mp3 (fileId=f5ebdfab-71f1-4617-b904-31b8b3924a8c)
2026-07-01 16:36:33 INFO  [WatcherApp] Nouveau mp3 publié : Lendrema.mp3 (fileId=52539c77-7dfa-4b05-9f60-e98d938ffbeb)
2026-07-01 16:36:33 INFO  [WatcherApp] Nouveau mp3 publié : 18 taona.mp3 (fileId=cbecc40e-a080-482f-b207-641ee9509d20)
2026-07-01 16:36:33 INFO  [WatcherApp] Nouveau mp3 publié : Lendrema.mp3 (fileId=077aec1a-8fbc-426e-b4cb-444ba16b5d44)
2026-07-01 16:36:33 INFO  [WatcherApp] Nouveau mp3 publié : 18 taona.mp3 (fileId=ce7a3bfd-6a6e-4667-919b-122cb237bd7d)
2026-07-01 16:36:33 INFO  [WatcherApp] Nouveau mp3 publié : Lendrema.mp3 (fileId=8c28549d-6935-4886-bc6f-36160a1c1d52)
2026-07-01 16:36:33 INFO  [WatcherApp] Nouveau mp3 publié : 18 taona.mp3 (fileId=0580b960-09cd-4ab3-9d09-60d74eee094c)
2026-07-01 16:36:33 INFO  [WatcherApp] Nouveau mp3 publié : Lendrema.mp3 (fileId=1cc05508-2cbf-4f25-8710-0849dd461309)
2026-07-01 16:36:33 INFO  [WatcherApp] Nouveau mp3 publié : 18 taona.mp3 (fileId=7dcdb24c-fcd2-4d41-ac51-204e24c37f63)
2026-07-01 16:36:33 INFO  [WatcherApp] Nouveau mp3 publié : Lendrema.mp3 (fileId=704bfca7-4cf7-40b2-95ad-3fc25bd6aa5a)
2026-07-01 16:36:33 INFO  [WatcherApp] Nouveau mp3 publié : 18 taona.mp3 (fileId=41122ced-cb49-468e-82f9-83291e7db563)
2026-07-01 16:36:33 INFO  [WatcherApp] Nouveau mp3 publié : Lendrema.mp3 (fileId=0ad4956d-71de-4e43-923d-5cf4537f286e)
2026-07-01 16:36:33 INFO  [WatcherApp] Nouveau mp3 publié : 18 taona.mp3 (fileId=fee72f18-8bff-4544-bdca-a83ec4f3a3d4)
2026-07-01 16:36:33 INFO  [WatcherApp] Nouveau mp3 publié : Lendrema.mp3 (fileId=794a7ffb-2dd6-4b97-b20d-fc9d5c67027b)
2026-07-01 16:36:33 INFO  [WatcherApp] Nouveau mp3 publié : 18 taona.mp3 (fileId=60cceaea-201d-4497-ab08-e5229e67fb74)
2026-07-01 16:36:33 INFO  [WatcherApp] Nouveau mp3 publié : Lendrema.mp3 (fileId=f5ff64a4-947e-4618-bc7e-b07ac2ce575d)
2026-07-01 16:36:33 INFO  [WatcherApp] Nouveau mp3 publié : 18 taona.mp3 (fileId=b1d1632a-5920-4db5-b2da-8c8cbec2fc2e)
2026-07-01 16:36:33 INFO  [WatcherApp] Nouveau mp3 publié : Lendrema.mp3 (fileId=854eef4c-5cfc-4f58-b6c0-fb53e8ab2309)
2026-07-01 16:36:33 INFO  [WatcherApp] Nouveau mp3 publié : 18 taona.mp3 (fileId=66f8cad1-3586-4ad5-8992-64f104d88a8e)
2026-07-01 16:36:33 INFO  [WatcherApp] Nouveau mp3 publié : Lendrema.mp3 (fileId=7bbbd9ec-229b-404a-b551-4f24797fdaa8)
2026-07-01 16:36:33 INFO  [WatcherApp] Nouveau mp3 publié : 18 taona.mp3 (fileId=02aa5233-7c20-44c4-9e1b-d5d8abbecc22)
2026-07-01 16:36:33 INFO  [WatcherApp] Nouveau mp3 publié : Lendrema.mp3 (fileId=db8b97aa-3c49-48c5-b719-9eda3605ed22)
2026-07-01 16:36:33 INFO  [WatcherApp] Nouveau mp3 publié : 18 taona.mp3 (fileId=0223be5c-021f-48e8-ae0b-4a339ea103b2)
2026-07-01 16:36:33 INFO  [WatcherApp] Nouveau mp3 publié : Lendrema.mp3 (fileId=4a42f6c5-ed1c-417a-9372-388263b342c6)
2026-07-01 16:36:33 INFO  [WatcherApp] Nouveau mp3 publié : 18 taona.mp3 (fileId=75277918-c73d-4bf5-8255-e608451bf869)
2026-07-01 16:36:33 INFO  [WatcherApp] Nouveau mp3 publié : Lendrema.mp3 (fileId=2fef9ea7-0cb0-4e75-a65b-6fd8cdef1cca)
2026-07-01 16:36:33 INFO  [WatcherApp] Nouveau mp3 publié : 18 taona.mp3 (fileId=3b83269c-e0b2-43f4-b40d-fb1c502c4055)
2026-07-01 16:36:33 INFO  [WatcherApp] Nouveau mp3 publié : Lendrema.mp3 (fileId=f3cb0637-ff05-4bbd-89fe-6f32cf47760b)
2026-07-01 16:36:33 INFO  [WatcherApp] Nouveau mp3 publié : 18 taona.mp3 (fileId=7d60b45c-51cd-4afb-aca7-28a9c3132413)
2026-07-01 16:36:33 INFO  [WatcherApp] Nouveau mp3 publié : Lendrema.mp3 (fileId=2b28e593-6914-4cce-8ad0-525926e0066b)
2026-07-01 16:36:33 INFO  [WatcherApp] Nouveau mp3 publié : 18 taona.mp3 (fileId=6c6a3684-b6f4-453a-8561-f16c8f752182)
2026-07-01 16:36:33 INFO  [WatcherApp] Nouveau mp3 publié : Lendrema.mp3 (fileId=321f41b5-664a-47f2-8ba9-087257c304f0)
2026-07-01 16:36:33 INFO  [WatcherApp] Nouveau mp3 publié : 18 taona.mp3 (fileId=f25ad08c-d645-4b0e-bf05-6031502a4c3c)
2026-07-01 16:36:33 INFO  [WatcherApp] Nouveau mp3 publié : Lendrema.mp3 (fileId=46b95302-8501-4338-8555-cbaf98cf53b0)
2026-07-01 16:36:33 INFO  [WatcherApp] Nouveau mp3 publié : 18 taona.mp3 (fileId=955880c1-adc8-4245-9e5a-cda06840bf7c)
2026-07-01 16:36:33 INFO  [WatcherApp] Nouveau mp3 publié : Lendrema.mp3 (fileId=86374593-d073-412b-a66c-d4ff28166480)
2026-07-01 16:36:33 INFO  [WatcherApp] Nouveau mp3 publié : 18 taona.mp3 (fileId=4780192c-84a2-4edb-aeb5-800a6ca70df8)
2026-07-01 16:36:33 INFO  [WatcherApp] Nouveau mp3 publié : Lendrema.mp3 (fileId=7b601384-dd31-413e-ad1d-94882235b151)
2026-07-01 16:36:33 INFO  [WatcherApp] Nouveau mp3 publié : 18 taona.mp3 (fileId=e6fcb595-d631-4b21-aa31-06d48e5124cc)
2026-07-01 16:36:33 INFO  [WatcherApp] Nouveau mp3 publié : Lendrema.mp3 (fileId=c572ffff-132f-4b5c-8908-40c18997746c)
2026-07-01 16:36:33 INFO  [WatcherApp] Nouveau mp3 publié : 18 taona.mp3 (fileId=9186d272-acf5-462f-a0d7-ca54a3eb0ca6)
2026-07-01 16:36:33 INFO  [WatcherApp] Nouveau mp3 publié : Lendrema.mp3 (fileId=812ae0ba-85cb-4337-9a43-59a7a29d4d9b)
2026-07-01 16:36:33 INFO  [WatcherApp] Nouveau mp3 publié : 18 taona.mp3 (fileId=a517579d-9397-4c3b-8d4b-16848fcbaaa9)
2026-07-01 16:36:33 INFO  [WatcherApp] Nouveau mp3 publié : Lendrema.mp3 (fileId=51ed7b5f-24b7-4806-9588-b61e924e11a6)
2026-07-01 16:36:33 INFO  [WatcherApp] Nouveau mp3 publié : 18 taona.mp3 (fileId=eab3ca43-d5ea-484d-9ad0-619d8233fe14)
2026-07-01 16:36:33 INFO  [WatcherApp] Nouveau mp3 publié : Lendrema.mp3 (fileId=8426879c-00da-4c17-be6f-543bc257ef1a)
2026-07-01 16:36:33 INFO  [WatcherApp] Nouveau mp3 publié : 18 taona.mp3 (fileId=531a2eef-d24d-4768-af00-8796e3d2481f)
2026-07-01 16:36:33 INFO  [WatcherApp] Nouveau mp3 publié : Lendrema.mp3 (fileId=d499da3c-c505-4409-8e9d-27d186ab4b55)
2026-07-01 16:36:33 INFO  [WatcherApp] Nouveau mp3 publié : 18 taona.mp3 (fileId=078ca569-b7e0-4137-9828-a36488d8ee08)
2026-07-01 16:36:33 INFO  [WatcherApp] Nouveau mp3 publié : Lendrema.mp3 (fileId=b4dd49d5-59ed-49fa-bdfb-64daf6c4a1d2)
2026-07-01 16:36:33 INFO  [WatcherApp] Nouveau mp3 publié : 18 taona.mp3 (fileId=ad457b89-1dab-441b-837c-b0d7cc860ead)
2026-07-01 16:36:33 INFO  [WatcherApp] Nouveau mp3 publié : Lendrema.mp3 (fileId=a7825cf2-0a38-473b-8228-cdd872e82714)
2026-07-01 16:36:33 INFO  [WatcherApp] Nouveau mp3 publié : 18 taona.mp3 (fileId=442ac665-7cfe-488f-86ab-fede933364bd)
2026-07-01 16:36:33 INFO  [WatcherApp] Nouveau mp3 publié : Lendrema.mp3 (fileId=9db18c86-3938-4644-a5b9-c32b3b829ca9)
2026-07-01 16:36:33 INFO  [WatcherApp] Nouveau mp3 publié : 18 taona.mp3 (fileId=459dc9f3-a409-4f21-95ae-3edfa0c9970f)
2026-07-01 16:36:33 INFO  [WatcherApp] Nouveau mp3 publié : Lendrema.mp3 (fileId=5a26647e-258e-4d3e-85b0-bf10c17b013e)
2026-07-01 16:36:33 INFO  [WatcherApp] Nouveau mp3 publié : 18 taona.mp3 (fileId=ebe618fb-9925-4171-ab79-a6fba59ec8d6)
2026-07-01 16:36:33 INFO  [WatcherApp] Nouveau mp3 publié : Lendrema.mp3 (fileId=24c99d65-7069-41b6-8338-f0779555d438)
2026-07-01 16:36:33 INFO  [WatcherApp] Nouveau mp3 publié : 18 taona.mp3 (fileId=1331c0cd-99d3-442b-b617-4b343568d852)
2026-07-01 16:36:33 INFO  [WatcherApp] Nouveau mp3 publié : Lendrema.mp3 (fileId=a9d070c0-c3fd-4501-9e08-d9d1063c4b78)
2026-07-01 16:36:33 INFO  [WatcherApp] Nouveau mp3 publié : 18 taona.mp3 (fileId=9d946d2a-a8fe-4ba7-8f02-c894a759bca2)
2026-07-01 16:36:33 INFO  [WatcherApp] Nouveau mp3 publié : Lendrema.mp3 (fileId=c2b77d1b-515f-499e-81ea-520d80feca9e)
2026-07-01 16:36:33 INFO  [WatcherApp] Nouveau mp3 publié : 18 taona.mp3 (fileId=71f7265d-00a7-4dc2-a8b4-1be5a21fec5c)
2026-07-01 16:36:33 INFO  [WatcherApp] Nouveau mp3 publié : Lendrema.mp3 (fileId=ace94e9a-070f-4b08-9e96-96e804880fbd)
2026-07-01 16:36:33 INFO  [WatcherApp] Nouveau mp3 publié : 18 taona.mp3 (fileId=f1af1e24-89ec-4e21-baa5-2261b69dc1ce)
2026-07-01 16:36:33 INFO  [WatcherApp] Nouveau mp3 publié : Lendrema.mp3 (fileId=b2cb8096-48e4-4ebe-b077-3e4765adffad)
2026-07-01 16:36:33 INFO  [WatcherApp] Nouveau mp3 publié : 18 taona.mp3 (fileId=0b1eaae3-656a-442e-9de1-a3dc07e94c6c)
2026-07-01 16:36:33 INFO  [WatcherApp] Nouveau mp3 publié : Lendrema.mp3 (fileId=31617b55-febd-4580-a77c-e940dc3a5f01)
2026-07-01 16:36:33 INFO  [WatcherApp] Nouveau mp3 publié : 18 taona.mp3 (fileId=a3c59532-14fe-479d-9c70-65d3b5d57241)
2026-07-01 16:36:33 INFO  [WatcherApp] Nouveau mp3 publié : Lendrema.mp3 (fileId=2419491f-338a-4f83-8aea-1c1cba8e35cd)
2026-07-01 16:36:33 INFO  [WatcherApp] Nouveau mp3 publié : 18 taona.mp3 (fileId=dc8f8a7a-fc7f-4449-a7e8-a72909708e28)
2026-07-01 16:36:33 INFO  [WatcherApp] Nouveau mp3 publié : Lendrema.mp3 (fileId=42a5687d-025d-4713-9622-0f35b8f1b55a)
2026-07-01 16:36:33 INFO  [WatcherApp] Nouveau mp3 publié : 18 taona.mp3 (fileId=16d012d5-5482-4911-9e29-b00e68c03ef2)
2026-07-01 16:36:33 INFO  [WatcherApp] Nouveau mp3 publié : Lendrema.mp3 (fileId=09ae43dc-cc15-4ae3-9a5f-b0414fb51c69)
2026-07-01 16:36:33 INFO  [WatcherApp] Nouveau mp3 publié : 18 taona.mp3 (fileId=68d95be5-c051-44c5-a688-5adcac502384)
2026-07-01 16:36:33 INFO  [WatcherApp] Nouveau mp3 publié : Lendrema.mp3 (fileId=8410d5c2-4eab-4c00-b22d-697ac69076a0)
2026-07-01 16:36:33 INFO  [WatcherApp] Nouveau mp3 publié : 18 taona.mp3 (fileId=eab64c47-73e9-44f0-8e7d-09bcc19bdbc4)
2026-07-01 16:36:33 INFO  [WatcherApp] Nouveau mp3 publié : Lendrema.mp3 (fileId=fe574fa3-dfd2-482f-b21f-ae189ae5065d)
2026-07-01 16:36:33 INFO  [WatcherApp] Nouveau mp3 publié : 18 taona.mp3 (fileId=d3d28214-6a11-4786-be67-0f82064b8b6c)
2026-07-01 16:36:33 INFO  [WatcherApp] Nouveau mp3 publié : Lendrema.mp3 (fileId=f950e8e3-f41f-4634-b71f-b3cfba626e77)
2026-07-01 16:36:33 INFO  [WatcherApp] Nouveau mp3 publié : 18 taona.mp3 (fileId=3a30bd02-c445-4a1b-83dc-c327638d5716)
2026-07-01 16:36:33 INFO  [WatcherApp] Nouveau mp3 publié : Lendrema.mp3 (fileId=855c3351-0f7b-4c0e-9d5e-fb3ee4602742)
2026-07-01 16:36:33 INFO  [WatcherApp] Nouveau mp3 publié : 18 taona.mp3 (fileId=d95abfa3-706f-4f3b-80c8-a6845ca60352)
2026-07-01 16:36:33 INFO  [WatcherApp] Nouveau mp3 publié : Lendrema.mp3 (fileId=a8047c20-b5a9-460e-b92d-f96168d7ffdc)
2026-07-01 16:36:33 INFO  [WatcherApp] Nouveau mp3 publié : 18 taona.mp3 (fileId=065bd888-f4ac-4966-9d78-2906e3bffda6)
2026-07-01 16:36:33 INFO  [WatcherApp] Nouveau mp3 publié : Lendrema.mp3 (fileId=966d4ad9-4223-4493-a9f0-8bbfc6f4f0cf)
2026-07-01 16:36:33 INFO  [WatcherApp] Nouveau mp3 publié : 18 taona.mp3 (fileId=d3d69046-71d4-4eb7-b319-7bff0760d3ff)
2026-07-01 16:36:33 INFO  [WatcherApp] Nouveau mp3 publié : Lendrema.mp3 (fileId=454e3278-7b36-44a8-9087-50a83c2ec172)
2026-07-01 16:36:33 INFO  [WatcherApp] Nouveau mp3 publié : 18 taona.mp3 (fileId=1fda45ca-312c-4c72-b883-38c661bad0dd)
2026-07-01 16:36:33 INFO  [WatcherApp] Nouveau mp3 publié : Lendrema.mp3 (fileId=c69a7b4e-2246-4d22-8d23-2a1c56857163)
2026-07-01 16:36:33 INFO  [WatcherApp] Nouveau mp3 publié : 18 taona.mp3 (fileId=6f6e1523-841a-46ab-91d2-b244b0ad432c)
2026-07-01 16:36:33 INFO  [WatcherApp] Nouveau mp3 publié : Lendrema.mp3 (fileId=ff34bccc-58d4-4c1d-8978-e3487e4c54a4)
2026-07-01 16:36:33 INFO  [WatcherApp] Nouveau mp3 publié : 18 taona.mp3 (fileId=31425a44-8f95-4574-8fb3-03766075a191)
2026-07-01 16:36:33 INFO  [WatcherApp] Nouveau mp3 publié : Lendrema.mp3 (fileId=da72d64c-f063-4557-bc27-b868a6b515ab)
2026-07-01 16:36:33 INFO  [WatcherApp] Nouveau mp3 publié : 18 taona.mp3 (fileId=b95d2c28-ae70-4b62-b98d-67f28e34f4b5)
2026-07-01 16:36:33 INFO  [WatcherApp] Nouveau mp3 publié : Lendrema.mp3 (fileId=c58f8ea4-5523-40c4-aa59-ca014e6ea927)
2026-07-01 16:36:33 INFO  [WatcherApp] Nouveau mp3 publié : 18 taona.mp3 (fileId=689be43d-a232-4b02-98b3-42928dce2563)
2026-07-01 16:36:33 INFO  [WatcherApp] Nouveau mp3 publié : Lendrema.mp3 (fileId=dcc2e7cf-8149-45a5-a529-2ca8434ebcf2)
2026-07-01 16:36:33 INFO  [WatcherApp] Nouveau mp3 publié : 18 taona.mp3 (fileId=f1e6c1b7-d67f-448a-9e72-66935782ab51)
2026-07-01 16:36:33 INFO  [WatcherApp] Nouveau mp3 publié : Lendrema.mp3 (fileId=f9ebe58c-219f-4c69-84c5-bd7cfbc5bfd6)
2026-07-01 16:36:33 INFO  [WatcherApp] Nouveau mp3 publié : 18 taona.mp3 (fileId=78f3c8e1-21d2-4e11-aaa0-395b7b466e34)
2026-07-01 16:36:33 INFO  [WatcherApp] Nouveau mp3 publié : Lendrema.mp3 (fileId=3b30e2d2-848d-4cfe-8c95-e041cc3c347f)
2026-07-01 16:36:33 INFO  [WatcherApp] Nouveau mp3 publié : 18 taona.mp3 (fileId=d3e10eea-86df-4977-bc84-70f39451fc1b)
2026-07-01 16:36:33 INFO  [WatcherApp] Nouveau mp3 publié : Lendrema.mp3 (fileId=220a43e7-a029-47dc-a934-358f16719e21)
2026-07-01 16:36:33 INFO  [WatcherApp] Nouveau mp3 publié : 18 taona.mp3 (fileId=467702bc-33d4-4fca-9c2c-0726f237d05c)
2026-07-01 16:36:33 INFO  [WatcherApp] Nouveau mp3 publié : Lendrema.mp3 (fileId=b571fe94-5e37-430d-9cfd-1ce265cc24f4)
2026-07-01 16:36:33 INFO  [WatcherApp] Nouveau mp3 publié : 18 taona.mp3 (fileId=3126c14f-bd22-46e2-b0bb-635b05417669)
2026-07-01 16:36:33 INFO  [WatcherApp] Nouveau mp3 publié : Lendrema.mp3 (fileId=38a355d2-842b-461a-9a61-967b964f787f)
2026-07-01 16:36:33 INFO  [WatcherApp] Nouveau mp3 publié : 18 taona.mp3 (fileId=e2368c86-da58-4207-b0dc-9c69a359803a)
2026-07-01 16:36:33 INFO  [WatcherApp] Nouveau mp3 publié : Lendrema.mp3 (fileId=cc13cf98-ea70-4860-b0e3-5f753b81bc37)
2026-07-01 16:36:33 INFO  [WatcherApp] Nouveau mp3 publié : 18 taona.mp3 (fileId=45f1ebbc-c327-46a1-bda9-769000f124c0)
2026-07-01 16:36:33 INFO  [WatcherApp] Nouveau mp3 publié : Lendrema.mp3 (fileId=2b5c2ec5-b4db-418b-b69a-9ae6238650f0)
2026-07-01 16:36:33 INFO  [WatcherApp] Nouveau mp3 publié : 18 taona.mp3 (fileId=9c6c1b7d-b86b-410c-9c16-01fb43741400)
2026-07-01 16:36:33 INFO  [WatcherApp] Nouveau mp3 publié : Lendrema.mp3 (fileId=64392e23-5af3-47a9-9fce-2f8914aff7d9)
2026-07-01 16:36:33 INFO  [WatcherApp] Nouveau mp3 publié : 18 taona.mp3 (fileId=8bc80610-cf94-41d8-9bdf-083d73b9bf62)
2026-07-01 16:36:33 INFO  [WatcherApp] Nouveau mp3 publié : Lendrema.mp3 (fileId=c12b0ebe-eeb9-45b3-abdd-9ca34d9d433f)
2026-07-01 16:36:33 INFO  [WatcherApp] Nouveau mp3 publié : 18 taona.mp3 (fileId=7a28e21f-859f-4abc-9889-dc8ea5db8f6e)
2026-07-01 16:36:33 INFO  [WatcherApp] Nouveau mp3 publié : Lendrema.mp3 (fileId=18120a96-c305-437b-bc8c-12e37b3c103d)
2026-07-01 16:36:33 INFO  [WatcherApp] Nouveau mp3 publié : 18 taona.mp3 (fileId=ed175ad7-c9ce-4ba6-a014-43f8bc98a151)
2026-07-01 16:36:33 INFO  [WatcherApp] Nouveau mp3 publié : Lendrema.mp3 (fileId=09bbe534-7bdc-4957-acf0-766982f8c9bc)
2026-07-01 16:36:33 INFO  [WatcherApp] Nouveau mp3 publié : 18 taona.mp3 (fileId=0e2230ed-ce2a-42a2-8f34-ec18802c79b5)
2026-07-01 16:36:33 INFO  [WatcherApp] Nouveau mp3 publié : Lendrema.mp3 (fileId=79b2ee4d-4db5-41c1-ad81-74a69d30f3d4)
2026-07-01 16:36:33 INFO  [WatcherApp] Nouveau mp3 publié : 18 taona.mp3 (fileId=daa8f742-5e38-4d25-bf96-54586a243110)
2026-07-01 16:36:33 INFO  [WatcherApp] Nouveau mp3 publié : Lendrema.mp3 (fileId=326a1c57-411f-4bb3-a2f5-a922d83c5a90)
2026-07-01 16:36:33 INFO  [WatcherApp] Nouveau mp3 publié : 18 taona.mp3 (fileId=7d14f317-f95b-486c-8d03-9b04d1322161)
2026-07-01 16:36:33 INFO  [WatcherApp] Nouveau mp3 publié : Lendrema.mp3 (fileId=a0341daf-38a8-4867-a8a5-3f9b651bfcf6)
2026-07-01 16:36:33 INFO  [WatcherApp] Nouveau mp3 publié : 18 taona.mp3 (fileId=ce57b5f2-f7ef-405e-95b0-41571af86d95)
2026-07-01 16:36:33 INFO  [WatcherApp] Nouveau mp3 publié : Lendrema.mp3 (fileId=1f07844f-d001-4fd8-8df6-79759e1bfd53)
2026-07-01 16:36:33 INFO  [WatcherApp] Nouveau mp3 publié : 18 taona.mp3 (fileId=9462a7e3-a56b-488f-931e-09f3f3c031e7)
2026-07-01 16:36:33 INFO  [WatcherApp] Nouveau mp3 publié : Lendrema.mp3 (fileId=52c8e675-063a-4d5d-89ee-5250c3b82207)
2026-07-01 16:36:33 INFO  [WatcherApp] Nouveau mp3 publié : 18 taona.mp3 (fileId=bdd17e29-78c5-4233-9b55-895310b16f13)
2026-07-01 16:36:33 INFO  [WatcherApp] Nouveau mp3 publié : Lendrema.mp3 (fileId=668fbddb-6ec1-418c-9437-2bc44f11dfb1)
2026-07-01 16:36:33 INFO  [WatcherApp] Nouveau mp3 publié : 18 taona.mp3 (fileId=928934bd-6581-4c01-b7e6-01e50c6abe05)
2026-07-01 16:36:33 INFO  [WatcherApp] Nouveau mp3 publié : Lendrema.mp3 (fileId=384896ee-d579-4c46-a398-e88fd122e57d)
2026-07-01 16:36:33 INFO  [WatcherApp] Nouveau mp3 publié : 18 taona.mp3 (fileId=ec8127ab-4af9-4003-a5b1-2c910c6758bb)
2026-07-01 16:36:33 INFO  [WatcherApp] Nouveau mp3 publié : Lendrema.mp3 (fileId=0aeaaa5a-d844-4e56-87e2-808976f38849)
2026-07-01 16:36:33 INFO  [WatcherApp] Nouveau mp3 publié : 18 taona.mp3 (fileId=dc059ab5-c414-49fc-b960-15004dda63ce)
2026-07-01 16:36:33 INFO  [WatcherApp] Nouveau mp3 publié : Lendrema.mp3 (fileId=0dc22aa0-1196-4578-8873-8db09523c728)
2026-07-01 16:36:33 INFO  [WatcherApp] Nouveau mp3 publié : 18 taona.mp3 (fileId=015138f3-bd01-48b9-98f9-1071a587e19d)
2026-07-01 16:36:33 INFO  [WatcherApp] Nouveau mp3 publié : Lendrema.mp3 (fileId=b49f7473-4ed7-4d37-863b-83c4641e7397)
2026-07-01 16:36:33 INFO  [WatcherApp] Nouveau mp3 publié : 18 taona.mp3 (fileId=b5250acc-b594-40c2-99d7-9221ac8e5799)
2026-07-01 16:36:33 INFO  [WatcherApp] Nouveau mp3 publié : Lendrema.mp3 (fileId=40900d7d-05ad-4ddc-9b1a-5a57a482d32d)
2026-07-01 16:36:33 INFO  [WatcherApp] Nouveau mp3 publié : 18 taona.mp3 (fileId=c0213751-e2cc-4730-9349-b0ee32917201)
2026-07-01 16:36:33 INFO  [WatcherApp] Nouveau mp3 publié : Lendrema.mp3 (fileId=c231f670-c154-4f0b-b135-8b2718296182)
2026-07-01 16:36:33 INFO  [WatcherApp] Nouveau mp3 publié : 18 taona.mp3 (fileId=7e9bdefa-57ce-476e-9284-09af6c50c335)
2026-07-01 16:36:33 INFO  [WatcherApp] Nouveau mp3 publié : Lendrema.mp3 (fileId=e450e791-698b-4659-a33e-f63a34136aee)
2026-07-01 16:36:33 INFO  [WatcherApp] Nouveau mp3 publié : 18 taona.mp3 (fileId=c5202d8f-7955-4279-95d4-cb19043f85ef)
2026-07-01 16:36:33 INFO  [WatcherApp] Nouveau mp3 publié : Lendrema.mp3 (fileId=43df89db-696e-4804-a58c-da7b1af7819e)
2026-07-01 16:36:33 INFO  [WatcherApp] Nouveau mp3 publié : 18 taona.mp3 (fileId=dca11fe1-2ba1-4882-b1c5-0d5ddc195847)
2026-07-01 16:36:33 INFO  [WatcherApp] Nouveau mp3 publié : Lendrema.mp3 (fileId=f6b94b45-48a7-4e69-8ec0-4579768d59c8)
2026-07-01 16:36:33 INFO  [WatcherApp] Nouveau mp3 publié : 18 taona.mp3 (fileId=a9395b90-2ff5-4e9b-b10a-36db390051ea)
2026-07-01 16:36:33 INFO  [WatcherApp] Nouveau mp3 publié : Lendrema.mp3 (fileId=7493660f-2e38-4351-a852-42db59ad7520)
2026-07-01 16:36:33 INFO  [WatcherApp] Nouveau mp3 publié : 18 taona.mp3 (fileId=304887f1-82dd-409e-be08-2ccee6bfa644)
2026-07-01 16:36:33 INFO  [WatcherApp] Nouveau mp3 publié : Lendrema.mp3 (fileId=ff7798f4-5bf6-49c3-a52e-395ba82f0f96)
2026-07-01 16:36:33 INFO  [WatcherApp] Nouveau mp3 publié : 18 taona.mp3 (fileId=3bb0f6bb-e175-430a-a9a5-a4cc98f11451)
2026-07-01 16:36:33 INFO  [WatcherApp] Nouveau mp3 publié : Lendrema.mp3 (fileId=2687b3cb-902d-4ce4-981a-913c7f5c44bc)
2026-07-01 16:36:33 INFO  [WatcherApp] Nouveau mp3 publié : 18 taona.mp3 (fileId=7f3f2162-c3f6-4222-bccf-f0517892f4f6)
2026-07-01 16:36:33 INFO  [WatcherApp] Nouveau mp3 publié : Lendrema.mp3 (fileId=76c7c61b-5fdf-4d29-8cb6-b2d8d5dbbfd7)
2026-07-01 16:36:33 INFO  [WatcherApp] Nouveau mp3 publié : 18 taona.mp3 (fileId=a70577d8-07ce-4079-9f2e-2887605a8e40)
2026-07-01 16:36:33 INFO  [WatcherApp] Nouveau mp3 publié : Lendrema.mp3 (fileId=e3e82e6b-e6d0-4083-b736-99c63b930ab4)
2026-07-01 16:36:33 INFO  [WatcherApp] Nouveau mp3 publié : 18 taona.mp3 (fileId=02d67ea6-e5f3-4665-ae8c-b9798a1f86bf)
2026-07-01 16:36:33 INFO  [WatcherApp] Nouveau mp3 publié : Lendrema.mp3 (fileId=66f8535f-38f0-4b99-bd52-c44bfe545064)
2026-07-01 16:36:33 INFO  [WatcherApp] Nouveau mp3 publié : 18 taona.mp3 (fileId=8288f5bd-2573-440c-9214-3f11a3b49c1d)
2026-07-01 16:36:33 INFO  [WatcherApp] Nouveau mp3 publié : Lendrema.mp3 (fileId=516d8e23-c54f-4d90-981c-c3667d63ef95)
2026-07-01 16:36:33 INFO  [WatcherApp] Nouveau mp3 publié : 18 taona.mp3 (fileId=7bd195e7-320a-4253-9c7f-bd70bff4688f)
2026-07-01 16:36:33 INFO  [WatcherApp] Nouveau mp3 publié : Lendrema.mp3 (fileId=6fc5c2e3-8957-42a4-b6ba-b9782e2fb3de)
2026-07-01 16:36:33 INFO  [WatcherApp] Nouveau mp3 publié : 18 taona.mp3 (fileId=f801225f-6cd7-4f7f-b211-324b481cc0f8)
2026-07-01 16:36:33 INFO  [WatcherApp] Nouveau mp3 publié : Lendrema.mp3 (fileId=36e63df4-b755-4890-abae-8daef82ff51d)
2026-07-01 16:36:33 INFO  [WatcherApp] Nouveau mp3 publié : 18 taona.mp3 (fileId=47233233-8f36-4cc7-ac6a-7c1de40cb8eb)
2026-07-01 16:36:33 INFO  [WatcherApp] Nouveau mp3 publié : Lendrema.mp3 (fileId=6dd71434-7bce-485c-b6ff-6c45a3dbc986)
2026-07-01 16:36:33 INFO  [WatcherApp] Nouveau mp3 publié : 18 taona.mp3 (fileId=3493a178-dd87-4aef-96b0-5e9b584bf794)
2026-07-01 16:36:33 INFO  [WatcherApp] Nouveau mp3 publié : Lendrema.mp3 (fileId=74ac9c9e-cfbd-4f29-82d4-0e56ea16246c)
2026-07-01 16:36:33 INFO  [WatcherApp] Nouveau mp3 publié : 18 taona.mp3 (fileId=50353292-ac5b-4fb7-b5c5-69e8c64d454a)
2026-07-01 16:36:33 INFO  [WatcherApp] Nouveau mp3 publié : Lendrema.mp3 (fileId=bdb62b95-e37d-4452-af24-0745182e183e)
2026-07-01 16:36:33 INFO  [WatcherApp] Nouveau mp3 publié : 18 taona.mp3 (fileId=f69e7b72-fcc2-4993-9855-5906a34129cd)
2026-07-01 16:36:33 INFO  [WatcherApp] Nouveau mp3 publié : Lendrema.mp3 (fileId=43649ba3-d6d4-48d8-a300-49695827f4a2)
2026-07-01 16:36:33 INFO  [WatcherApp] Nouveau mp3 publié : 18 taona.mp3 (fileId=19f5d244-44ba-498a-a189-5c634a6608ce)
2026-07-01 16:36:33 INFO  [WatcherApp] Nouveau mp3 publié : Lendrema.mp3 (fileId=5b2fe2aa-9182-4a05-8d31-8f862af2a610)
2026-07-01 16:36:33 INFO  [WatcherApp] Nouveau mp3 publié : 18 taona.mp3 (fileId=24979432-bbec-4589-8139-d8197780f5f1)
2026-07-01 16:36:33 INFO  [WatcherApp] Nouveau mp3 publié : Lendrema.mp3 (fileId=5ca000da-00c0-45ec-a11c-909e07c4b3ce)
2026-07-01 16:36:33 INFO  [WatcherApp] Nouveau mp3 publié : 18 taona.mp3 (fileId=061928aa-374d-4131-be5c-4c99fa0fd604)
2026-07-01 16:36:33 INFO  [WatcherApp] Nouveau mp3 publié : Lendrema.mp3 (fileId=96c43222-726b-4929-8f51-5b3d1adcde68)
2026-07-01 16:36:33 INFO  [WatcherApp] Nouveau mp3 publié : 18 taona.mp3 (fileId=15c7c298-bb5a-4bc2-b9de-c27071133df3)
2026-07-01 16:36:33 INFO  [WatcherApp] Nouveau mp3 publié : Lendrema.mp3 (fileId=5d719a81-b8fc-49c2-afcc-ecd47d9fe7c5)
2026-07-01 16:36:33 INFO  [WatcherApp] Nouveau mp3 publié : 18 taona.mp3 (fileId=b6cb6d99-2e87-4994-be3e-1ff0c2e5d5f6)
2026-07-01 16:36:33 INFO  [WatcherApp] Nouveau mp3 publié : Lendrema.mp3 (fileId=298a0115-9fa2-4d87-a309-a2068cd02c04)
2026-07-01 16:36:33 INFO  [WatcherApp] Nouveau mp3 publié : 18 taona.mp3 (fileId=6dc6c2ca-d523-450f-9808-1d714d19c449)
2026-07-01 16:36:33 INFO  [WatcherApp] Nouveau mp3 publié : Lendrema.mp3 (fileId=c786efdb-afd0-4457-92b8-6a87d68efde8)
2026-07-01 16:36:33 INFO  [WatcherApp] Nouveau mp3 publié : 18 taona.mp3 (fileId=5c65c2f9-ece2-4541-b802-b706e5104855)
2026-07-01 16:36:33 INFO  [WatcherApp] Nouveau mp3 publié : Lendrema.mp3 (fileId=612b699d-4fa9-4a1c-acf7-47712bdabf4b)
2026-07-01 16:36:33 INFO  [WatcherApp] Nouveau mp3 publié : 18 taona.mp3 (fileId=3af5f824-06df-4d46-b526-6ececc5b72f5)
2026-07-01 16:36:33 INFO  [WatcherApp] Nouveau mp3 publié : Lendrema.mp3 (fileId=9f9ad4dd-ce14-4120-acc6-25eecf4c877e)
2026-07-01 16:36:33 INFO  [WatcherApp] Nouveau mp3 publié : 18 taona.mp3 (fileId=62af05c1-ba4e-4b4b-9484-9354a3f74701)
2026-07-01 16:36:33 INFO  [WatcherApp] Nouveau mp3 publié : Lendrema.mp3 (fileId=a1e01725-f0d4-41b0-9c43-630b889e558d)
2026-07-01 16:36:33 INFO  [WatcherApp] Nouveau mp3 publié : 18 taona.mp3 (fileId=8c1b8d4f-64bd-4583-881d-bbcfe6b2e4e5)
2026-07-01 16:36:33 INFO  [WatcherApp] Nouveau mp3 publié : Lendrema.mp3 (fileId=2dd3274f-4f72-4296-a08b-54e460aefb76)
2026-07-01 16:36:33 INFO  [WatcherApp] Nouveau mp3 publié : 18 taona.mp3 (fileId=ad17a087-ec33-4333-8e82-9640823559bc)
2026-07-01 16:36:33 INFO  [WatcherApp] Nouveau mp3 publié : Lendrema.mp3 (fileId=b415a5f3-a704-44d5-8609-60e1588a5eee)
2026-07-01 16:36:33 INFO  [WatcherApp] Nouveau mp3 publié : 18 taona.mp3 (fileId=dd38c5fd-e060-413a-864c-2870ea9bc00e)
2026-07-01 16:36:33 INFO  [WatcherApp] Nouveau mp3 publié : Lendrema.mp3 (fileId=9b67aedc-9d7d-44df-b2fa-2f528e102537)
2026-07-01 16:36:33 INFO  [WatcherApp] Nouveau mp3 publié : 18 taona.mp3 (fileId=5e0bcb9b-f971-4095-880c-c7c39e26e7e5)
2026-07-01 16:36:33 INFO  [WatcherApp] Nouveau mp3 publié : Lendrema.mp3 (fileId=8e457a74-6f7a-4cdd-8e68-721ce3b598c8)
2026-07-01 16:36:33 INFO  [WatcherApp] Nouveau mp3 publié : 18 taona.mp3 (fileId=2f3bd3dd-9e1e-476c-8bed-ea734c98ec6b)
2026-07-01 16:36:33 INFO  [WatcherApp] Nouveau mp3 publié : Lendrema.mp3 (fileId=bfd2eaf1-08c8-4366-8c48-12e07f9dda28)
2026-07-01 16:36:33 INFO  [WatcherApp] Nouveau mp3 publié : 18 taona.mp3 (fileId=9fb8e558-2b1f-428f-a6ad-922175d3a7a9)
2026-07-01 16:36:33 INFO  [WatcherApp] Nouveau mp3 publié : Lendrema.mp3 (fileId=e0e05fc6-287e-4660-9fc6-eb85411ac5a6)
2026-07-01 16:36:33 INFO  [WatcherApp] Nouveau mp3 publié : 18 taona.mp3 (fileId=588bc64c-caee-453f-b23b-09dc1eef9154)
2026-07-01 16:36:33 INFO  [WatcherApp] Nouveau mp3 publié : Lendrema.mp3 (fileId=55ca2434-db77-4ae6-ba93-bb3122d5ed91)
2026-07-01 16:36:33 INFO  [WatcherApp] Nouveau mp3 publié : 18 taona.mp3 (fileId=8873f42e-0909-4db0-b502-19574590b6f2)
2026-07-01 16:36:33 INFO  [WatcherApp] Nouveau mp3 publié : Lendrema.mp3 (fileId=7dbc4b16-d594-4c99-8dd4-758629eba6d3)
2026-07-01 16:36:33 INFO  [WatcherApp] Nouveau mp3 publié : 18 taona.mp3 (fileId=7eba1503-f160-4f51-b45b-a4a7323f65ba)
2026-07-01 16:36:33 INFO  [WatcherApp] Nouveau mp3 publié : Lendrema.mp3 (fileId=2c730f60-0c26-4aca-91f6-b91fb383125b)
2026-07-01 16:36:33 INFO  [WatcherApp] Nouveau mp3 publié : 18 taona.mp3 (fileId=05f0ca6e-3d26-4e15-997e-e25c42e8239f)
2026-07-01 16:36:33 INFO  [WatcherApp] Nouveau mp3 publié : Lendrema.mp3 (fileId=204a4d70-0366-4595-aa86-57b364801cf8)
2026-07-01 16:36:33 INFO  [WatcherApp] Nouveau mp3 publié : 18 taona.mp3 (fileId=57fc7883-5c70-47ae-bdfb-173af5a38a89)
2026-07-01 16:36:33 INFO  [WatcherApp] Nouveau mp3 publié : Lendrema.mp3 (fileId=4e77ad95-7948-48d1-b325-97580efde55b)
2026-07-01 16:36:33 INFO  [WatcherApp] Nouveau mp3 publié : 18 taona.mp3 (fileId=fd96749a-2f0d-472c-ab3f-a73baf707367)
2026-07-01 16:36:33 INFO  [WatcherApp] Nouveau mp3 publié : Lendrema.mp3 (fileId=fb9e7095-5310-4810-bc5a-7771e8f4b5b4)
2026-07-01 16:36:33 INFO  [WatcherApp] Nouveau mp3 publié : 18 taona.mp3 (fileId=d74c6c76-ea7e-4a8e-a13a-062f06f44f7c)
2026-07-01 16:36:33 INFO  [WatcherApp] Nouveau mp3 publié : Lendrema.mp3 (fileId=6fb77d3f-f39c-45cc-8d05-c04fe133fb08)
2026-07-01 16:36:33 INFO  [WatcherApp] Nouveau mp3 publié : 18 taona.mp3 (fileId=4ec322ad-9194-4370-81e7-e4e3ad4d2140)
2026-07-01 16:36:33 INFO  [WatcherApp] Nouveau mp3 publié : Lendrema.mp3 (fileId=94097e15-6e4c-4cbf-9f6b-240bb24d47fd)
2026-07-01 16:36:33 INFO  [WatcherApp] Nouveau mp3 publié : 18 taona.mp3 (fileId=daedd333-c5a5-420c-b319-3ad6089c027c)
2026-07-01 16:36:33 INFO  [WatcherApp] Nouveau mp3 publié : Lendrema.mp3 (fileId=a9cb51a8-9d5b-4ca2-acf3-f99886924d08)
2026-07-01 16:36:33 INFO  [WatcherApp] Nouveau mp3 publié : 18 taona.mp3 (fileId=a5026e5d-0832-49d3-8d87-59bb1a1eb142)
2026-07-01 16:36:33 INFO  [WatcherApp] Nouveau mp3 publié : Lendrema.mp3 (fileId=160f66b2-8161-4e60-8747-4124195d26b9)
2026-07-01 16:36:33 INFO  [WatcherApp] Nouveau mp3 publié : 18 taona.mp3 (fileId=4bc84e90-a53c-4d93-a4ed-a9e2f53a6cf0)
2026-07-01 16:36:33 INFO  [WatcherApp] Nouveau mp3 publié : Lendrema.mp3 (fileId=3ea94ba3-072a-4103-baa0-690b26940ba1)
2026-07-01 16:36:33 INFO  [WatcherApp] Nouveau mp3 publié : 18 taona.mp3 (fileId=f6d80596-cea4-4bb6-b17e-d9100517bd36)
2026-07-01 16:36:33 INFO  [WatcherApp] Nouveau mp3 publié : Lendrema.mp3 (fileId=5875dcb0-1f89-4d98-bafd-159c410a9844)
2026-07-01 16:36:33 INFO  [WatcherApp] Nouveau mp3 publié : 18 taona.mp3 (fileId=28109d11-e809-40a9-b8f5-2647c0c36920)
2026-07-01 16:36:33 INFO  [WatcherApp] Nouveau mp3 publié : Lendrema.mp3 (fileId=4d490b21-90c4-4276-8b8a-cd974ab1c64a)
2026-07-01 16:36:33 INFO  [WatcherApp] Nouveau mp3 publié : 18 taona.mp3 (fileId=7cbb8d1f-21d7-4cda-b228-8edd6ed059d8)
2026-07-01 16:36:33 INFO  [WatcherApp] Nouveau mp3 publié : Lendrema.mp3 (fileId=762d4d52-3de6-4112-9f35-863b3b739813)
2026-07-01 16:36:33 INFO  [WatcherApp] Nouveau mp3 publié : 18 taona.mp3 (fileId=0f93294b-2fd8-4b69-a1c6-9cd5329fd208)
2026-07-01 16:36:33 INFO  [WatcherApp] Nouveau mp3 publié : Lendrema.mp3 (fileId=e59aa934-2d92-428e-8238-fdd1c2ca5886)
2026-07-01 16:36:33 INFO  [WatcherApp] Nouveau mp3 publié : 18 taona.mp3 (fileId=9ed8b59c-6a77-439c-aae5-cd62c2eb6fd5)
2026-07-01 16:36:33 INFO  [WatcherApp] Nouveau mp3 publié : Lendrema.mp3 (fileId=86ed3a56-43ad-4b33-a508-8cd13f3b054f)
2026-07-01 16:36:33 INFO  [WatcherApp] Nouveau mp3 publié : 18 taona.mp3 (fileId=8eed2be2-6d51-437e-a0ec-89003df4dbd3)
2026-07-01 16:36:33 INFO  [WatcherApp] Nouveau mp3 publié : Lendrema.mp3 (fileId=08e9d696-f419-4a5d-801a-561d1083f69a)
2026-07-01 16:36:33 INFO  [WatcherApp] Nouveau mp3 publié : 18 taona.mp3 (fileId=4e6a6a1f-7e41-47f4-9435-30e3b2d7572a)
2026-07-01 16:36:33 INFO  [WatcherApp] Nouveau mp3 publié : Lendrema.mp3 (fileId=745b911d-01b8-4b55-bfdc-3aabf1aa5401)
2026-07-01 16:36:33 INFO  [WatcherApp] Nouveau mp3 publié : 18 taona.mp3 (fileId=a70fbff8-deac-4e9d-9067-7c7f877121c3)
2026-07-01 16:36:33 INFO  [WatcherApp] Nouveau mp3 publié : Lendrema.mp3 (fileId=4ea8586f-6e60-4e6e-b2c2-f032802e8a1e)
2026-07-01 16:36:33 INFO  [WatcherApp] Nouveau mp3 publié : 18 taona.mp3 (fileId=9668ca8d-3800-4e3f-82a2-012c4282732f)
2026-07-01 16:36:33 INFO  [WatcherApp] Nouveau mp3 publié : Lendrema.mp3 (fileId=75418b17-82d3-407e-b321-27929862bdb6)
2026-07-01 16:36:33 INFO  [WatcherApp] Nouveau mp3 publié : 18 taona.mp3 (fileId=8d8c2892-e7ea-4a88-ab58-459212723ab3)
2026-07-01 16:36:33 INFO  [WatcherApp] Nouveau mp3 publié : Lendrema.mp3 (fileId=5a828e6e-3bd9-49d2-92e2-b7d294b01732)
2026-07-01 16:36:33 INFO  [WatcherApp] Nouveau mp3 publié : 18 taona.mp3 (fileId=899e51af-21c4-47db-8372-6b02e73779eb)
2026-07-01 16:36:33 INFO  [WatcherApp] Nouveau mp3 publié : Lendrema.mp3 (fileId=13f733ae-b364-4098-9119-e7083ad6464c)
2026-07-01 16:36:33 INFO  [WatcherApp] Nouveau mp3 publié : 18 taona.mp3 (fileId=55d1a942-1f92-414e-ad8d-9eaa676a26d3)
2026-07-01 16:36:33 INFO  [WatcherApp] Nouveau mp3 publié : Lendrema.mp3 (fileId=078d67b3-9fbe-4d01-a514-869d139234a4)
2026-07-01 16:36:33 INFO  [WatcherApp] Nouveau mp3 publié : 18 taona.mp3 (fileId=169a287f-0899-4587-a557-fa71ad1769c2)
2026-07-01 16:36:33 INFO  [WatcherApp] Nouveau mp3 publié : Lendrema.mp3 (fileId=9bab7659-45df-456e-9b7a-d57c1debd0bd)
2026-07-01 16:36:33 INFO  [WatcherApp] Nouveau mp3 publié : 18 taona.mp3 (fileId=ae49c829-c549-4eb6-a565-6fe5474c3a75)
2026-07-01 16:36:33 INFO  [WatcherApp] Nouveau mp3 publié : Lendrema.mp3 (fileId=e8ffa1ff-3c21-4259-a537-05cf57554d81)
2026-07-01 16:36:33 INFO  [WatcherApp] Nouveau mp3 publié : 18 taona.mp3 (fileId=4f3cea8c-bd20-4c56-92db-08466de3526b)
2026-07-01 16:36:33 INFO  [WatcherApp] Nouveau mp3 publié : Lendrema.mp3 (fileId=c2d0e0b9-d0ff-4df8-b1e7-60143ac32f96)
2026-07-01 16:36:33 INFO  [WatcherApp] Nouveau mp3 publié : 18 taona.mp3 (fileId=c7c5b215-1647-44f3-8759-0c41e2377370)
2026-07-01 16:36:33 INFO  [WatcherApp] Nouveau mp3 publié : Lendrema.mp3 (fileId=2d53f20e-2ded-4270-9caa-94dab5e0a5ab)
2026-07-01 16:36:33 INFO  [WatcherApp] Nouveau mp3 publié : 18 taona.mp3 (fileId=c3b1075b-b812-40f0-93ff-190313e87289)
2026-07-01 16:36:33 INFO  [WatcherApp] Nouveau mp3 publié : Lendrema.mp3 (fileId=ef4646d8-986b-4ae2-8cd8-b61996543b3a)
2026-07-01 16:36:33 INFO  [WatcherApp] Nouveau mp3 publié : 18 taona.mp3 (fileId=317d4c03-1df2-46ea-a6a6-3c4ba09ae03b)
2026-07-01 16:36:33 INFO  [WatcherApp] Nouveau mp3 publié : Lendrema.mp3 (fileId=50f57942-327e-4563-a505-685dc7d0df75)
2026-07-01 16:36:33 INFO  [WatcherApp] Nouveau mp3 publié : 18 taona.mp3 (fileId=b2c2e3c6-1dfb-42ea-9453-80910a234677)
2026-07-01 16:36:33 INFO  [WatcherApp] Nouveau mp3 publié : Lendrema.mp3 (fileId=618e3d78-a0d0-444f-9a57-038100144bf3)
2026-07-01 16:36:33 INFO  [WatcherApp] Nouveau mp3 publié : 18 taona.mp3 (fileId=99b96144-9614-4f6b-ac5d-2f70e9a54584)
2026-07-01 16:36:33 INFO  [WatcherApp] Nouveau mp3 publié : Lendrema.mp3 (fileId=c4c30458-443c-47f9-8f6d-7c7abcb93d93)
2026-07-01 16:36:33 INFO  [WatcherApp] Nouveau mp3 publié : 18 taona.mp3 (fileId=6b38e86d-bcc1-440f-b51e-d52d1d032c29)
2026-07-01 16:36:33 INFO  [WatcherApp] Nouveau mp3 publié : Lendrema.mp3 (fileId=4bf90344-fdb5-4028-80c1-f3cd04453530)
2026-07-01 16:36:33 INFO  [WatcherApp] Nouveau mp3 publié : 18 taona.mp3 (fileId=abf8462d-6660-4907-a3a4-f379ab71c47f)
2026-07-01 16:36:33 INFO  [WatcherApp] Nouveau mp3 publié : Lendrema.mp3 (fileId=69bc6258-86be-4b80-970d-4dc5e93accdd)
2026-07-01 16:36:33 INFO  [WatcherApp] Nouveau mp3 publié : 18 taona.mp3 (fileId=72f48d63-37a6-46d6-a8c4-e4b017ab9a82)
2026-07-01 16:36:33 INFO  [WatcherApp] Nouveau mp3 publié : Lendrema.mp3 (fileId=2ab40cae-af70-46ca-b47f-51312d1902de)
2026-07-01 16:36:33 INFO  [WatcherApp] Nouveau mp3 publié : 18 taona.mp3 (fileId=abb4211f-62f2-4f56-a2d7-c0b13474bcdf)
2026-07-01 16:36:33 INFO  [WatcherApp] Nouveau mp3 publié : Lendrema.mp3 (fileId=ae27c6d3-44de-4a2b-a24a-7ae9dbc534b7)
2026-07-01 16:36:33 INFO  [WatcherApp] Nouveau mp3 publié : 18 taona.mp3 (fileId=77dcf168-b5d0-462f-9b3f-b6f593ecfc16)
2026-07-01 16:36:33 INFO  [WatcherApp] Nouveau mp3 publié : Lendrema.mp3 (fileId=665ef78c-fdcd-4b70-9336-b77559aba3f0)
2026-07-01 16:36:33 INFO  [WatcherApp] Nouveau mp3 publié : 18 taona.mp3 (fileId=9f1cc354-24b1-4c53-bf9f-b0cba2cc3343)
2026-07-01 16:36:33 INFO  [WatcherApp] Nouveau mp3 publié : Lendrema.mp3 (fileId=077c7683-d450-490f-a7fc-16f22dc79111)
2026-07-01 16:36:33 INFO  [WatcherApp] Nouveau mp3 publié : 18 taona.mp3 (fileId=0c6046f7-2c91-475f-838c-490914c95b16)
2026-07-01 16:36:33 INFO  [WatcherApp] Nouveau mp3 publié : Lendrema.mp3 (fileId=fc600c89-3be8-477b-8b2f-62fff88b4544)
2026-07-01 16:36:33 INFO  [WatcherApp] Nouveau mp3 publié : 18 taona.mp3 (fileId=8a6008f2-ad8b-4d2f-8676-60ee8c1e2fdb)
2026-07-01 16:36:33 INFO  [WatcherApp] Nouveau mp3 publié : Lendrema.mp3 (fileId=cbfcc59c-0431-4021-bfb6-b94332e5a009)
2026-07-01 16:36:34 INFO  [WatcherApp] Nouveau mp3 publié : 18 taona.mp3 (fileId=63a285a3-cae9-4540-bef8-b703614a9a8c)
2026-07-01 16:36:34 INFO  [WatcherApp] Nouveau mp3 publié : Lendrema.mp3 (fileId=5e79f417-3286-4cf2-8fce-c82932b78b1b)
2026-07-01 16:36:34 INFO  [WatcherApp] Nouveau mp3 publié : 18 taona.mp3 (fileId=dcf75a4b-fbff-4e21-82d0-374737dee3ec)
2026-07-01 16:36:34 INFO  [WatcherApp] Nouveau mp3 publié : Lendrema.mp3 (fileId=df52478a-9c31-4f0d-950b-7b7be8f28e6c)
2026-07-01 16:36:34 INFO  [WatcherApp] Nouveau mp3 publié : 18 taona.mp3 (fileId=c239785e-e828-4362-bb8d-ac70843196fb)
2026-07-01 16:36:34 INFO  [WatcherApp] Nouveau mp3 publié : Lendrema.mp3 (fileId=2460b52a-6235-4931-8175-53ed7d7dac84)
2026-07-01 16:36:34 INFO  [WatcherApp] Nouveau mp3 publié : 18 taona.mp3 (fileId=b4ec7b62-3eeb-4598-832e-57204bca9a45)
2026-07-01 16:36:34 INFO  [WatcherApp] Nouveau mp3 publié : Lendrema.mp3 (fileId=b1bc6ec2-6024-4187-8456-0e407862fda4)
2026-07-01 16:36:34 INFO  [WatcherApp] Nouveau mp3 publié : 18 taona.mp3 (fileId=dc710f22-e478-4214-b46d-c9b099f6e1f6)
2026-07-01 16:36:34 INFO  [WatcherApp] Nouveau mp3 publié : Lendrema.mp3 (fileId=ef6b007c-5fcc-48bb-980b-e966cf4f69d7)
2026-07-01 16:36:34 INFO  [WatcherApp] Nouveau mp3 publié : 18 taona.mp3 (fileId=c310ea41-b48f-4113-a74b-b44cf4b35f0d)
2026-07-01 16:36:34 INFO  [WatcherApp] Nouveau mp3 publié : Lendrema.mp3 (fileId=3035da2c-9489-437b-9d86-605562485f4d)
2026-07-01 16:36:34 INFO  [WatcherApp] Nouveau mp3 publié : 18 taona.mp3 (fileId=89651888-f217-4225-bc04-8763088be519)
2026-07-01 16:36:34 INFO  [WatcherApp] Nouveau mp3 publié : Lendrema.mp3 (fileId=eec0b8a2-8ead-4f8d-aea7-1e20fb49dee6)
2026-07-01 16:36:34 INFO  [WatcherApp] Nouveau mp3 publié : 18 taona.mp3 (fileId=7db77ffe-2ae9-4944-b88b-d67c5772f948)
2026-07-01 16:36:34 INFO  [WatcherApp] Nouveau mp3 publié : Lendrema.mp3 (fileId=5bc64d89-cfb9-4aaa-acd7-0b40506ee566)
2026-07-01 16:36:34 INFO  [WatcherApp] Nouveau mp3 publié : 18 taona.mp3 (fileId=819d32cb-d1aa-4469-9fcd-ed8f200e5a80)
2026-07-01 16:36:34 INFO  [WatcherApp] Nouveau mp3 publié : Lendrema.mp3 (fileId=01fe0144-5d30-4176-b13c-2dd933d367ce)
2026-07-01 16:36:34 INFO  [WatcherApp] Nouveau mp3 publié : 18 taona.mp3 (fileId=b2ec8627-d9c2-42d4-90f4-570239ca5845)
2026-07-01 16:36:34 INFO  [WatcherApp] Nouveau mp3 publié : Lendrema.mp3 (fileId=9b15d9b5-a572-4698-b96a-3a6333ce53b2)
2026-07-01 16:36:34 INFO  [WatcherApp] Nouveau mp3 publié : 18 taona.mp3 (fileId=88ba8ab5-e060-4a33-80bc-d4d787dd106f)
2026-07-01 16:36:34 INFO  [WatcherApp] Nouveau mp3 publié : Lendrema.mp3 (fileId=2c54b3b4-8bd0-4313-afc1-9d8534f2464a)
2026-07-01 16:36:34 INFO  [WatcherApp] Nouveau mp3 publié : 18 taona.mp3 (fileId=735d18f6-8b95-4655-9b31-f368db6408bd)
2026-07-01 16:36:34 INFO  [WatcherApp] Nouveau mp3 publié : Lendrema.mp3 (fileId=527c7619-5a22-46f0-abc3-b1e45f21e313)
2026-07-01 16:36:34 INFO  [WatcherApp] Nouveau mp3 publié : 18 taona.mp3 (fileId=c108b9dd-3828-4451-be50-613a158080b4)
2026-07-01 16:36:34 INFO  [WatcherApp] Nouveau mp3 publié : Lendrema.mp3 (fileId=ead43109-e9b8-4051-95dd-22301043d4b0)
2026-07-01 16:36:34 INFO  [WatcherApp] Nouveau mp3 publié : 18 taona.mp3 (fileId=c1da105f-0293-4d5d-83c2-d6339d4b0ba5)
2026-07-01 16:36:34 INFO  [WatcherApp] Nouveau mp3 publié : Lendrema.mp3 (fileId=12cafbfa-e890-4677-b375-75e8e82878c0)
2026-07-01 16:36:34 INFO  [WatcherApp] Nouveau mp3 publié : 18 taona.mp3 (fileId=316f136a-7712-49f7-b6e1-c1e620d03535)
2026-07-01 16:36:34 INFO  [WatcherApp] Nouveau mp3 publié : Lendrema.mp3 (fileId=dd7311af-82d7-46bd-8569-3d825f3c32c5)
2026-07-01 16:36:34 INFO  [WatcherApp] Nouveau mp3 publié : 18 taona.mp3 (fileId=03ecc0c8-5538-4e1e-a8f9-8b4bcc36b7c0)
2026-07-01 16:36:34 INFO  [WatcherApp] Nouveau mp3 publié : Lendrema.mp3 (fileId=581e020f-731e-4651-9484-ec2ab58295f7)
2026-07-01 16:36:34 INFO  [WatcherApp] Nouveau mp3 publié : 18 taona.mp3 (fileId=71cb08e0-d9f4-4b61-8290-d81a4e9dce5c)
2026-07-01 16:36:34 INFO  [WatcherApp] Nouveau mp3 publié : Lendrema.mp3 (fileId=b459ce55-9783-4320-ad8a-a96452411c41)
2026-07-01 16:36:34 INFO  [WatcherApp] Nouveau mp3 publié : 18 taona.mp3 (fileId=861ce69d-d9b4-436b-822d-3cbfd098f7e7)
2026-07-01 16:36:34 INFO  [WatcherApp] Nouveau mp3 publié : Lendrema.mp3 (fileId=524fdebc-748f-4884-8be8-75c796df9837)
2026-07-01 16:36:34 INFO  [WatcherApp] Nouveau mp3 publié : 18 taona.mp3 (fileId=afcd2adb-ef82-42e3-ab9c-df0d9f7c9a24)
2026-07-01 16:36:34 INFO  [WatcherApp] Nouveau mp3 publié : Lendrema.mp3 (fileId=b2458a36-fb18-41ce-8e0c-a24b98460796)
2026-07-01 16:36:34 INFO  [WatcherApp] Nouveau mp3 publié : 18 taona.mp3 (fileId=97d94fbd-d21b-43fb-9aaa-d02e45a618a1)
2026-07-01 16:36:34 INFO  [WatcherApp] Nouveau mp3 publié : Lendrema.mp3 (fileId=62b1d5dd-9d38-4a70-8b32-a7a4805112f7)
2026-07-01 16:36:34 INFO  [WatcherApp] Nouveau mp3 publié : 18 taona.mp3 (fileId=a1693358-d90c-41c6-9eb1-0e5b06540d5a)
2026-07-01 16:36:34 INFO  [WatcherApp] Nouveau mp3 publié : Lendrema.mp3 (fileId=5d18d92a-1506-4810-823c-50b910910cea)
2026-07-01 16:36:34 INFO  [WatcherApp] Nouveau mp3 publié : 18 taona.mp3 (fileId=fb25e5bc-aa30-434b-aa75-2943f664d94f)
2026-07-01 16:36:34 INFO  [WatcherApp] Nouveau mp3 publié : Lendrema.mp3 (fileId=a6381d05-5aab-49fc-b1ac-2f4c51c0de75)
2026-07-01 16:36:34 INFO  [WatcherApp] Nouveau mp3 publié : 18 taona.mp3 (fileId=310950d6-598b-479c-80d6-7d44c2f72581)
2026-07-01 16:36:34 INFO  [WatcherApp] Nouveau mp3 publié : Lendrema.mp3 (fileId=b8330461-82aa-4285-b0d0-dee74b703031)
2026-07-01 16:36:34 INFO  [WatcherApp] Nouveau mp3 publié : 18 taona.mp3 (fileId=4bf0bdec-47f0-43b3-a035-26d8b49cbb3c)
2026-07-01 16:36:34 INFO  [WatcherApp] Nouveau mp3 publié : Lendrema.mp3 (fileId=d3820081-99f5-48ff-85ea-ff5391f94eb9)
2026-07-01 16:36:34 INFO  [WatcherApp] Nouveau mp3 publié : 18 taona.mp3 (fileId=cb5d090e-a4b2-4f7e-a589-c98313d0c1cf)
2026-07-01 16:36:34 INFO  [WatcherApp] Nouveau mp3 publié : Lendrema.mp3 (fileId=41652438-8dc7-4ec9-a087-22077db6963f)
2026-07-01 16:36:34 INFO  [WatcherApp] Nouveau mp3 publié : 18 taona.mp3 (fileId=3987b116-10ab-49b5-9aa5-68e4ce2856a6)
2026-07-01 16:36:34 INFO  [WatcherApp] Nouveau mp3 publié : Lendrema.mp3 (fileId=ddea7175-e001-432a-a5f0-468c40476afe)
2026-07-01 16:36:34 INFO  [WatcherApp] Nouveau mp3 publié : 18 taona.mp3 (fileId=823621e9-7a03-4606-b873-7c073abf9220)
2026-07-01 16:36:34 INFO  [WatcherApp] Nouveau mp3 publié : Lendrema.mp3 (fileId=7d987d2c-7c40-4990-9a06-bb7e86047bc3)
2026-07-01 16:36:34 INFO  [WatcherApp] Nouveau mp3 publié : 18 taona.mp3 (fileId=4ee7ec17-d053-4718-8079-b56514d9274d)
2026-07-01 16:36:34 INFO  [WatcherApp] Nouveau mp3 publié : Lendrema.mp3 (fileId=66c3388c-4ef1-48f5-b58d-c3cc8482381b)
2026-07-01 16:36:34 INFO  [WatcherApp] Nouveau mp3 publié : 18 taona.mp3 (fileId=c18b11f6-8d30-4cfb-a8d5-e09c22222e71)
2026-07-01 16:36:34 INFO  [WatcherApp] Nouveau mp3 publié : Lendrema.mp3 (fileId=95a68977-0902-48a0-a7ba-fdf320493bd4)
2026-07-01 16:36:34 INFO  [WatcherApp] Nouveau mp3 publié : 18 taona.mp3 (fileId=634c985b-f2f2-458a-9f58-16e66e11f8ef)
2026-07-01 16:36:34 INFO  [WatcherApp] Nouveau mp3 publié : Lendrema.mp3 (fileId=d7794f04-0e79-4652-afca-b6087756a716)
2026-07-01 16:36:34 INFO  [WatcherApp] Nouveau mp3 publié : 18 taona.mp3 (fileId=021bed58-383b-468d-8efb-5a3cbae17fc9)
2026-07-01 16:36:34 INFO  [WatcherApp] Nouveau mp3 publié : Lendrema.mp3 (fileId=c9d2e8d9-4702-4030-86da-ba472bf3125d)
2026-07-01 16:36:34 INFO  [WatcherApp] Nouveau mp3 publié : 18 taona.mp3 (fileId=92011c04-83f3-4cc0-a855-a165e913cda3)
2026-07-01 16:36:34 INFO  [WatcherApp] Nouveau mp3 publié : Lendrema.mp3 (fileId=0508fd5e-df51-4f09-9fdb-a4c119f532fc)
2026-07-01 16:36:34 INFO  [WatcherApp] Nouveau mp3 publié : 18 taona.mp3 (fileId=55a41200-96a1-4487-b53c-9c335ed7a948)
2026-07-01 16:36:34 INFO  [WatcherApp] Nouveau mp3 publié : Lendrema.mp3 (fileId=9bc2163f-cb04-4cc5-95fc-ccd760fde3dd)
2026-07-01 16:36:34 INFO  [WatcherApp] Nouveau mp3 publié : 18 taona.mp3 (fileId=e0ebb950-a975-4ba6-810a-ea25f9dcda4a)
2026-07-01 16:36:34 INFO  [WatcherApp] Nouveau mp3 publié : Lendrema.mp3 (fileId=b7fa6f42-c919-4db6-8b8d-9d41d31de5c0)
2026-07-01 16:36:34 INFO  [WatcherApp] Nouveau mp3 publié : 18 taona.mp3 (fileId=8b29dd27-4da1-4072-b627-ca883cdcdc80)
2026-07-01 16:36:34 INFO  [WatcherApp] Nouveau mp3 publié : Lendrema.mp3 (fileId=df56f2f3-2833-4379-9c6f-26d8ae50a0ee)
2026-07-01 16:36:34 INFO  [WatcherApp] Nouveau mp3 publié : 18 taona.mp3 (fileId=4775bb9c-2d65-4166-a77b-2232d32cb0cb)
2026-07-01 16:36:34 INFO  [WatcherApp] Nouveau mp3 publié : Lendrema.mp3 (fileId=8acfa744-e5a0-48d2-89fe-5f1bf8477343)
2026-07-01 16:36:34 INFO  [WatcherApp] Nouveau mp3 publié : 18 taona.mp3 (fileId=3c35ee08-e215-40fb-aa0f-5a93e32156c4)
2026-07-01 16:36:34 INFO  [WatcherApp] Nouveau mp3 publié : Lendrema.mp3 (fileId=9c60bae3-8dbb-4b0c-9fc5-990d24204796)
2026-07-01 16:36:34 INFO  [WatcherApp] Nouveau mp3 publié : 18 taona.mp3 (fileId=9f9705a5-b770-4ce6-aff4-9dcb3853ef15)
2026-07-01 16:36:34 INFO  [WatcherApp] Nouveau mp3 publié : Lendrema.mp3 (fileId=781f4faf-bbef-420c-aa3b-d8f48afac753)
2026-07-01 16:36:34 INFO  [WatcherApp] Nouveau mp3 publié : 18 taona.mp3 (fileId=0725b4c5-2e30-47ce-a796-b4e75c7e26b7)
2026-07-01 16:36:34 INFO  [WatcherApp] Nouveau mp3 publié : Lendrema.mp3 (fileId=ec820b7e-ca25-469e-a59f-d5bbeb6e64a4)
2026-07-01 16:36:34 INFO  [WatcherApp] Nouveau mp3 publié : 18 taona.mp3 (fileId=2b468bc1-426d-43a9-a25d-dfc2bcf4bf03)
2026-07-01 16:36:34 INFO  [WatcherApp] Nouveau mp3 publié : Lendrema.mp3 (fileId=e5f76eca-cf83-45a0-a7b4-5bd90d7e9d38)
2026-07-01 16:36:34 INFO  [WatcherApp] Nouveau mp3 publié : 18 taona.mp3 (fileId=0bb2e1a1-500e-4b1c-93e8-8d534e97491d)
2026-07-01 16:36:34 INFO  [WatcherApp] Nouveau mp3 publié : Lendrema.mp3 (fileId=58ab7025-0a18-43b4-bf68-47da90c767e9)
2026-07-01 16:36:34 INFO  [WatcherApp] Nouveau mp3 publié : 18 taona.mp3 (fileId=ae8591a0-56b8-497f-be08-503426274721)
2026-07-01 16:36:34 INFO  [WatcherApp] Nouveau mp3 publié : Lendrema.mp3 (fileId=a5453c68-e263-444f-a767-b7c4282c3bce)
2026-07-01 16:36:34 INFO  [WatcherApp] Nouveau mp3 publié : 18 taona.mp3 (fileId=4d781e59-f33c-4ac0-980c-0e7404532f2a)
2026-07-01 16:36:34 INFO  [WatcherApp] Nouveau mp3 publié : Lendrema.mp3 (fileId=a0be3e3f-593d-483e-b9dd-2f253786a6c2)
2026-07-01 16:36:34 INFO  [WatcherApp] Nouveau mp3 publié : 18 taona.mp3 (fileId=56b35a1c-ef21-4fde-963c-5e7feee4a179)
2026-07-01 16:36:34 INFO  [WatcherApp] Nouveau mp3 publié : Lendrema.mp3 (fileId=ea28aa4c-65fb-4eae-9145-52cfbcb3e5e9)
2026-07-01 16:36:34 INFO  [WatcherApp] Nouveau mp3 publié : 18 taona.mp3 (fileId=bdde4a58-c05f-4db9-a121-dfcf4404c0ae)
2026-07-01 16:36:34 INFO  [WatcherApp] Nouveau mp3 publié : Lendrema.mp3 (fileId=41ad8b98-64ac-4b14-a121-99500fcfcfaa)
2026-07-01 16:36:34 INFO  [WatcherApp] Nouveau mp3 publié : 18 taona.mp3 (fileId=228c886e-6d35-4f26-8553-960cb90b8ac7)
2026-07-01 16:36:34 INFO  [WatcherApp] Nouveau mp3 publié : Lendrema.mp3 (fileId=02c28688-0ba3-4651-b7b6-29f3def15a23)
2026-07-01 16:36:34 INFO  [WatcherApp] Nouveau mp3 publié : 18 taona.mp3 (fileId=10bc865f-bdb7-432f-9073-e2755ac23d92)
2026-07-01 16:36:34 INFO  [WatcherApp] Nouveau mp3 publié : Lendrema.mp3 (fileId=9121afbe-c327-4891-860b-6edb39167d22)
2026-07-01 16:36:34 INFO  [WatcherApp] Nouveau mp3 publié : 18 taona.mp3 (fileId=f7bbb4d9-9ebc-4253-9046-46bf2f8d9673)
2026-07-01 16:36:34 INFO  [WatcherApp] Nouveau mp3 publié : Lendrema.mp3 (fileId=621c3172-ea0d-4e21-98b9-2df91499edfa)
2026-07-01 16:36:34 INFO  [WatcherApp] Nouveau mp3 publié : 18 taona.mp3 (fileId=b322fb39-fc93-444e-9307-ad3112158776)
2026-07-01 16:36:34 INFO  [WatcherApp] Nouveau mp3 publié : Lendrema.mp3 (fileId=21857a3e-dcb6-42de-b191-aa96365648e0)
2026-07-01 16:36:34 INFO  [WatcherApp] Nouveau mp3 publié : 18 taona.mp3 (fileId=cdd55f17-1641-45bb-9207-ea1ca5c730f8)
2026-07-01 16:36:34 INFO  [WatcherApp] Nouveau mp3 publié : Lendrema.mp3 (fileId=8abf691d-1cd1-4c01-ac58-1190acfc0f1b)
2026-07-01 16:36:34 INFO  [WatcherApp] Nouveau mp3 publié : 18 taona.mp3 (fileId=2c0cec8b-7524-49c5-bb3c-bef0e5128dff)
2026-07-01 16:36:34 INFO  [WatcherApp] Nouveau mp3 publié : Lendrema.mp3 (fileId=4fa43484-fb5f-4c27-8c71-da62d2449251)
2026-07-01 16:36:34 INFO  [WatcherApp] Nouveau mp3 publié : 18 taona.mp3 (fileId=44479928-e53a-4437-b144-37ae8fe1f545)
2026-07-01 16:36:34 INFO  [WatcherApp] Nouveau mp3 publié : Lendrema.mp3 (fileId=3c2c7774-ca17-4c45-b501-a0127ceec4c7)
2026-07-01 16:36:34 INFO  [WatcherApp] Nouveau mp3 publié : 18 taona.mp3 (fileId=733c08df-f174-4991-b216-b374131857f9)
2026-07-01 16:36:34 INFO  [WatcherApp] Nouveau mp3 publié : Lendrema.mp3 (fileId=c2ad9b0b-b8e5-4172-b0a3-29612e9d0151)
2026-07-01 16:36:34 INFO  [WatcherApp] Nouveau mp3 publié : 18 taona.mp3 (fileId=86aaeca7-0f28-4394-898c-5dde1493a6eb)
2026-07-01 16:36:34 INFO  [WatcherApp] Nouveau mp3 publié : Lendrema.mp3 (fileId=2b8bb1c6-be1a-4361-b95d-624c2d7a7b5f)
2026-07-01 16:36:34 INFO  [WatcherApp] Nouveau mp3 publié : 18 taona.mp3 (fileId=7d4a7390-dc70-4842-b442-0197b449119f)
2026-07-01 16:36:34 INFO  [WatcherApp] Nouveau mp3 publié : Lendrema.mp3 (fileId=e8ec93a0-0846-4a8d-b9a1-0c4263d5844f)
2026-07-01 16:36:34 INFO  [WatcherApp] Nouveau mp3 publié : 18 taona.mp3 (fileId=fccefaef-75b5-44c5-9e7e-1577d2938aa6)
2026-07-01 16:36:34 INFO  [WatcherApp] Nouveau mp3 publié : Lendrema.mp3 (fileId=efd13d5b-8945-4918-b48d-75fb3ed2292a)
2026-07-01 16:36:34 INFO  [WatcherApp] Nouveau mp3 publié : 18 taona.mp3 (fileId=0105988c-d9d8-47b0-8978-a9e4e3f704bd)
2026-07-01 16:36:34 INFO  [WatcherApp] Nouveau mp3 publié : Lendrema.mp3 (fileId=4579992c-5681-48b7-82b1-fa83b36247a9)
2026-07-01 16:36:34 INFO  [WatcherApp] Nouveau mp3 publié : 18 taona.mp3 (fileId=1e6ebfa7-f3df-4913-b93e-fe237fdcb1ad)
2026-07-01 16:36:34 INFO  [WatcherApp] Nouveau mp3 publié : Lendrema.mp3 (fileId=4880345d-d6d1-4e31-9c9c-6fd747bd453a)
2026-07-01 16:36:34 INFO  [WatcherApp] Nouveau mp3 publié : 18 taona.mp3 (fileId=a2ab57da-9f8b-466b-bd2b-0ad750cb540b)
2026-07-01 16:36:34 INFO  [WatcherApp] Nouveau mp3 publié : Lendrema.mp3 (fileId=44b35131-b012-4389-b24d-2d2f73d46e95)
2026-07-01 16:36:34 INFO  [WatcherApp] Nouveau mp3 publié : 18 taona.mp3 (fileId=188c2f76-2c4b-4630-8575-48a5ac40dfd0)
2026-07-01 16:36:34 INFO  [WatcherApp] Nouveau mp3 publié : Lendrema.mp3 (fileId=0d6c27c3-5702-4ef9-ad7f-d5e1ea01bbc5)
2026-07-01 16:36:34 INFO  [WatcherApp] Nouveau mp3 publié : 18 taona.mp3 (fileId=990145c4-da9b-45a9-bb7a-9815d174b758)
2026-07-01 16:36:34 INFO  [WatcherApp] Nouveau mp3 publié : Lendrema.mp3 (fileId=7d6655d3-bb27-4e31-a97b-3ae559cd1fce)
2026-07-01 16:36:34 INFO  [WatcherApp] Nouveau mp3 publié : 18 taona.mp3 (fileId=348b577d-343b-4041-94ba-cdc629a81379)
2026-07-01 16:36:34 INFO  [WatcherApp] Nouveau mp3 publié : Lendrema.mp3 (fileId=02fe0520-6aa3-4db7-80dd-c9cfcc563de3)
2026-07-01 16:36:34 INFO  [WatcherApp] Nouveau mp3 publié : 18 taona.mp3 (fileId=bf89faae-c4ce-493f-9d7c-f495d55e30d1)
2026-07-01 16:36:34 INFO  [WatcherApp] Nouveau mp3 publié : Lendrema.mp3 (fileId=a1acc8c8-475a-46cc-a842-01d3b5ddef12)
2026-07-01 16:36:34 INFO  [WatcherApp] Nouveau mp3 publié : 18 taona.mp3 (fileId=6f0d10fe-7a36-4ffe-bddd-ef51aafb09c7)
2026-07-01 16:36:34 INFO  [WatcherApp] Nouveau mp3 publié : Lendrema.mp3 (fileId=56425248-cb02-415c-b62a-8405d653bae1)
2026-07-01 16:36:34 INFO  [WatcherApp] Nouveau mp3 publié : 18 taona.mp3 (fileId=72819976-0e41-4809-ac4e-a2bb3e7c994e)
2026-07-01 16:36:34 INFO  [WatcherApp] Nouveau mp3 publié : Lendrema.mp3 (fileId=6d08f7f3-2749-4bc4-8ca6-7caab83ba2fd)
2026-07-01 16:36:34 INFO  [WatcherApp] Nouveau mp3 publié : 18 taona.mp3 (fileId=18779390-1d09-4f6b-844e-93210204e20b)
2026-07-01 16:36:34 INFO  [WatcherApp] Nouveau mp3 publié : Lendrema.mp3 (fileId=c1b6393e-f9ec-432d-9645-ae648c07f097)
2026-07-01 16:36:34 INFO  [WatcherApp] Nouveau mp3 publié : 18 taona.mp3 (fileId=5867ad44-29a2-4ab6-b3c6-94bf99af6e07)
2026-07-01 16:36:34 INFO  [WatcherApp] Nouveau mp3 publié : Lendrema.mp3 (fileId=9d58f2dd-daa9-4fed-b405-87aae47e6c0c)
2026-07-01 16:36:34 INFO  [WatcherApp] Nouveau mp3 publié : 18 taona.mp3 (fileId=c3e204d9-a50b-4ccb-b06d-84a35927164b)
2026-07-01 16:36:34 INFO  [WatcherApp] Nouveau mp3 publié : Lendrema.mp3 (fileId=312b0ba3-82fb-4ed3-88dd-5adf8e2988bb)
2026-07-01 16:36:34 INFO  [WatcherApp] Nouveau mp3 publié : 18 taona.mp3 (fileId=795a532c-a224-471d-8d65-92712bc8b241)
2026-07-01 16:36:34 INFO  [WatcherApp] Nouveau mp3 publié : Lendrema.mp3 (fileId=4d7251e1-8a37-4e2c-a0a6-91de4a4b69b7)
2026-07-01 16:36:34 INFO  [WatcherApp] Nouveau mp3 publié : 18 taona.mp3 (fileId=55a94ba0-ae9c-4c7f-9c6e-f1cc9d851fd6)
2026-07-01 16:36:34 INFO  [WatcherApp] Nouveau mp3 publié : Lendrema.mp3 (fileId=fbacbfe7-4a1b-48e6-bcaf-600512f65bd1)
2026-07-01 16:36:34 INFO  [WatcherApp] Nouveau mp3 publié : 18 taona.mp3 (fileId=15bc774d-386c-4fc6-b113-52d61a2c318c)
2026-07-01 16:36:34 INFO  [WatcherApp] Nouveau mp3 publié : Lendrema.mp3 (fileId=8e84cd24-ebfb-43d0-9d25-525e943f6b23)
2026-07-01 16:36:34 INFO  [WatcherApp] Nouveau mp3 publié : 18 taona.mp3 (fileId=82706dbe-8058-40ad-8482-af99b029e8ce)
2026-07-01 16:36:34 INFO  [WatcherApp] Nouveau mp3 publié : Lendrema.mp3 (fileId=470ae716-8dbd-47cb-bc35-60146710ef59)
2026-07-01 16:36:34 INFO  [WatcherApp] Nouveau mp3 publié : 18 taona.mp3 (fileId=1f1e0f4a-ff76-4eaf-bc80-0bf9558270e9)
2026-07-01 16:36:34 INFO  [WatcherApp] Nouveau mp3 publié : Lendrema.mp3 (fileId=356d6bcf-b021-4991-ad19-0604f5c7e651)
2026-07-01 16:36:34 INFO  [WatcherApp] Nouveau mp3 publié : 18 taona.mp3 (fileId=49a9b634-584b-473c-ba97-871912487f24)
2026-07-01 16:36:34 INFO  [WatcherApp] Nouveau mp3 publié : Lendrema.mp3 (fileId=14387184-c3fd-4f14-8227-8b7160a3eaf6)
2026-07-01 16:36:34 INFO  [WatcherApp] Nouveau mp3 publié : 18 taona.mp3 (fileId=2dd989b3-153b-49be-a209-924f7c5f5ca9)
2026-07-01 16:36:34 INFO  [WatcherApp] Nouveau mp3 publié : Lendrema.mp3 (fileId=3eea3808-d503-4751-bdd9-3e110f1a1df3)
2026-07-01 16:36:34 INFO  [WatcherApp] Nouveau mp3 publié : 18 taona.mp3 (fileId=8b2b4d93-dd0e-4b4c-bfc2-8fc085a04ac4)
2026-07-01 16:36:34 INFO  [WatcherApp] Nouveau mp3 publié : Lendrema.mp3 (fileId=3b31958d-f740-41cb-b55f-afb95612bc37)
2026-07-01 16:36:34 INFO  [WatcherApp] Nouveau mp3 publié : 18 taona.mp3 (fileId=64f17ef2-4e83-4424-9781-3f2fd5750623)
2026-07-01 16:36:34 INFO  [WatcherApp] Nouveau mp3 publié : Lendrema.mp3 (fileId=2e8ce060-6a24-45c8-8798-0fba8ba29143)
2026-07-01 16:36:34 INFO  [WatcherApp] Nouveau mp3 publié : 18 taona.mp3 (fileId=bf4b24e4-3e1a-4be2-a1d9-af1d8b5943e4)
2026-07-01 16:36:34 INFO  [WatcherApp] Nouveau mp3 publié : Lendrema.mp3 (fileId=f653a905-245d-4d91-a017-2cdf88c40504)
2026-07-01 16:36:34 INFO  [WatcherApp] Nouveau mp3 publié : 18 taona.mp3 (fileId=bb36e0f8-92ec-4228-a8c5-d7c3adff2e4b)
2026-07-01 16:36:34 INFO  [WatcherApp] Nouveau mp3 publié : Lendrema.mp3 (fileId=877e8a53-3aa6-44bd-a28c-bffc3cb5dd96)
2026-07-01 16:36:34 INFO  [WatcherApp] Nouveau mp3 publié : 18 taona.mp3 (fileId=119807f4-dd34-4f73-83ef-f184d31c08d2)
2026-07-01 16:36:34 INFO  [WatcherApp] Nouveau mp3 publié : Lendrema.mp3 (fileId=cb35d855-e5c5-46ae-9a30-c433701dd748)
2026-07-01 16:36:34 INFO  [WatcherApp] Nouveau mp3 publié : 18 taona.mp3 (fileId=c731374b-c8ce-41ef-8d94-e233d76f26ca)
2026-07-01 16:36:34 INFO  [WatcherApp] Nouveau mp3 publié : Lendrema.mp3 (fileId=c0809f4d-6d88-4503-8286-fc297774aeaf)
2026-07-01 16:36:34 INFO  [WatcherApp] Nouveau mp3 publié : 18 taona.mp3 (fileId=689a30cb-286a-4a6b-ae3c-6d33639c70f5)
2026-07-01 16:36:34 INFO  [WatcherApp] Nouveau mp3 publié : Lendrema.mp3 (fileId=4e6526a1-d0fb-4727-9fb0-1d24dfd87ffc)
2026-07-01 16:36:34 INFO  [WatcherApp] Nouveau mp3 publié : 18 taona.mp3 (fileId=0eadbe28-11ac-4cb1-83d4-c1edaf1a5ef9)
2026-07-01 16:36:34 INFO  [WatcherApp] Nouveau mp3 publié : Lendrema.mp3 (fileId=51c24280-a0bc-41f3-83a3-2579646bcd80)
2026-07-01 16:36:34 INFO  [WatcherApp] Nouveau mp3 publié : 18 taona.mp3 (fileId=e346ed41-d489-47c6-bc94-03b6e1c1b2d2)
2026-07-01 16:36:34 INFO  [WatcherApp] Nouveau mp3 publié : Lendrema.mp3 (fileId=8bc74846-b04e-48d5-b23f-80e23b5f1036)
2026-07-01 16:36:34 INFO  [WatcherApp] Nouveau mp3 publié : 18 taona.mp3 (fileId=85f04db3-c6c2-4e12-b1e5-47b80648f858)
2026-07-01 16:36:34 INFO  [WatcherApp] Nouveau mp3 publié : Lendrema.mp3 (fileId=f8974c9e-8a45-4706-8bf8-4e8dda34b809)
2026-07-01 16:36:34 INFO  [WatcherApp] Nouveau mp3 publié : 18 taona.mp3 (fileId=aba0a1b4-7cf8-4f9b-95e9-bb1f7c0afc12)
2026-07-01 16:36:34 INFO  [WatcherApp] Nouveau mp3 publié : Lendrema.mp3 (fileId=22f4aa0e-3b5f-46e4-90d6-da8c9aa4c0d4)
2026-07-01 16:36:34 INFO  [WatcherApp] Nouveau mp3 publié : 18 taona.mp3 (fileId=3032db6a-a771-4fa1-aa8d-869f891156a1)
2026-07-01 16:36:34 INFO  [WatcherApp] Nouveau mp3 publié : Lendrema.mp3 (fileId=870e18ab-353c-43ef-9243-3fdc9ec7f306)
2026-07-01 16:36:34 INFO  [WatcherApp] Nouveau mp3 publié : 18 taona.mp3 (fileId=090bea3a-a2f3-478a-9c4f-be547fc61d44)
2026-07-01 16:36:34 INFO  [WatcherApp] Nouveau mp3 publié : Lendrema.mp3 (fileId=81941772-3f28-4625-b144-4dd668203df1)
2026-07-01 16:36:34 INFO  [WatcherApp] Nouveau mp3 publié : 18 taona.mp3 (fileId=584f848e-b70d-42c7-9c50-6e249684b6e8)
2026-07-01 16:36:34 INFO  [WatcherApp] Nouveau mp3 publié : Lendrema.mp3 (fileId=1bf9d71c-a273-4a1b-8d47-93427d15f5cd)
2026-07-01 16:36:34 INFO  [WatcherApp] Nouveau mp3 publié : 18 taona.mp3 (fileId=48174c53-0922-47e5-a278-760ba03a6840)
2026-07-01 16:36:34 INFO  [WatcherApp] Nouveau mp3 publié : Lendrema.mp3 (fileId=99a0c628-b7e2-4759-bab8-2b301a64764b)
2026-07-01 16:36:34 INFO  [WatcherApp] Nouveau mp3 publié : 18 taona.mp3 (fileId=1de77a41-977a-48df-9519-eca3e86cd9ad)
2026-07-01 16:36:34 INFO  [WatcherApp] Nouveau mp3 publié : Lendrema.mp3 (fileId=e7e22a13-c7cd-4382-aae7-760ed74fd3a9)
2026-07-01 16:36:34 INFO  [WatcherApp] Nouveau mp3 publié : 18 taona.mp3 (fileId=19c85d49-a493-4c56-8cec-a628893e5c42)
2026-07-01 16:36:34 INFO  [WatcherApp] Nouveau mp3 publié : Lendrema.mp3 (fileId=1962236f-23ff-403b-8372-6da2dc3607f0)
2026-07-01 16:36:34 INFO  [WatcherApp] Nouveau mp3 publié : 18 taona.mp3 (fileId=98bceda6-ed81-43cf-970b-f175c9844e5d)
2026-07-01 16:36:34 INFO  [WatcherApp] Nouveau mp3 publié : Lendrema.mp3 (fileId=8ee70220-a90e-45b8-8bbf-d1a2885d8084)
2026-07-01 16:36:34 INFO  [WatcherApp] Nouveau mp3 publié : 18 taona.mp3 (fileId=7c604107-fd95-461c-8a92-04f1344839d5)
2026-07-01 16:36:34 INFO  [WatcherApp] Nouveau mp3 publié : Lendrema.mp3 (fileId=f4157022-5efd-4fe3-84bf-fe1242ce4817)
2026-07-01 16:36:34 INFO  [WatcherApp] Nouveau mp3 publié : 18 taona.mp3 (fileId=4a53ccd5-52b1-447a-bf19-071a18593983)
2026-07-01 16:36:34 INFO  [WatcherApp] Nouveau mp3 publié : Lendrema.mp3 (fileId=5ff4d65a-93ce-4208-a329-f686f106dd14)
2026-07-01 16:36:34 INFO  [WatcherApp] Nouveau mp3 publié : 18 taona.mp3 (fileId=42c676bc-bfb7-4785-82fc-18af86db3871)
2026-07-01 16:36:34 INFO  [WatcherApp] Nouveau mp3 publié : Lendrema.mp3 (fileId=7c3fddfb-6959-4fa1-a8d0-8940a8bdecfc)
2026-07-01 16:36:34 INFO  [WatcherApp] Nouveau mp3 publié : 18 taona.mp3 (fileId=3e4fe373-bd2f-4dfa-9d7f-d440b5a2d76c)
2026-07-01 16:36:34 INFO  [WatcherApp] Nouveau mp3 publié : Lendrema.mp3 (fileId=7c3748f0-6d14-4888-b68d-4ee2a1e9a86f)
2026-07-01 16:36:34 INFO  [WatcherApp] Nouveau mp3 publié : 18 taona.mp3 (fileId=8a5aba9b-96f4-4c05-924c-66bd0abf42d9)
2026-07-01 16:36:34 INFO  [WatcherApp] Nouveau mp3 publié : Lendrema.mp3 (fileId=cb1ff78b-f581-4185-8c48-05de2ec71cb2)
2026-07-01 16:36:34 INFO  [WatcherApp] Nouveau mp3 publié : 18 taona.mp3 (fileId=8078b1b2-7a2d-474d-9073-598a0e18ae07)
2026-07-01 16:36:34 INFO  [WatcherApp] Nouveau mp3 publié : Lendrema.mp3 (fileId=730bd71a-4991-472d-b925-39ac656b0959)
2026-07-01 16:36:34 INFO  [WatcherApp] Nouveau mp3 publié : 18 taona.mp3 (fileId=2c33fc96-b64c-4487-9748-001c601e01d3)
2026-07-01 16:36:34 INFO  [WatcherApp] Nouveau mp3 publié : Lendrema.mp3 (fileId=3d16c035-2af1-4bff-812f-f1c9dd4133a6)
2026-07-01 16:36:34 INFO  [WatcherApp] Nouveau mp3 publié : 18 taona.mp3 (fileId=0c3941be-2c6d-4289-9d49-478b65cd022f)
2026-07-01 16:36:34 INFO  [WatcherApp] Nouveau mp3 publié : Lendrema.mp3 (fileId=b434c0e3-81d9-48e5-8945-3fbc968aeb83)
2026-07-01 16:36:34 INFO  [WatcherApp] Nouveau mp3 publié : 18 taona.mp3 (fileId=d05826b4-21ef-45bf-ab97-dba9492475bd)
2026-07-01 16:36:34 INFO  [WatcherApp] Nouveau mp3 publié : Lendrema.mp3 (fileId=74120f02-2cbc-47c5-ac10-b389afdb4e1a)
2026-07-01 16:36:34 INFO  [WatcherApp] Nouveau mp3 publié : 18 taona.mp3 (fileId=f22c9508-193f-42bc-a287-6f8bd0cd4b2b)
2026-07-01 16:36:34 INFO  [WatcherApp] Nouveau mp3 publié : Lendrema.mp3 (fileId=dc7a1a98-5d97-4cc9-bc9f-8d39a1111d62)
2026-07-01 16:36:34 INFO  [WatcherApp] Nouveau mp3 publié : 18 taona.mp3 (fileId=57a32dd9-5673-4ade-b43c-9b43e9f51ac9)
2026-07-01 16:36:34 INFO  [WatcherApp] Nouveau mp3 publié : Lendrema.mp3 (fileId=29155382-6ae3-4b36-8293-3902651e71bf)
2026-07-01 16:36:34 INFO  [WatcherApp] Nouveau mp3 publié : 18 taona.mp3 (fileId=474d76a0-c4c7-4297-b540-638725d7ccb1)
2026-07-01 16:36:34 INFO  [WatcherApp] Nouveau mp3 publié : Lendrema.mp3 (fileId=092f4f98-5d50-416f-9198-739bd243be01)
2026-07-01 16:36:34 INFO  [WatcherApp] Nouveau mp3 publié : 18 taona.mp3 (fileId=66eec489-9e93-4a16-a00f-af8b017f280c)
2026-07-01 16:36:34 INFO  [WatcherApp] Nouveau mp3 publié : Lendrema.mp3 (fileId=feacf2ae-ebe2-426a-8806-da7007867cd7)
2026-07-01 16:36:34 INFO  [WatcherApp] Nouveau mp3 publié : 18 taona.mp3 (fileId=a7999021-b8f3-46dd-8cfc-18cd97b60dd3)
2026-07-01 16:36:34 INFO  [WatcherApp] Nouveau mp3 publié : Lendrema.mp3 (fileId=f72dfcff-3e76-49af-a37f-84847b77edfc)
2026-07-01 16:36:34 INFO  [WatcherApp] Nouveau mp3 publié : 18 taona.mp3 (fileId=dfbf1897-d22e-4bcb-b42b-468bd39341d3)
2026-07-01 16:36:34 INFO  [WatcherApp] Nouveau mp3 publié : Lendrema.mp3 (fileId=9650acda-b87e-4aa4-91b7-14ffa4a2d3f4)
2026-07-01 16:36:34 INFO  [WatcherApp] Nouveau mp3 publié : 18 taona.mp3 (fileId=f81093ea-d694-42ec-b698-e9809460c559)
2026-07-01 16:36:34 INFO  [WatcherApp] Nouveau mp3 publié : Lendrema.mp3 (fileId=ef0c9d0b-75f4-4b6b-9f77-b9a55c321322)
2026-07-01 16:36:34 INFO  [WatcherApp] Nouveau mp3 publié : 18 taona.mp3 (fileId=6fbd54ac-55c6-4e9d-a359-e430799c5006)
2026-07-01 16:36:34 INFO  [WatcherApp] Nouveau mp3 publié : Lendrema.mp3 (fileId=da0d8fbf-b755-425b-a847-83820362d4f3)
2026-07-01 16:36:34 INFO  [WatcherApp] Nouveau mp3 publié : 18 taona.mp3 (fileId=521cfb51-15fa-430f-97c2-91ec03a33447)
2026-07-01 16:36:34 INFO  [WatcherApp] Nouveau mp3 publié : Lendrema.mp3 (fileId=8e794ba7-af6a-461b-b687-be8245afe49c)
2026-07-01 16:36:34 INFO  [WatcherApp] Nouveau mp3 publié : 18 taona.mp3 (fileId=39c36649-8057-4979-8854-14e84419b545)
2026-07-01 16:36:34 INFO  [WatcherApp] Nouveau mp3 publié : Lendrema.mp3 (fileId=c0f029d8-e95d-49de-afe4-b98b84f321ec)
2026-07-01 16:36:34 INFO  [WatcherApp] Nouveau mp3 publié : 18 taona.mp3 (fileId=da413d73-4e4f-4912-954a-e5ccf03aae1d)
2026-07-01 16:36:34 INFO  [WatcherApp] Nouveau mp3 publié : Lendrema.mp3 (fileId=f0bcc592-0a99-4a43-8df5-b25cad0bd826)
2026-07-01 16:36:34 INFO  [WatcherApp] Nouveau mp3 publié : 18 taona.mp3 (fileId=fa7eed57-4ca9-40c0-bf6a-26a5de06a83e)
2026-07-01 16:36:34 INFO  [WatcherApp] Nouveau mp3 publié : Lendrema.mp3 (fileId=91faac96-5c86-4820-8e4d-23fcc5734ebd)
2026-07-01 16:36:34 INFO  [WatcherApp] Nouveau mp3 publié : 18 taona.mp3 (fileId=36473778-2a7f-47c2-8c5d-f81d88adb6de)
2026-07-01 16:36:34 INFO  [WatcherApp] Nouveau mp3 publié : Lendrema.mp3 (fileId=5f986a52-4ecb-4584-a779-028ec9cfa9bd)
2026-07-01 16:36:34 INFO  [WatcherApp] Nouveau mp3 publié : 18 taona.mp3 (fileId=cbc1f4ed-d933-49ea-a32b-eae6f485a90c)
2026-07-01 16:36:34 INFO  [WatcherApp] Nouveau mp3 publié : Lendrema.mp3 (fileId=f26e265d-f63d-43ca-a27f-6836cc697060)
2026-07-01 16:36:34 INFO  [WatcherApp] Nouveau mp3 publié : 18 taona.mp3 (fileId=2208b6ad-9f3c-4e35-926d-3f493ab26260)
2026-07-01 16:36:34 INFO  [WatcherApp] Nouveau mp3 publié : Lendrema.mp3 (fileId=1cee8025-9316-4b2a-b9a0-9ef3736c3aa0)
2026-07-01 16:36:34 INFO  [WatcherApp] Nouveau mp3 publié : 18 taona.mp3 (fileId=564210e7-f500-49d5-86c0-4753b6e08866)
2026-07-01 16:36:34 INFO  [WatcherApp] Nouveau mp3 publié : Lendrema.mp3 (fileId=702853bb-49b2-4b3c-9dca-f36bce4852e4)
2026-07-01 16:36:34 INFO  [WatcherApp] Nouveau mp3 publié : 18 taona.mp3 (fileId=795afbc4-16be-45db-bd88-1c22e669488e)
2026-07-01 16:36:34 INFO  [WatcherApp] Nouveau mp3 publié : Lendrema.mp3 (fileId=bed6bc57-450c-4339-b12f-ddb4f42fe620)
2026-07-01 16:36:34 INFO  [WatcherApp] Nouveau mp3 publié : 18 taona.mp3 (fileId=dd85deaf-ad59-4979-ac5f-c347b6de60b6)
2026-07-01 16:36:34 INFO  [WatcherApp] Nouveau mp3 publié : Lendrema.mp3 (fileId=a1c80121-3638-4e88-b0d7-66e21a907a02)
2026-07-01 16:36:34 INFO  [WatcherApp] Nouveau mp3 publié : 18 taona.mp3 (fileId=443b1a57-06d9-468a-8d85-78b876303bfa)
2026-07-01 16:36:34 INFO  [WatcherApp] Nouveau mp3 publié : Lendrema.mp3 (fileId=6ab2028d-a26d-4eab-a97e-dee777020c2c)
2026-07-01 16:36:34 INFO  [WatcherApp] Nouveau mp3 publié : 18 taona.mp3 (fileId=7b51f591-48e8-4e65-985e-2547841401d6)
2026-07-01 16:36:34 INFO  [WatcherApp] Nouveau mp3 publié : Lendrema.mp3 (fileId=5ff810c7-6208-4419-be49-00390b13f4af)
2026-07-01 16:36:34 INFO  [WatcherApp] Nouveau mp3 publié : 18 taona.mp3 (fileId=99614dab-ca9e-4562-ab90-29f6abf27d22)
2026-07-01 16:36:34 INFO  [WatcherApp] Nouveau mp3 publié : Lendrema.mp3 (fileId=4ac3fcaf-4de8-431f-a19d-8c9202ade4a3)
2026-07-01 16:36:34 INFO  [WatcherApp] Nouveau mp3 publié : 18 taona.mp3 (fileId=8c04af6b-6436-4fdc-af90-d28bbbb348a6)
2026-07-01 16:36:34 INFO  [WatcherApp] Nouveau mp3 publié : Lendrema.mp3 (fileId=f15e5894-b67e-46bd-988a-78e11e7c628a)
2026-07-01 16:36:34 INFO  [WatcherApp] Nouveau mp3 publié : 18 taona.mp3 (fileId=693a94e9-aea0-48ac-a1f8-94e8ef14acad)
2026-07-01 16:36:34 INFO  [WatcherApp] Nouveau mp3 publié : Lendrema.mp3 (fileId=ef963783-c96e-4330-995d-c377b1ed5978)
2026-07-01 16:36:34 INFO  [WatcherApp] Nouveau mp3 publié : 18 taona.mp3 (fileId=05d63767-86e7-45e6-9c21-8d943ff67c09)
2026-07-01 16:36:34 INFO  [WatcherApp] Nouveau mp3 publié : Lendrema.mp3 (fileId=68fe406f-6e10-495c-bf41-8f57194ba73b)
2026-07-01 16:36:34 INFO  [WatcherApp] Nouveau mp3 publié : 18 taona.mp3 (fileId=c4ff64dd-ea54-4e51-bea5-8cdef005dcd9)
2026-07-01 16:36:34 INFO  [WatcherApp] Nouveau mp3 publié : Lendrema.mp3 (fileId=05e1f10b-9106-4af0-89d9-7249115f9da1)
2026-07-01 16:36:34 INFO  [WatcherApp] Nouveau mp3 publié : 18 taona.mp3 (fileId=180a66cc-5b1d-45af-b6c0-e3644a72ca98)
2026-07-01 16:36:34 INFO  [WatcherApp] Nouveau mp3 publié : Lendrema.mp3 (fileId=8918e5dc-4eaf-4ce2-9fd5-ac6cebf14964)
2026-07-01 16:36:34 INFO  [WatcherApp] Nouveau mp3 publié : 18 taona.mp3 (fileId=20220f7d-2daa-4bb8-a999-53bb2d249331)
2026-07-01 16:36:34 INFO  [WatcherApp] Nouveau mp3 publié : Lendrema.mp3 (fileId=f7ddf0b5-f93e-4c78-a379-a36f08b09ee5)
2026-07-01 16:36:34 INFO  [WatcherApp] Nouveau mp3 publié : 18 taona.mp3 (fileId=87025cf3-361c-4d2f-9d55-4dd49504678a)
2026-07-01 16:36:34 INFO  [WatcherApp] Nouveau mp3 publié : Lendrema.mp3 (fileId=dd594045-660c-4095-9eaf-7d00663c4e41)
2026-07-01 16:36:34 INFO  [WatcherApp] Nouveau mp3 publié : 18 taona.mp3 (fileId=e50fae40-edf5-4af1-8903-487d046d955f)
2026-07-01 16:36:34 INFO  [WatcherApp] Nouveau mp3 publié : Lendrema.mp3 (fileId=84e5a0b0-bd41-405a-85b3-7546de111d91)
2026-07-01 16:36:34 INFO  [WatcherApp] Nouveau mp3 publié : 18 taona.mp3 (fileId=9638dd66-1c80-4b27-a96b-3d3155c913aa)
2026-07-01 16:36:34 INFO  [WatcherApp] Nouveau mp3 publié : Lendrema.mp3 (fileId=d3511f4d-9fcb-4194-b50c-21b573570dd4)
2026-07-01 16:36:34 INFO  [WatcherApp] Nouveau mp3 publié : 18 taona.mp3 (fileId=553d04a8-6d07-45dc-a254-cc8aec5e75ec)
2026-07-01 16:36:34 INFO  [WatcherApp] Nouveau mp3 publié : Lendrema.mp3 (fileId=edd9ec61-74b6-42b2-b757-e4722ecf68ab)
2026-07-01 16:36:34 INFO  [WatcherApp] Nouveau mp3 publié : 18 taona.mp3 (fileId=07bebf66-9841-4dd8-980f-5f151f5cf1c5)
2026-07-01 16:36:34 INFO  [WatcherApp] Nouveau mp3 publié : Lendrema.mp3 (fileId=53028f4f-bbe0-4db0-93e0-0acb1e56c245)
2026-07-01 16:36:34 INFO  [WatcherApp] Nouveau mp3 publié : 18 taona.mp3 (fileId=22311a81-9221-4d67-a768-9730c9c02a44)
2026-07-01 16:36:34 INFO  [WatcherApp] Nouveau mp3 publié : Lendrema.mp3 (fileId=3124c275-3422-4f7c-9e34-095e2e4dd25f)
2026-07-01 16:36:34 INFO  [WatcherApp] Nouveau mp3 publié : 18 taona.mp3 (fileId=6a53f647-7524-41e6-be12-212b80c20dff)
2026-07-01 16:36:34 INFO  [WatcherApp] Nouveau mp3 publié : Lendrema.mp3 (fileId=42dba50d-cb57-4d8a-be74-a8fef848fc3e)
2026-07-01 16:36:34 INFO  [WatcherApp] Nouveau mp3 publié : 18 taona.mp3 (fileId=d2d84705-06a6-4ab0-81c3-e9275fd152a8)
2026-07-01 16:36:34 INFO  [WatcherApp] Nouveau mp3 publié : Lendrema.mp3 (fileId=788aa5d3-a54d-4508-8d66-20fb8cda5611)
2026-07-01 16:36:34 INFO  [WatcherApp] Nouveau mp3 publié : 18 taona.mp3 (fileId=82d446b5-02e9-4c22-b9ab-18b7addf6b00)
2026-07-01 16:36:34 INFO  [WatcherApp] Nouveau mp3 publié : Lendrema.mp3 (fileId=f32246b8-9470-4677-969c-c9082969d9b2)
2026-07-01 16:36:34 INFO  [WatcherApp] Nouveau mp3 publié : 18 taona.mp3 (fileId=7274a2a7-b000-4f84-a939-6b769e279d30)
2026-07-01 16:36:34 INFO  [WatcherApp] Nouveau mp3 publié : Lendrema.mp3 (fileId=3dc7fa75-814c-4f00-9c5e-cd68e5fbd40a)
2026-07-01 16:36:34 INFO  [WatcherApp] Nouveau mp3 publié : 18 taona.mp3 (fileId=8fda7ccb-853a-4877-928e-ae509dec60a3)
2026-07-01 16:36:34 INFO  [WatcherApp] Nouveau mp3 publié : Lendrema.mp3 (fileId=3a624f10-a329-4509-a93e-436fbf1be8bf)
2026-07-01 16:36:34 INFO  [WatcherApp] Nouveau mp3 publié : 18 taona.mp3 (fileId=4f92d945-a5bb-4bc4-8d62-f002f474fe2e)
2026-07-01 16:36:34 INFO  [WatcherApp] Nouveau mp3 publié : Lendrema.mp3 (fileId=a8391e64-add7-4c85-8241-1711cd89777c)
2026-07-01 16:36:34 INFO  [WatcherApp] Nouveau mp3 publié : 18 taona.mp3 (fileId=83397e12-669c-47e4-a14d-fcb8c0de6f3a)
2026-07-01 16:36:34 INFO  [WatcherApp] Nouveau mp3 publié : Lendrema.mp3 (fileId=35df1b7d-c139-428d-95cc-b7f77a3700bc)
2026-07-01 16:36:34 INFO  [WatcherApp] Nouveau mp3 publié : 18 taona.mp3 (fileId=f7bc3da9-8fbe-41e9-a88c-cecdafa83dde)
2026-07-01 16:36:34 INFO  [WatcherApp] Nouveau mp3 publié : Lendrema.mp3 (fileId=ec9aee56-2970-447e-9674-b5194aa1eb5a)
2026-07-01 16:36:34 INFO  [WatcherApp] Nouveau mp3 publié : 18 taona.mp3 (fileId=5ddf830b-68b2-4380-be88-c9b6569a0c5a)
2026-07-01 16:36:34 INFO  [WatcherApp] Nouveau mp3 publié : Lendrema.mp3 (fileId=9037aa2e-3290-4172-8095-b931ec217d65)
2026-07-01 16:36:34 INFO  [WatcherApp] Nouveau mp3 publié : 18 taona.mp3 (fileId=723a633c-12e3-4599-9b6c-89ddb59c9684)
2026-07-01 16:36:34 INFO  [WatcherApp] Nouveau mp3 publié : Lendrema.mp3 (fileId=5aed600a-d59c-490a-8350-0c3bc5936e83)
2026-07-01 16:36:34 INFO  [WatcherApp] Nouveau mp3 publié : 18 taona.mp3 (fileId=6c125759-9ac6-4cb9-b23c-9228a4b792ea)
2026-07-01 16:36:34 INFO  [WatcherApp] Nouveau mp3 publié : Lendrema.mp3 (fileId=08193e88-5315-4f27-b1eb-0db598281b67)
2026-07-01 16:36:34 INFO  [WatcherApp] Nouveau mp3 publié : 18 taona.mp3 (fileId=1cfc5b8e-1e22-4a52-8c14-64fdc0b1bef8)
2026-07-01 16:36:34 INFO  [WatcherApp] Nouveau mp3 publié : Lendrema.mp3 (fileId=5d6e4c13-ff72-47e0-a6f8-7c6cac5939d8)
2026-07-01 16:36:34 INFO  [WatcherApp] Nouveau mp3 publié : 18 taona.mp3 (fileId=5a9926de-7d4c-4bca-af61-719d7ded8ef4)
2026-07-01 16:36:34 INFO  [WatcherApp] Nouveau mp3 publié : Lendrema.mp3 (fileId=a44e2813-ac7d-46e6-b6a8-c3dc4634012c)
2026-07-01 16:36:34 INFO  [WatcherApp] Nouveau mp3 publié : 18 taona.mp3 (fileId=4610dd5d-aff4-4a49-bca1-69f7d6d75a1b)
2026-07-01 16:36:34 INFO  [WatcherApp] Nouveau mp3 publié : Lendrema.mp3 (fileId=29a0cd25-44d7-4a5a-8b85-f8250735b05e)
2026-07-01 16:36:34 INFO  [WatcherApp] Nouveau mp3 publié : 18 taona.mp3 (fileId=6d02aea4-4658-4789-a0ac-32f3074a543f)
2026-07-01 16:36:34 INFO  [WatcherApp] Nouveau mp3 publié : Lendrema.mp3 (fileId=69fb5b5a-70e3-4c45-bb36-5367c070cc22)
2026-07-01 16:36:34 INFO  [WatcherApp] Nouveau mp3 publié : 18 taona.mp3 (fileId=efd9d672-f55f-4100-9c24-af864c3bfb52)
2026-07-01 16:36:34 INFO  [WatcherApp] Nouveau mp3 publié : Lendrema.mp3 (fileId=bb8debf1-54d9-4c9d-8ddd-fba95989c1d6)
2026-07-01 16:36:34 INFO  [WatcherApp] Nouveau mp3 publié : 18 taona.mp3 (fileId=dd0b967e-c2b8-4405-9b9c-4b7119d7f4fd)
2026-07-01 16:36:34 INFO  [WatcherApp] Nouveau mp3 publié : Lendrema.mp3 (fileId=55f5db52-c66d-4600-a723-ca74e1e6defb)
2026-07-01 16:36:34 INFO  [WatcherApp] Nouveau mp3 publié : 18 taona.mp3 (fileId=d7988449-307d-4d70-aecc-065a56729c30)
2026-07-01 16:36:34 INFO  [WatcherApp] Nouveau mp3 publié : Lendrema.mp3 (fileId=5d34148c-b276-41d0-957c-01fe45bcb3ad)
2026-07-01 16:36:34 INFO  [WatcherApp] Nouveau mp3 publié : 18 taona.mp3 (fileId=7a125c16-f6a5-4f2e-b8e1-db6463a9578f)
2026-07-01 16:36:34 INFO  [WatcherApp] Nouveau mp3 publié : Lendrema.mp3 (fileId=ff4fe471-87ce-45e6-83be-639cabf90705)
2026-07-01 16:36:34 INFO  [WatcherApp] Nouveau mp3 publié : 18 taona.mp3 (fileId=4f696abc-9e1e-4c43-8c38-46d1b2a61a07)
2026-07-01 16:36:34 INFO  [WatcherApp] Nouveau mp3 publié : Lendrema.mp3 (fileId=ec956979-529b-4982-9860-1b29329b98f1)
2026-07-01 16:36:34 INFO  [WatcherApp] Nouveau mp3 publié : 18 taona.mp3 (fileId=39f30c9e-cca5-4acb-a35d-4463056208c4)
2026-07-01 16:36:34 INFO  [WatcherApp] Nouveau mp3 publié : Lendrema.mp3 (fileId=dbe4f8fe-8714-41ea-bb50-4e5ff9e49793)
2026-07-01 16:36:34 INFO  [WatcherApp] Nouveau mp3 publié : 18 taona.mp3 (fileId=3008d66e-0591-480a-af08-3e22f79d2bd6)
2026-07-01 16:36:34 INFO  [WatcherApp] Nouveau mp3 publié : Lendrema.mp3 (fileId=0f1c7fec-9d1b-4256-adba-378d4929e53f)
2026-07-01 16:36:34 INFO  [WatcherApp] Nouveau mp3 publié : 18 taona.mp3 (fileId=d979d576-d890-4be0-9d12-10ecf0b4fa0d)
2026-07-01 16:36:34 INFO  [WatcherApp] Nouveau mp3 publié : Lendrema.mp3 (fileId=f6fc1bb6-acd5-445f-88b9-4ef5a19c4c32)
2026-07-01 16:36:34 INFO  [WatcherApp] Nouveau mp3 publié : 18 taona.mp3 (fileId=0ca51551-e528-4336-b51b-60b6a09a0595)
2026-07-01 16:36:34 INFO  [WatcherApp] Nouveau mp3 publié : Lendrema.mp3 (fileId=a362314a-57fc-4210-a721-554316b01402)
2026-07-01 16:36:34 INFO  [WatcherApp] Nouveau mp3 publié : 18 taona.mp3 (fileId=cdfc6823-fdb9-4983-8303-c3a5c63fadaf)
2026-07-01 16:36:34 INFO  [WatcherApp] Nouveau mp3 publié : Lendrema.mp3 (fileId=1ee766a7-b88f-46c7-9078-394fec3340ce)
2026-07-01 16:36:34 INFO  [WatcherApp] Nouveau mp3 publié : 18 taona.mp3 (fileId=574c0516-2d6a-4499-a304-d5404d544d4e)
2026-07-01 16:36:34 INFO  [WatcherApp] Nouveau mp3 publié : Lendrema.mp3 (fileId=ed4ec3ad-b9b8-4556-bc8f-faf56aba1672)
2026-07-01 16:36:34 INFO  [WatcherApp] Nouveau mp3 publié : 18 taona.mp3 (fileId=2fb63ef7-b515-4dfb-ae38-9e85387073ee)
2026-07-01 16:36:34 INFO  [WatcherApp] Nouveau mp3 publié : Lendrema.mp3 (fileId=361e7025-ebc3-4528-a2ab-9aaa6fbefda1)
2026-07-01 16:36:34 INFO  [WatcherApp] Nouveau mp3 publié : 18 taona.mp3 (fileId=56e243c0-ba22-44ad-b3be-70dddafd912f)
2026-07-01 16:36:34 INFO  [WatcherApp] Nouveau mp3 publié : Lendrema.mp3 (fileId=ba53d51a-f136-4a09-af06-41a3591afbb7)
2026-07-01 16:36:34 INFO  [WatcherApp] Nouveau mp3 publié : 18 taona.mp3 (fileId=9f266de3-fa58-4c98-b6c1-bb1672d1a144)
2026-07-01 16:36:34 INFO  [WatcherApp] Nouveau mp3 publié : Lendrema.mp3 (fileId=405b2f72-f303-44c1-b3c2-0ebafd3b21f0)
2026-07-01 16:36:34 INFO  [WatcherApp] Nouveau mp3 publié : 18 taona.mp3 (fileId=1546e40b-6702-4749-a12d-7a7d545dbfc5)
2026-07-01 16:36:34 INFO  [WatcherApp] Nouveau mp3 publié : Lendrema.mp3 (fileId=edaa91c9-9572-4afb-8a47-d42398b59ad4)
2026-07-01 16:36:34 INFO  [WatcherApp] Nouveau mp3 publié : 18 taona.mp3 (fileId=a1786694-b047-41c1-bd2d-2543fbcdf0e1)
2026-07-01 16:36:34 INFO  [WatcherApp] Nouveau mp3 publié : Lendrema.mp3 (fileId=05557a87-4968-4f3d-89a4-04246015ffb5)
2026-07-01 16:36:34 INFO  [WatcherApp] Nouveau mp3 publié : 18 taona.mp3 (fileId=863542a4-81f5-4561-a615-61067b4eae40)
2026-07-01 16:36:34 INFO  [WatcherApp] Nouveau mp3 publié : Lendrema.mp3 (fileId=0c7cd255-d7d2-4d29-86d7-2ed8a959f765)
2026-07-01 16:36:34 INFO  [WatcherApp] Nouveau mp3 publié : 18 taona.mp3 (fileId=27b5736a-ea84-493f-adfc-7719f2825fbf)
2026-07-01 16:36:34 INFO  [WatcherApp] Nouveau mp3 publié : Lendrema.mp3 (fileId=4e234a9e-13cb-40e2-aa91-09f90a38ec23)
2026-07-01 16:36:34 INFO  [WatcherApp] Nouveau mp3 publié : 18 taona.mp3 (fileId=73e9466c-3176-49c8-8178-cfd381941bdd)
2026-07-01 16:36:34 INFO  [WatcherApp] Nouveau mp3 publié : Lendrema.mp3 (fileId=94b70a0c-d5c3-4936-966c-c45e6318a3b5)
2026-07-01 16:36:34 INFO  [WatcherApp] Nouveau mp3 publié : 18 taona.mp3 (fileId=645ae7ac-e654-49cb-b988-8e8a78e54514)
2026-07-01 16:36:34 INFO  [WatcherApp] Nouveau mp3 publié : Lendrema.mp3 (fileId=40a387b7-5486-4964-9fdf-9df8bbda7a7d)
2026-07-01 16:36:34 INFO  [WatcherApp] Nouveau mp3 publié : 18 taona.mp3 (fileId=5a1bba07-d129-40f7-a4a9-ccede6ca53b9)
2026-07-01 16:36:34 INFO  [WatcherApp] Nouveau mp3 publié : Lendrema.mp3 (fileId=13ef214e-5168-4bb6-bd53-b34b72e62bff)
2026-07-01 16:36:34 INFO  [WatcherApp] Nouveau mp3 publié : 18 taona.mp3 (fileId=8c911d0d-2808-46f9-a107-b0dedb3872b8)
2026-07-01 16:36:34 INFO  [WatcherApp] Nouveau mp3 publié : Lendrema.mp3 (fileId=6243fc6e-75e5-42e9-9d6e-83f0e6143b94)
2026-07-01 16:36:34 INFO  [WatcherApp] Nouveau mp3 publié : 18 taona.mp3 (fileId=09810400-aa2b-4e79-8d46-97548d4b0552)
2026-07-01 16:36:34 INFO  [WatcherApp] Nouveau mp3 publié : Lendrema.mp3 (fileId=a94fcee1-8d1e-4213-b07d-51aa6d37e791)
2026-07-01 16:36:34 INFO  [WatcherApp] Nouveau mp3 publié : 18 taona.mp3 (fileId=9661d70e-b46c-430c-a2c6-181e7a39cf5b)
2026-07-01 16:36:34 INFO  [WatcherApp] Nouveau mp3 publié : Lendrema.mp3 (fileId=efe774aa-fe54-47c2-8fca-2c78a4bc38e8)
2026-07-01 16:36:34 INFO  [WatcherApp] Nouveau mp3 publié : 18 taona.mp3 (fileId=9cf4fe22-d1bb-438e-8dfb-3acffcf9d48e)
2026-07-01 16:36:34 INFO  [WatcherApp] Nouveau mp3 publié : Lendrema.mp3 (fileId=9c099f78-978c-44b7-b1cc-f786f825a991)
2026-07-01 16:36:34 INFO  [WatcherApp] Nouveau mp3 publié : 18 taona.mp3 (fileId=2cc91511-1035-43b9-acb2-94896a48b066)
2026-07-01 16:36:34 INFO  [WatcherApp] Nouveau mp3 publié : Lendrema.mp3 (fileId=ab6448dc-97e2-42fe-9c85-b24ae1368203)
2026-07-01 16:36:34 INFO  [WatcherApp] Nouveau mp3 publié : 18 taona.mp3 (fileId=11ae415d-9467-47b4-870c-5efc04ec7c9b)
2026-07-01 16:36:34 INFO  [WatcherApp] Nouveau mp3 publié : Lendrema.mp3 (fileId=de272496-8324-4a84-a988-bb23d99dcde0)
2026-07-01 16:36:34 INFO  [WatcherApp] Nouveau mp3 publié : 18 taona.mp3 (fileId=1871f72e-3146-4464-9161-545b6675f0e5)
2026-07-01 16:36:34 INFO  [WatcherApp] Nouveau mp3 publié : Lendrema.mp3 (fileId=39fefd08-2852-47bc-82a5-3c6a8ea9ba58)
2026-07-01 16:36:34 INFO  [WatcherApp] Nouveau mp3 publié : 18 taona.mp3 (fileId=fcc687cb-4454-49d3-abe3-0145d6557f4a)
2026-07-01 16:36:34 INFO  [WatcherApp] Nouveau mp3 publié : Lendrema.mp3 (fileId=2be17d2b-b2d4-46e2-aec8-d836d237a068)
2026-07-01 16:36:34 INFO  [WatcherApp] Nouveau mp3 publié : 18 taona.mp3 (fileId=de3de5f5-af88-4565-b447-0eb473003258)
2026-07-01 16:36:34 INFO  [WatcherApp] Nouveau mp3 publié : Lendrema.mp3 (fileId=74c2d23c-33a2-40d7-995d-783264069455)
2026-07-01 16:36:34 INFO  [WatcherApp] Nouveau mp3 publié : 18 taona.mp3 (fileId=ac7a15e8-6b48-4377-beaf-a0a609c37374)
2026-07-01 16:36:34 INFO  [WatcherApp] Nouveau mp3 publié : Lendrema.mp3 (fileId=42bee16f-904e-45b5-9ffe-518ebaa96b7a)
2026-07-01 16:36:34 INFO  [WatcherApp] Nouveau mp3 publié : 18 taona.mp3 (fileId=b35190cd-33f4-45e9-93d9-d9ce73010677)
2026-07-01 16:36:34 INFO  [WatcherApp] Nouveau mp3 publié : Lendrema.mp3 (fileId=b9e0253e-d647-4c48-8411-52316d124307)
2026-07-01 16:36:34 INFO  [WatcherApp] Nouveau mp3 publié : 18 taona.mp3 (fileId=cea93802-15e1-455a-9781-5787ffe763aa)
2026-07-01 16:36:34 INFO  [WatcherApp] Nouveau mp3 publié : Lendrema.mp3 (fileId=91efcbaf-36ad-44dc-9801-25f057f6098d)
2026-07-01 16:36:34 INFO  [WatcherApp] Nouveau mp3 publié : 18 taona.mp3 (fileId=4532e53e-6566-4411-8df5-36f79f6c3d79)
2026-07-01 16:36:34 INFO  [WatcherApp] Nouveau mp3 publié : Lendrema.mp3 (fileId=45e307ba-7ef9-484e-8858-db06b53131dd)
2026-07-01 16:36:34 INFO  [WatcherApp] Nouveau mp3 publié : 18 taona.mp3 (fileId=00b610e6-68c6-4da4-94a9-946ad46310f0)
2026-07-01 16:36:34 INFO  [WatcherApp] Nouveau mp3 publié : Lendrema.mp3 (fileId=6c03bfd5-2b33-470e-8df6-efeb567a305d)
2026-07-01 16:36:34 INFO  [WatcherApp] Nouveau mp3 publié : 18 taona.mp3 (fileId=b8f0337a-243b-42b6-8e33-4e12dc76db7d)
2026-07-01 16:36:34 INFO  [WatcherApp] Nouveau mp3 publié : Lendrema.mp3 (fileId=74d8ee18-1dd6-484f-9772-29ba5e64b3d9)
2026-07-01 16:36:34 INFO  [WatcherApp] Nouveau mp3 publié : 18 taona.mp3 (fileId=81e1af00-4c28-452e-861c-4a4fe760f2df)
2026-07-01 16:36:34 INFO  [WatcherApp] Nouveau mp3 publié : Lendrema.mp3 (fileId=af0b38f8-0834-449e-a79c-cf0b57b17b73)
2026-07-01 16:36:34 INFO  [WatcherApp] Nouveau mp3 publié : 18 taona.mp3 (fileId=af4f325b-c25d-454b-ad3b-ecf51b497142)
2026-07-01 16:36:34 INFO  [WatcherApp] Nouveau mp3 publié : Lendrema.mp3 (fileId=e74c12cf-aef5-4c0b-aa2b-6780447fa10f)
2026-07-01 16:36:34 INFO  [WatcherApp] Nouveau mp3 publié : 18 taona.mp3 (fileId=15374b0f-bd65-4765-8702-acc34caa3dc2)
2026-07-01 16:36:34 INFO  [WatcherApp] Nouveau mp3 publié : Lendrema.mp3 (fileId=0e97ddd2-0f78-4411-b418-86689ca5fe20)
2026-07-01 16:36:34 INFO  [WatcherApp] Nouveau mp3 publié : 18 taona.mp3 (fileId=e98ceb74-16a7-499b-bcb7-8d8ba989df92)
2026-07-01 16:36:34 INFO  [WatcherApp] Nouveau mp3 publié : Lendrema.mp3 (fileId=b915cf9b-cc09-44fd-a1f2-207f3a65f714)
2026-07-01 16:36:44 INFO  [WatcherApp] Nouveau mp3 publié : 18 taona.mp3 (fileId=3555f019-aab3-42e5-92e3-eb9095aacedc)
2026-07-01 16:36:44 INFO  [WatcherApp] Nouveau mp3 publié : Lendrema.mp3 (fileId=20632007-9092-4fd4-9d7c-f5e399e6f33a)
2026-07-01 16:36:54 INFO  [WatcherApp] Nouveau mp3 publié : 18 taona.mp3 (fileId=cb22e208-2754-4e99-b141-2b3771d81278)
2026-07-01 16:36:54 INFO  [WatcherApp] Nouveau mp3 publié : Lendrema.mp3 (fileId=d3d2e78e-e74f-45fa-9824-79d309290f1b)
